Date,1 Carat Commercial Index,0.5 Carat Commercial Index,0.3 Carat Commercial Index
2/08/2004,112.2,124.3,124
3/08/2004,112.2,124.3,124
4/08/2004,112.2,124.3,124
5/08/2004,112.2,124.3,124
6/08/2004,111.7,122.1,124
9/08/2004,111.7,122.1,124
10/08/2004,111.7,122.1,124
11/08/2004,111.7,122.1,124
12/08/2004,111.7,122.1,124
13/08/2004,111,124.2,125
16/08/2004,111,124.2,125
17/08/2004,111,124.2,125
18/08/2004,111,124.2,125
19/08/2004,111,124.2,125
20/08/2004,110.6,120.7,117.3
23/08/2004,110.6,120.7,117.3
24/08/2004,110.6,120.7,117.3
25/08/2004,110.6,120.7,117.3
26/08/2004,110.6,120.7,117.3
27/08/2004,116.7,119.6,125.8
30/08/2004,116.7,119.6,125.8
31/08/2004,116.7,119.6,125.8
1/09/2004,116.7,119.6,125.8
2/09/2004,116.7,119.6,125.8
3/09/2004,114,111.6,112.9
6/09/2004,114,111.6,112.9
7/09/2004,114,111.6,112.9
8/09/2004,114,111.6,112.9
9/09/2004,114,111.6,112.9
10/09/2004,115.5,124.1,124.7
13/09/2004,115.5,124.1,124.7
14/09/2004,115.5,124.1,124.7
15/09/2004,115.5,124.1,124.7
16/09/2004,115.5,124.1,124.7
17/09/2004,115.8,129.1,131.9
20/09/2004,115.8,129.1,131.9
21/09/2004,115.8,129.1,131.9
22/09/2004,115.8,129.1,131.9
23/09/2004,115.8,129.1,131.9
24/09/2004,118.2,115.9,114.7
27/09/2004,118.2,115.9,114.7
28/09/2004,118.2,115.9,114.7
29/09/2004,118.2,115.9,114.7
30/09/2004,118.2,115.9,114.7
1/10/2004,115.5,116.8,125
4/10/2004,115.5,116.8,125
5/10/2004,115.5,116.8,125
6/10/2004,115.5,116.8,125
7/10/2004,115.5,116.8,125
8/10/2004,116.3,125.8,121
11/10/2004,116.3,125.8,121
12/10/2004,116.3,125.8,121
13/10/2004,116.3,125.8,121
14/10/2004,116.3,125.8,121
15/10/2004,114.9,125.3,128.8
18/10/2004,114.9,125.3,128.8
19/10/2004,114.9,125.3,128.8
20/10/2004,114.9,125.3,128.8
21/10/2004,114.9,125.3,128.8
22/10/2004,115.1,119.6,119.2
25/10/2004,115.1,119.6,119.2
26/10/2004,115.1,119.6,119.2
27/10/2004,115.1,119.6,119.2
28/10/2004,115.1,119.6,119.2
29/10/2004,112.5,131.3,133.9
1/11/2004,112.5,131.3,133.9
2/11/2004,112.5,131.3,133.9
3/11/2004,112.5,131.3,133.9
4/11/2004,112.5,131.3,133.9
5/11/2004,110.7,128,137.8
8/11/2004,110.7,128,137.8
9/11/2004,110.7,128,137.8
10/11/2004,110.7,128,137.8
11/11/2004,110.7,128,137.8
12/11/2004,112.1,132.2,133.1
15/11/2004,112.1,132.2,133.1
16/11/2004,112.1,132.2,133.1
17/11/2004,112.1,132.2,133.1
18/11/2004,112.1,132.2,133.1
19/11/2004,120.6,123.2,129.4
22/11/2004,120.6,123.2,129.4
23/11/2004,120.6,123.2,129.4
24/11/2004,120.6,123.2,129.4
25/11/2004,120.6,123.2,129.4
26/11/2004,113.7,126.2,129.6
29/11/2004,113.7,126.2,129.6
30/11/2004,113.7,126.2,129.6
1/12/2004,113.7,126.2,129.6
2/12/2004,113.7,126.2,129.6
3/12/2004,114.3,113.7,135.1
6/12/2004,114.3,113.7,135.1
7/12/2004,114.3,113.7,135.1
8/12/2004,114.3,113.7,135.1
9/12/2004,114.3,113.7,135.1
10/12/2004,113.3,116.1,136.8
13/12/2004,113.3,116.1,136.8
14/12/2004,113.3,116.1,136.8
15/12/2004,113.3,116.1,136.8
16/12/2004,113.3,116.1,136.8
17/12/2004,117.6,120,134.8
20/12/2004,117.6,120,134.8
21/12/2004,117.6,120,134.8
22/12/2004,117.6,120,134.8
23/12/2004,117.6,120,134.8
24/12/2004,116.7,117.9,134.9
27/12/2004,116.7,117.9,134.9
28/12/2004,116.7,117.9,134.9
29/12/2004,116.7,117.9,134.9
30/12/2004,116.7,117.9,134.9
31/12/2004,117.3,118.1,141.6
3/01/2005,117.3,118.1,141.6
4/01/2005,117.3,118.1,141.6
5/01/2005,117.3,118.1,141.6
6/01/2005,117.3,118.1,141.6
7/01/2005,117,115.7,141.6
10/01/2005,117,115.7,141.6
11/01/2005,117,115.7,141.6
12/01/2005,117,115.7,141.6
13/01/2005,117,115.7,141.6
14/01/2005,112,124.4,129
17/01/2005,112,124.4,129
18/01/2005,112,124.4,129
19/01/2005,112,124.4,129
20/01/2005,112,124.4,129
21/01/2005,110.8,117.5,124.7
24/01/2005,110.8,117.5,124.7
25/01/2005,110.8,117.5,124.7
26/01/2005,110.8,117.5,124.7
27/01/2005,110.8,117.5,124.7
28/01/2005,111.7,113.8,121.5
31/01/2005,111.7,113.8,121.5
1/02/2005,111.7,113.8,121.5
2/02/2005,111.7,113.8,121.5
3/02/2005,111.7,113.8,121.5
4/02/2005,113,129.7,131.2
7/02/2005,113,129.7,131.2
8/02/2005,113,129.7,131.2
9/02/2005,113,129.7,131.2
10/02/2005,113,129.7,131.2
11/02/2005,115.7,121.1,117.6
14/02/2005,115.7,121.1,117.6
15/02/2005,115.7,121.1,117.6
16/02/2005,115.7,121.1,117.6
17/02/2005,115.7,121.1,117.6
18/02/2005,115.6,120.1,127.4
21/02/2005,115.6,120.1,127.4
22/02/2005,115.6,120.1,127.4
23/02/2005,115.6,120.1,127.4
24/02/2005,115.6,120.1,127.4
25/02/2005,117.7,114.7,124.6
28/02/2005,117.7,114.7,124.6
1/03/2005,117.7,114.7,124.6
2/03/2005,117.7,114.7,124.6
3/03/2005,117.7,114.7,124.6
4/03/2005,114.4,113.3,119.5
7/03/2005,114.4,113.3,119.5
8/03/2005,114.4,113.3,119.5
9/03/2005,114.4,113.3,119.5
10/03/2005,114.4,113.3,119.5
11/03/2005,116.8,128.4,123.7
14/03/2005,116.8,128.4,123.7
15/03/2005,116.8,128.4,123.7
16/03/2005,116.8,128.4,123.7
17/03/2005,116.8,128.4,123.7
18/03/2005,116.2,124.2,122
21/03/2005,116.2,124.2,122
22/03/2005,116.2,124.2,122
23/03/2005,116.2,124.2,122
24/03/2005,116.2,124.2,122
25/03/2005,110.9,122.8,120.9
28/03/2005,110.9,122.8,120.9
29/03/2005,110.9,122.8,120.9
30/03/2005,110.9,122.8,120.9
31/03/2005,110.9,122.8,120.9
1/04/2005,113.2,121,122.5
4/04/2005,113.2,121,122.5
5/04/2005,113.2,121,122.5
6/04/2005,113.2,121,122.5
7/04/2005,113.2,121,122.5
8/04/2005,116.9,129.5,126.8
11/04/2005,116.9,129.5,126.8
12/04/2005,116.9,129.5,126.8
13/04/2005,116.9,129.5,126.8
14/04/2005,116.9,129.5,126.8
15/04/2005,114.7,126.1,123
18/04/2005,114.7,126.1,123
19/04/2005,114.7,126.1,123
20/04/2005,114.7,126.1,123
21/04/2005,114.7,126.1,123
22/04/2005,109.2,134,139.9
25/04/2005,109.2,134,139.9
26/04/2005,109.2,134,139.9
27/04/2005,109.2,134,139.9
28/04/2005,109.2,134,139.9
29/04/2005,115.3,128.7,137.4
2/05/2005,115.3,128.7,137.4
3/05/2005,115.3,128.7,137.4
4/05/2005,115.3,128.7,137.4
5/05/2005,115.3,128.7,137.4
6/05/2005,118.4,119.3,115.2
9/05/2005,118.4,119.3,115.2
10/05/2005,118.4,119.3,115.2
11/05/2005,118.4,119.3,115.2
12/05/2005,118.4,119.3,115.2
13/05/2005,119.1,137.6,134.5
16/05/2005,119.1,137.6,134.5
17/05/2005,119.1,137.6,134.5
18/05/2005,119.1,137.6,134.5
19/05/2005,119.1,137.6,134.5
20/05/2005,114.2,127.5,136.3
23/05/2005,114.2,127.5,136.3
24/05/2005,114.2,127.5,136.3
25/05/2005,114.2,127.5,136.3
26/05/2005,114.2,127.5,136.3
27/05/2005,119.4,127.5,131.8
30/05/2005,119.4,127.5,131.8
31/05/2005,119.4,127.5,131.8
1/06/2005,119.4,127.5,131.8
2/06/2005,119.4,127.5,131.8
3/06/2005,124,124.5,126.4
6/06/2005,124,124.5,126.4
7/06/2005,124,124.5,126.4
8/06/2005,124,124.5,126.4
9/06/2005,124,124.5,126.4
10/06/2005,124.7,122.7,125.8
13/06/2005,124.7,122.7,125.8
14/06/2005,124.7,122.7,125.8
15/06/2005,124.7,122.7,125.8
16/06/2005,124.7,122.7,125.8
17/06/2005,116.4,134.8,133.1
20/06/2005,116.4,134.8,133.1
21/06/2005,116.4,134.8,133.1
22/06/2005,116.4,134.8,133.1
23/06/2005,116.4,134.8,133.1
24/06/2005,107,119.6,115.7
27/06/2005,107,119.6,115.7
28/06/2005,107,119.6,115.7
29/06/2005,107,119.6,115.7
30/06/2005,107,119.6,115.7
1/07/2005,115.5,124.8,122.3
4/07/2005,115.5,124.8,122.3
5/07/2005,115.5,124.8,122.3
6/07/2005,115.5,124.8,122.3
7/07/2005,115.5,124.8,122.3
8/07/2005,119.1,121.9,124.4
11/07/2005,119.1,121.9,124.4
12/07/2005,119.1,121.9,124.4
13/07/2005,119.1,121.9,124.4
14/07/2005,119.1,121.9,124.4
15/07/2005,118.9,121.3,138.5
18/07/2005,118.9,121.3,138.5
19/07/2005,118.9,121.3,138.5
20/07/2005,118.9,121.3,138.5
21/07/2005,118.9,121.3,138.5
22/07/2005,119.1,124.9,125.7
25/07/2005,119.1,124.9,125.7
26/07/2005,119.1,124.9,125.7
27/07/2005,119.1,124.9,125.7
28/07/2005,119.1,124.9,125.7
29/07/2005,118.6,123.9,125.4
1/08/2005,118.6,123.9,125.4
2/08/2005,118.6,123.9,125.4
3/08/2005,118.6,123.9,125.4
4/08/2005,118.6,123.9,125.4
5/08/2005,120.5,122.8,142.2
8/08/2005,120.5,122.8,142.2
9/08/2005,120.5,122.8,142.2
10/08/2005,120.5,122.8,142.2
11/08/2005,120.5,122.8,142.2
12/08/2005,117.2,120.5,134.6
15/08/2005,117.2,120.5,134.6
16/08/2005,117.2,120.5,134.6
17/08/2005,117.2,120.5,134.6
18/08/2005,117.2,120.5,134.6
19/08/2005,118.1,119.9,134.6
22/08/2005,118.1,119.9,134.6
23/08/2005,118.1,119.9,134.6
24/08/2005,118.1,119.9,134.6
25/08/2005,118.1,119.9,134.6
26/08/2005,127.8,117.8,133.3
29/08/2005,127.8,117.8,133.3
30/08/2005,127.8,117.8,133.3
31/08/2005,127.8,117.8,133.3
1/09/2005,127.8,117.8,133.3
2/09/2005,116,123.4,119.6
5/09/2005,116,123.4,119.6
6/09/2005,116,123.4,119.6
7/09/2005,116,123.4,119.6
8/09/2005,116,123.4,119.6
9/09/2005,121.8,127.2,132.9
12/09/2005,121.8,127.2,132.9
13/09/2005,121.8,127.2,132.9
14/09/2005,121.8,127.2,132.9
15/09/2005,121.8,127.2,132.9
16/09/2005,121.6,118.1,126.2
19/09/2005,121.6,118.1,126.2
20/09/2005,121.6,118.1,126.2
21/09/2005,121.6,118.1,126.2
22/09/2005,121.6,118.1,126.2
23/09/2005,124,123.3,124.6
26/09/2005,124,123.3,124.6
27/09/2005,124,123.3,124.6
28/09/2005,124,123.3,124.6
29/09/2005,124,123.3,124.6
30/09/2005,104.8,125.2,124.7
3/10/2005,104.8,125.2,124.7
4/10/2005,104.8,125.2,124.7
5/10/2005,104.8,125.2,124.7
6/10/2005,104.8,125.2,124.7
7/10/2005,123.3,115.1,124.2
10/10/2005,123.3,115.1,124.2
11/10/2005,123.3,115.1,124.2
12/10/2005,123.3,115.1,124.2
13/10/2005,123.3,115.1,124.2
14/10/2005,124.6,122.1,123.9
17/10/2005,124.6,122.1,123.9
18/10/2005,124.6,122.1,123.9
19/10/2005,124.6,122.1,123.9
20/10/2005,124.6,122.1,123.9
21/10/2005,127.6,125.6,126.4
24/10/2005,127.6,125.6,126.4
25/10/2005,127.6,125.6,126.4
26/10/2005,127.6,125.6,126.4
27/10/2005,127.6,125.6,126.4
28/10/2005,123.6,125.9,138.6
31/10/2005,123.6,125.9,138.6
1/11/2005,123.6,125.9,138.6
2/11/2005,123.6,125.9,138.6
3/11/2005,123.6,125.9,138.6
4/11/2005,118.1,121.2,132.7
7/11/2005,118.1,121.2,132.7
8/11/2005,118.1,121.2,132.7
9/11/2005,118.1,121.2,132.7
10/11/2005,118.1,121.2,132.7
11/11/2005,124.6,125.4,135.6
14/11/2005,124.6,125.4,135.6
15/11/2005,124.6,125.4,135.6
16/11/2005,124.6,125.4,135.6
17/11/2005,124.6,125.4,135.6
18/11/2005,122.4,125.2,136.5
21/11/2005,122.4,125.2,136.5
22/11/2005,122.4,125.2,136.5
23/11/2005,122.4,125.2,136.5
24/11/2005,122.4,125.2,136.5
25/11/2005,125.5,116.9,121.1
28/11/2005,125.5,116.9,121.1
29/11/2005,125.5,116.9,121.1
30/11/2005,125.5,116.9,121.1
1/12/2005,125.5,116.9,121.1
2/12/2005,125.5,117.1,132.1
5/12/2005,125.5,117.1,132.1
6/12/2005,125.5,117.1,132.1
7/12/2005,125.5,117.1,132.1
8/12/2005,125.5,117.1,132.1
9/12/2005,127.2,120.5,126.2
12/12/2005,127.2,120.5,126.2
13/12/2005,127.2,120.5,126.2
14/12/2005,127.2,120.5,126.2
15/12/2005,127.2,120.5,126.2
16/12/2005,124.5,121.7,143
19/12/2005,124.5,121.7,143
20/12/2005,124.5,121.7,143
21/12/2005,124.5,121.7,143
22/12/2005,124.5,121.7,143
23/12/2005,108.9,121.5,133.3
26/12/2005,108.9,121.5,133.3
27/12/2005,108.9,121.5,133.3
28/12/2005,108.9,121.5,133.3
29/12/2005,108.9,121.5,133.3
30/12/2005,115,121.5,143.1
2/01/2006,115,121.5,143.1
3/01/2006,115,121.5,143.1
4/01/2006,115,121.5,143.1
5/01/2006,115,121.5,143.1
6/01/2006,111.3,120.3,143.1
9/01/2006,111.3,120.3,143.1
10/01/2006,111.3,120.3,143.1
11/01/2006,111.3,120.3,143.1
12/01/2006,111.3,120.3,143.1
13/01/2006,116.4,120.6,136.6
16/01/2006,116.4,120.6,136.6
17/01/2006,116.4,120.6,136.6
18/01/2006,116.4,120.6,136.6
19/01/2006,116.4,120.6,136.6
20/01/2006,122.7,129.5,134.5
23/01/2006,122.7,129.5,134.5
24/01/2006,122.7,129.5,134.5
25/01/2006,122.7,129.5,134.5
26/01/2006,122.7,129.5,134.5
27/01/2006,125.2,125.5,132.4
30/01/2006,125.2,125.5,132.4
31/01/2006,125.2,125.5,132.4
1/02/2006,125.2,125.5,132.4
2/02/2006,125.2,125.5,132.4
3/02/2006,124.7,119.6,119.9
6/02/2006,124.7,119.6,119.9
7/02/2006,124.7,119.6,119.9
8/02/2006,124.7,119.6,119.9
9/02/2006,124.7,119.6,119.9
10/02/2006,117.9,123.7,133.9
13/02/2006,117.9,123.7,133.9
14/02/2006,117.9,123.7,133.9
15/02/2006,117.9,123.7,133.9
16/02/2006,117.9,123.7,133.9
17/02/2006,129.7,127,132.4
20/02/2006,129.7,127,132.4
21/02/2006,129.7,127,132.4
22/02/2006,129.7,127,132.4
23/02/2006,129.7,127,132.4
24/02/2006,121.6,120.9,126.6
27/02/2006,121.6,120.9,126.6
28/02/2006,121.6,120.9,126.6
1/03/2006,121.6,120.9,126.6
2/03/2006,121.6,120.9,126.6
3/03/2006,119.4,119.6,126.4
6/03/2006,119.4,119.6,126.4
7/03/2006,119.4,119.6,126.4
8/03/2006,119.4,119.6,126.4
9/03/2006,119.4,119.6,126.4
10/03/2006,122.6,123,136
13/03/2006,122.6,123,136
14/03/2006,122.6,123,136
15/03/2006,122.6,123,136
16/03/2006,122.6,123,136
17/03/2006,122.6,119.5,132.9
20/03/2006,122.6,119.5,132.9
21/03/2006,122.6,119.5,132.9
22/03/2006,122.6,119.5,132.9
23/03/2006,122.6,119.5,132.9
24/03/2006,124.3,119.3,122.7
27/03/2006,124.3,119.3,122.7
28/03/2006,124.3,119.3,122.7
29/03/2006,124.3,119.3,122.7
30/03/2006,124.3,119.3,122.7
31/03/2006,126.4,118.2,123.6
3/04/2006,126.4,118.2,123.6
4/04/2006,126.4,118.2,123.6
5/04/2006,126.4,118.2,123.6
6/04/2006,126.4,118.2,123.6
7/04/2006,121.8,117.7,133.4
10/04/2006,121.8,117.7,133.4
11/04/2006,121.8,117.7,133.4
12/04/2006,121.8,117.7,133.4
13/04/2006,121.8,117.7,133.4
14/04/2006,127.6,118.1,128.6
17/04/2006,127.6,118.1,128.6
18/04/2006,127.6,118.1,128.6
19/04/2006,127.6,118.1,128.6
20/04/2006,127.6,118.1,128.6
21/04/2006,119.2,119.7,125.5
24/04/2006,119.2,119.7,125.5
25/04/2006,119.2,119.7,125.5
26/04/2006,119.2,119.7,125.5
27/04/2006,119.2,119.7,125.5
28/04/2006,121.1,116.1,118.4
1/05/2006,121.1,116.1,118.4
2/05/2006,121.1,116.1,118.4
3/05/2006,121.1,116.1,118.4
4/05/2006,121.1,116.1,118.4
5/05/2006,124.3,124.3,125.5
8/05/2006,124.3,124.3,125.5
9/05/2006,124.3,124.3,125.5
10/05/2006,124.3,124.3,125.5
11/05/2006,124.3,124.3,125.5
12/05/2006,126.7,123,129
15/05/2006,126.7,123,129
16/05/2006,126.7,123,129
17/05/2006,126.7,123,129
18/05/2006,126.7,123,129
19/05/2006,132.1,117.8,123.8
22/05/2006,132.1,117.8,123.8
23/05/2006,132.1,117.8,123.8
24/05/2006,132.1,117.8,123.8
25/05/2006,132.1,117.8,123.8
26/05/2006,129.7,120.7,124.7
29/05/2006,129.7,120.7,124.7
30/05/2006,129.7,120.7,124.7
31/05/2006,129.7,120.7,124.7
1/06/2006,129.7,120.7,124.7
2/06/2006,122.8,118.9,123.6
5/06/2006,122.8,118.9,123.6
6/06/2006,122.8,118.9,123.6
7/06/2006,122.8,118.9,123.6
8/06/2006,122.8,118.9,123.6
9/06/2006,123.1,118.5,135.1
12/06/2006,123.1,118.5,135.1
13/06/2006,123.1,118.5,135.1
14/06/2006,123.1,118.5,135.1
15/06/2006,123.1,118.5,135.1
16/06/2006,119.8,122.4,124.7
19/06/2006,119.8,122.4,124.7
20/06/2006,119.8,122.4,124.7
21/06/2006,119.8,122.4,124.7
22/06/2006,119.8,122.4,124.7
23/06/2006,120.9,116.2,111.8
26/06/2006,120.9,116.2,111.8
27/06/2006,120.9,116.2,111.8
28/06/2006,120.9,116.2,111.8
29/06/2006,120.9,116.2,111.8
30/06/2006,121.2,123.5,119.9
3/07/2006,121.2,123.5,119.9
4/07/2006,121.2,123.5,119.9
5/07/2006,121.2,123.5,119.9
6/07/2006,121.2,123.5,119.9
7/07/2006,118,114.2,119.5
10/07/2006,118,114.2,119.5
11/07/2006,118,114.2,119.5
12/07/2006,118,114.2,119.5
13/07/2006,118,114.2,119.5
14/07/2006,117.2,118,122.3
17/07/2006,117.2,118,122.3
18/07/2006,117.2,118,122.3
19/07/2006,117.2,118,122.3
20/07/2006,117.2,118,122.3
21/07/2006,127.9,118.6,120.9
24/07/2006,127.9,118.6,120.9
25/07/2006,127.9,118.6,120.9
26/07/2006,127.9,118.6,120.9
27/07/2006,127.9,118.6,120.9
28/07/2006,116.4,119.2,122.3
31/07/2006,116.4,119.2,122.3
1/08/2006,116.4,119.2,122.3
2/08/2006,116.4,119.2,122.3
3/08/2006,116.4,119.2,122.3
4/08/2006,123.6,109.7,121.1
7/08/2006,123.6,109.7,121.1
8/08/2006,123.6,109.7,121.1
9/08/2006,123.6,109.7,121.1
10/08/2006,123.6,109.7,121.1
11/08/2006,112.4,113.6,128.2
14/08/2006,112.4,113.6,128.2
15/08/2006,112.4,113.6,128.2
16/08/2006,112.4,113.6,128.2
17/08/2006,112.4,113.6,128.2
18/08/2006,114.9,111.7,127.6
21/08/2006,114.9,111.7,127.6
22/08/2006,114.9,111.7,127.6
23/08/2006,114.9,111.7,127.6
24/08/2006,114.9,111.7,127.6
25/08/2006,131.6,118.4,124.6
28/08/2006,131.6,118.4,124.6
29/08/2006,131.6,118.4,124.6
30/08/2006,131.6,118.4,124.6
31/08/2006,131.6,118.4,124.6
1/09/2006,116.8,120.2,129
4/09/2006,116.8,120.2,129
5/09/2006,116.8,120.2,129
6/09/2006,116.8,120.2,129
7/09/2006,116.8,120.2,129
8/09/2006,120.7,114,129.2
11/09/2006,120.7,114,129.2
12/09/2006,120.7,114,129.2
13/09/2006,120.7,114,129.2
14/09/2006,120.7,114,129.2
15/09/2006,123.9,124.5,126.8
18/09/2006,123.9,124.5,126.8
19/09/2006,123.9,124.5,126.8
20/09/2006,123.9,124.5,126.8
21/09/2006,123.9,124.5,126.8
22/09/2006,118.7,119.9,129.5
25/09/2006,118.7,119.9,129.5
26/09/2006,118.7,119.9,129.5
27/09/2006,118.7,119.9,129.5
28/09/2006,118.7,119.9,129.5
29/09/2006,125.5,123.8,127
2/10/2006,125.5,123.8,127
3/10/2006,125.5,123.8,127
4/10/2006,125.5,123.8,127
5/10/2006,125.5,123.8,127
6/10/2006,121.6,118.7,131.3
9/10/2006,121.6,118.7,131.3
10/10/2006,121.6,118.7,131.3
11/10/2006,121.6,118.7,131.3
12/10/2006,121.6,118.7,131.3
13/10/2006,129.8,123.1,125.3
16/10/2006,129.8,123.1,125.3
17/10/2006,129.8,123.1,125.3
18/10/2006,129.8,123.1,125.3
19/10/2006,129.8,123.1,125.3
20/10/2006,123.1,124,131.9
23/10/2006,123.1,124,131.9
24/10/2006,123.1,124,131.9
25/10/2006,123.1,124,131.9
26/10/2006,123.1,124,131.9
27/10/2006,122.7,126.1,137.5
30/10/2006,122.7,126.1,137.5
31/10/2006,122.7,126.1,137.5
1/11/2006,122.7,126.1,137.5
2/11/2006,122.7,126.1,137.5
3/11/2006,122.1,127.2,141.1
6/11/2006,122.1,127.2,141.1
7/11/2006,122.1,127.2,141.1
8/11/2006,122.1,127.2,141.1
9/11/2006,122.1,127.2,141.1
10/11/2006,126,120.8,124.1
13/11/2006,126,120.8,124.1
14/11/2006,126,120.8,124.1
15/11/2006,126,120.8,124.1
16/11/2006,126,120.8,124.1
17/11/2006,119.5,114.7,124.6
20/11/2006,119.5,114.7,124.6
21/11/2006,119.5,114.7,124.6
22/11/2006,119.5,114.7,124.6
23/11/2006,119.5,114.7,124.6
24/11/2006,125.1,114.5,118.8
27/11/2006,125.1,114.5,118.8
28/11/2006,125.1,114.5,118.8
29/11/2006,125.1,114.5,118.8
30/11/2006,125.1,114.5,118.8
1/12/2006,127,119.4,126.8
4/12/2006,127,119.4,126.8
5/12/2006,127,119.4,126.8
6/12/2006,127,119.4,126.8
7/12/2006,127,119.4,126.8
8/12/2006,130.9,117.6,132.9
11/12/2006,130.9,117.6,132.9
12/12/2006,130.9,117.6,132.9
13/12/2006,130.9,117.6,132.9
14/12/2006,130.9,117.6,132.9
15/12/2006,122.1,118.2,127.9
18/12/2006,122.1,118.2,127.9
19/12/2006,122.1,118.2,127.9
20/12/2006,122.1,118.2,127.9
21/12/2006,122.1,118.2,127.9
22/12/2006,125.6,115.1,131.8
25/12/2006,125.6,115.1,131.8
26/12/2006,125.6,115.1,131.8
27/12/2006,125.6,115.1,131.8
28/12/2006,125.6,115.1,131.8
29/12/2006,115.8,117.5,140.4
1/01/2007,115.8,117.5,140.4
2/01/2007,115.8,117.5,140.4
3/01/2007,115.8,117.5,140.4
4/01/2007,115.8,117.5,140.4
5/01/2007,125.5,117.4,137.3
8/01/2007,125.5,117.4,137.3
9/01/2007,125.5,117.4,137.3
10/01/2007,125.5,117.4,137.3
11/01/2007,125.5,117.4,137.3
12/01/2007,123.7,121.8,132.3
15/01/2007,123.7,121.8,132.3
16/01/2007,123.7,121.8,132.3
17/01/2007,123.7,121.8,132.3
18/01/2007,123.7,121.8,132.3
19/01/2007,123.3,114.5,123.8
22/01/2007,123.3,114.5,123.8
23/01/2007,123.3,114.5,123.8
24/01/2007,123.3,114.5,123.8
25/01/2007,123.3,114.5,123.8
26/01/2007,125,120.1,122.4
29/01/2007,125,120.1,122.4
30/01/2007,125,120.1,122.4
31/01/2007,125,120.1,122.4
1/02/2007,125,120.1,122.4
2/02/2007,119.8,117.3,124
5/02/2007,119.8,117.3,124
6/02/2007,119.8,117.3,124
7/02/2007,119.8,117.3,124
8/02/2007,119.8,117.3,124
9/02/2007,124.8,120.5,134.6
12/02/2007,124.8,120.5,134.6
13/02/2007,124.8,120.5,134.6
14/02/2007,124.8,120.5,134.6
15/02/2007,124.8,120.5,134.6
16/02/2007,117.8,105.4,125.9
19/02/2007,117.8,105.4,125.9
20/02/2007,117.8,105.4,125.9
21/02/2007,117.8,105.4,125.9
22/02/2007,117.8,105.4,125.9
23/02/2007,121.8,112.8,121.6
26/02/2007,121.8,112.8,121.6
27/02/2007,121.8,112.8,121.6
28/02/2007,121.8,112.8,121.6
1/03/2007,121.8,112.8,121.6
2/03/2007,125.1,112.2,124.8
5/03/2007,125.1,112.2,124.8
6/03/2007,125.1,112.2,124.8
7/03/2007,125.1,112.2,124.8
8/03/2007,125.1,112.2,124.8
9/03/2007,122.3,118.8,127.7
12/03/2007,122.3,118.8,127.7
13/03/2007,122.3,118.8,127.7
14/03/2007,122.3,118.8,127.7
15/03/2007,122.3,118.8,127.7
16/03/2007,116,112.9,139.1
19/03/2007,116,112.9,139.1
20/03/2007,116,112.9,139.1
21/03/2007,116,112.9,139.1
22/03/2007,116,112.9,139.1
23/03/2007,125.6,122.3,134.6
26/03/2007,125.6,122.3,134.6
27/03/2007,125.6,122.3,134.6
28/03/2007,125.6,122.3,134.6
29/03/2007,125.6,122.3,134.6
30/03/2007,120,113.9,129.7
2/04/2007,120,113.9,129.7
3/04/2007,120,113.9,129.7
4/04/2007,120,113.9,129.7
5/04/2007,120,113.9,129.7
6/04/2007,130.7,125.2,132
9/04/2007,130.7,125.2,132
10/04/2007,130.7,125.2,132
11/04/2007,130.7,125.2,132
12/04/2007,130.7,125.2,132
13/04/2007,119.5,121,135.8
16/04/2007,119.5,121,135.8
17/04/2007,119.5,121,135.8
18/04/2007,119.5,121,135.8
19/04/2007,119.5,121,135.8
20/04/2007,131,123.3,133.5
23/04/2007,131,123.3,133.5
24/04/2007,131,123.3,133.5
25/04/2007,131,123.3,133.5
26/04/2007,131,123.3,133.5
27/04/2007,121.9,123.3,132.3
30/04/2007,121.9,123.3,132.3
1/05/2007,121.9,123.3,132.3
2/05/2007,121.9,123.3,132.3
3/05/2007,121.9,123.3,132.3
4/05/2007,120,116.5,130.6
7/05/2007,120,116.5,130.6
8/05/2007,120,116.5,130.6
9/05/2007,120,116.5,130.6
10/05/2007,120,116.5,130.6
11/05/2007,124.9,124,133.2
14/05/2007,124.9,124,133.2
15/05/2007,124.9,124,133.2
16/05/2007,124.9,124,133.2
17/05/2007,124.9,124,133.2
18/05/2007,128.3,125,130
21/05/2007,128.3,125,130
22/05/2007,128.3,125,130
23/05/2007,128.3,125,130
24/05/2007,128.3,125,130
25/05/2007,128.1,120,128.3
28/05/2007,127.7,118.7,128.1
29/05/2007,126.5,119.1,128.1
30/05/2007,129.7,119,127.2
31/05/2007,116.6,117.2,127.3
1/06/2007,127.6,120.9,132.6
4/06/2007,129.3,117.4,131.4
5/06/2007,120.8,117.4,131.2
6/06/2007,125.4,117.5,131.2
7/06/2007,130.2,120.6,138.9
8/06/2007,133.1,119.5,138.9
11/06/2007,122.4,119.5,133.7
12/06/2007,120,118.2,132.3
13/06/2007,125.8,118.4,132.3
14/06/2007,121.7,118.2,129.6
15/06/2007,126.7,117.2,127.2
18/06/2007,125.8,116.5,130
19/06/2007,124.8,114.9,130.7
20/06/2007,131.7,114.8,130.7
21/06/2007,119.9,114.6,130.5
22/06/2007,119,113.8,128.9
25/06/2007,123.1,113.7,128.6
26/06/2007,125.3,115.1,133.8
27/06/2007,122.6,112.7,133.8
28/06/2007,124.5,116.7,134
29/06/2007,119.3,114.9,134
2/07/2007,131.9,118.1,130.1
3/07/2007,122.8,117.4,134.7
4/07/2007,124.4,116.6,134.2
5/07/2007,124,116.3,132.6
6/07/2007,126.8,124.9,137.5
9/07/2007,129.1,125.6,139.7
10/07/2007,128.8,125.6,139.7
11/07/2007,128.4,123.8,139.7
12/07/2007,131.2,123.5,138.7
13/07/2007,122.5,120.7,134.8
16/07/2007,121.8,117.5,134.3
17/07/2007,128.8,115,133.2
18/07/2007,124,117.1,142.5
19/07/2007,128.6,115.1,141.8
20/07/2007,117,121.3,132.4
23/07/2007,131.3,120.6,132.4
24/07/2007,126.4,121.2,132.4
25/07/2007,128.2,118.2,132.4
26/07/2007,126.4,115.6,129.1
27/07/2007,125.4,120.6,128.7
30/07/2007,121.2,122,134.2
31/07/2007,128.1,122,134.2
1/08/2007,130.4,122,134.2
2/08/2007,121,120.6,135.5
3/08/2007,120.4,118.3,135.5
6/08/2007,120.1,121.3,137.6
7/08/2007,117.5,117.3,133.8
8/08/2007,119.4,117.3,133.8
9/08/2007,119.8,117.3,133.8
10/08/2007,119,117.7,132.6
13/08/2007,119.7,117.7,132.6
14/08/2007,121.2,119.7,132.9
15/08/2007,121.2,119.7,132.9
16/08/2007,125.3,120.5,134.5
17/08/2007,118.1,119.2,129.2
20/08/2007,118.5,118.7,129.2
21/08/2007,119.5,118.6,127.7
22/08/2007,123,119.2,127.4
23/08/2007,119.5,119.1,126.6
24/08/2007,119.5,119.1,126.6
27/08/2007,114.7,119.9,129.6
28/08/2007,125.4,118.6,129.1
29/08/2007,125.4,118.6,128.1
30/08/2007,120.6,118.6,126.8
31/08/2007,122.5,123.7,134.2
3/09/2007,121.2,123.2,134.2
4/09/2007,120.6,119.2,134.2
5/09/2007,121.4,121.1,134.1
6/09/2007,118.2,123,136.4
7/09/2007,119.4,124.5,135.2
10/09/2007,124,123.5,135.2
11/09/2007,124.5,122.9,135
12/09/2007,121.6,122.5,135
13/09/2007,127,122.5,135
14/09/2007,124.8,124.4,131.3
17/09/2007,118.7,122.4,133.4
18/09/2007,122.5,120.8,132.9
19/09/2007,123,121.2,133.1
20/09/2007,118.2,120.7,133.1
21/09/2007,120.6,121.9,137.7
24/09/2007,125.3,119,140.2
25/09/2007,121.8,114.3,139.1
26/09/2007,123.3,114.5,139.1
27/09/2007,121.6,113.2,139.1
28/09/2007,116.7,112.5,137.1
1/10/2007,116.7,115.2,140.1
2/10/2007,114.2,115.4,137.5
3/10/2007,110.7,115.3,136
4/10/2007,122,114.8,129.9
5/10/2007,114.3,115,132.8
8/10/2007,115.5,113.7,139.4
9/10/2007,118.8,113.4,142.8
10/10/2007,121.6,113.7,136.5
11/10/2007,121.3,115.6,136.5
12/10/2007,122.4,112.8,137.7
15/10/2007,118.9,122.3,135.7
16/10/2007,121.7,119.9,135.7
17/10/2007,123.2,121.3,137.4
18/10/2007,121.3,122.2,141.4
19/10/2007,119.9,120.9,138
22/10/2007,112.1,120.8,136.5
23/10/2007,114.4,122.2,136.5
24/10/2007,115.5,119.9,136.5
25/10/2007,131.5,123,136.9
26/10/2007,122.7,117.9,129.7
29/10/2007,119.3,117,129.1
30/10/2007,113.5,118.3,128.5
31/10/2007,118.2,117.3,128.1
1/11/2007,117.4,116.2,127.1
2/11/2007,119.6,115.7,131
5/11/2007,112.7,110.6,136.2
6/11/2007,117.5,116.2,136.8
7/11/2007,117.4,115.4,136.8
8/11/2007,116.5,115.4,135.3
9/11/2007,124.9,120.1,136.8
12/11/2007,123.7,120.1,136.8
13/11/2007,125.3,120.1,136.8
14/11/2007,118.9,120.1,136.8
15/11/2007,118.8,120.3,136.5
16/11/2007,122.7,124.6,136.2
19/11/2007,123.3,124.6,136.2
20/11/2007,121,124.6,135.6
21/11/2007,121.8,124.6,135.6
22/11/2007,127.3,128.5,136
23/11/2007,120.4,121.3,125.3
26/11/2007,124.9,120.7,130.9
27/11/2007,124.9,120.7,130.9
28/11/2007,122,120.6,132.4
29/11/2007,120.3,120,132
30/11/2007,119.4,121.3,126.4
3/12/2007,124.6,120.9,127.2
4/12/2007,124.2,118.7,127.2
5/12/2007,125,121.2,127.2
6/12/2007,123.6,118.8,127.2
7/12/2007,119.5,116.6,130.1
10/12/2007,121.1,116.9,130.1
11/12/2007,122.6,118.3,130.1
12/12/2007,121,116.5,126.8
13/12/2007,120.2,117.2,128
14/12/2007,122.6,118.5,128
17/12/2007,124.6,120.9,127.2
18/12/2007,124.2,118.7,127.2
19/12/2007,125,121.2,127.2
20/12/2007,123.6,118.8,127.2
21/12/2007,119.5,116.6,130.1
24/12/2007,121.1,116.9,130.1
25/12/2007,122.6,118.3,130.1
26/12/2007,121,116.5,126.8
27/12/2007,120.2,117.2,128
28/12/2007,122.6,118.5,128
31/12/2007,123.7,118.5,128
1/01/2008,124.1,118.5,128
2/01/2008,125,119.2,128
3/01/2008,124.6,119,128
4/01/2008,118.5,119.5,133
7/01/2008,119.7,117.4,133
8/01/2008,120.5,117.6,133
9/01/2008,116.4,117.3,133
10/01/2008,119.7,116.9,133
11/01/2008,119.2,117.3,129.5
14/01/2008,122.5,120.3,131
15/01/2008,122.3,120.4,131.1
16/01/2008,124.4,119.7,129.1
17/01/2008,127.4,119.8,133.2
18/01/2008,126.3,123.5,135
21/01/2008,125.5,123.1,135
22/01/2008,125,123.7,135
23/01/2008,125.1,123,135.2
24/01/2008,124.7,123,134.6
25/01/2008,122.6,123,134.6
28/01/2008,119.4,126.2,132.8
29/01/2008,119,126.4,133.3
30/01/2008,120.4,126.8,133.3
31/01/2008,119.2,124.6,129.5
1/02/2008,129.9,124.6,132.6
4/02/2008,131.7,125.4,136.9
5/02/2008,129.8,123,136.9
6/02/2008,135,123,136.9
7/02/2008,123.7,122,136.9
8/02/2008,127.5,124.4,134.7
11/02/2008,128.8,121.6,132.6
12/02/2008,133.4,123.8,132.6
13/02/2008,129.7,123.4,132.6
14/02/2008,133.3,123.4,132.6
15/02/2008,127.9,120.2,130.5
18/02/2008,122.1,119.8,131.9
19/02/2008,131.5,119.6,131.6
20/02/2008,128.7,119.6,131.6
21/02/2008,130.4,120.5,131.6
22/02/2008,123.4,123.3,133.7
25/02/2008,124,119.4,133.7
26/02/2008,123.1,119.9,132.9
27/02/2008,123.6,122.8,134.5
28/02/2008,125.6,122.8,134.5
29/02/2008,120.7,123.3,132.7
3/03/2008,120.2,123.7,132.7
4/03/2008,116.5,119.5,132.4
5/03/2008,117.4,119.1,132.4
6/03/2008,119.9,118.5,129.8
7/03/2008,126.8,122.9,136.5
10/03/2008,123.5,117.5,131.5
11/03/2008,126.3,116.8,131.3
12/03/2008,126.3,117,131.3
13/03/2008,125,117,131.3
14/03/2008,129.6,117.8,131.3
17/03/2008,133,117.8,131.3
18/03/2008,125.7,118.2,131.3
19/03/2008,127.4,117.4,131.3
20/03/2008,123.9,117.4,131.3
21/03/2008,124.1,129,131.7
24/03/2008,124.8,126,130.3
25/03/2008,128.4,121.5,129.8
26/03/2008,126.7,121.9,129.7
27/03/2008,125.3,125.6,135.9
28/03/2008,131,128.9,135
31/03/2008,126.5,128.2,135
1/04/2008,118.4,130.3,135
2/04/2008,124.2,129.5,135
3/04/2008,128.5,129.5,135
4/04/2008,122,128.5,133.7
7/04/2008,124.9,121.8,132.8
8/04/2008,123.6,121.8,132.9
9/04/2008,123.9,121.8,132.9
10/04/2008,127.7,121.8,132.9
11/04/2008,127.2,125.1,129.8
14/04/2008,122,125.3,127.5
15/04/2008,114.7,126.9,129.3
16/04/2008,120.6,126.9,129.4
17/04/2008,127.6,127.9,133.4
18/04/2008,125.7,128.4,131.9
21/04/2008,124.6,127.9,130.2
22/04/2008,125.2,129.1,131.1
23/04/2008,124.6,127.8,131.1
24/04/2008,126.3,128.4,131.1
25/04/2008,121.3,126.1,131.7
28/04/2008,123.8,126.1,129.9
29/04/2008,116.2,126.5,129.4
30/04/2008,119.1,126.3,129.4
1/05/2008,118.7,123.9,133.7
2/05/2008,122.4,120.2,136.5
5/05/2008,121.6,120.2,136.5
6/05/2008,122.1,120.2,136.5
7/05/2008,124.5,119.8,133.3
8/05/2008,128.6,120.4,135
9/05/2008,110.3,125.6,133.5
12/05/2008,110.8,125.6,133.5
13/05/2008,125,124.8,135.9
14/05/2008,124.4,122.5,133.9
15/05/2008,135.2,122.5,133.9
16/05/2008,126.8,122.3,135.2
19/05/2008,130,120.4,130
20/05/2008,128.4,124.3,131.9
21/05/2008,117.1,123.5,132.5
22/05/2008,120.4,123.7,131.8
23/05/2008,124.8,123,131.8
26/05/2008,123,120.9,131.5
27/05/2008,120.3,120.9,131
28/05/2008,126.3,120.2,131
29/05/2008,121.7,120.2,131
30/05/2008,120.5,120,131
2/06/2008,131.8,124.6,134
3/06/2008,132.4,124.6,132.4
4/06/2008,132.2,122.6,132.5
5/06/2008,126.8,121.2,132.5
6/06/2008,130.4,122,128.3
9/06/2008,132.3,122.2,129.2
10/06/2008,130.5,122,129.2
11/06/2008,114.7,123.2,128.7
12/06/2008,118.8,122.3,127
13/06/2008,118.8,122.3,127
16/06/2008,127.7,124,131.1
17/06/2008,123.1,123.5,130.7
18/06/2008,125.3,123.9,133.1
19/06/2008,133.6,124.1,133.6
20/06/2008,135.8,124.9,136.2
23/06/2008,126.7,122.9,132
24/06/2008,124.9,122.5,132
25/06/2008,126.8,122.9,132
26/06/2008,128.8,118.7,130.7
27/06/2008,137.8,122.9,136.6
30/06/2008,128.8,113.5,127.5
1/07/2008,133.9,114.2,127.5
2/07/2008,136.8,114.8,127.5
3/07/2008,130.2,115.8,127.7
4/07/2008,132.2,123.9,131.2
7/07/2008,137.5,123,129.2
8/07/2008,129.7,122.7,134.4
9/07/2008,132.2,123,134.4
10/07/2008,133.2,121.8,130.3
11/07/2008,122.8,122,129.3
14/07/2008,125.9,128.4,131.8
15/07/2008,129.3,123.6,131.7
16/07/2008,134.4,123.7,131.7
17/07/2008,127.5,128.4,140.1
18/07/2008,129.2,122.4,133.9
21/07/2008,134.5,116,137.8
22/07/2008,134.4,115.8,134.8
23/07/2008,135,115.3,134.8
24/07/2008,127.6,113.5,125
25/07/2008,131.3,119.2,130.2
28/07/2008,137.8,118.6,130.1
29/07/2008,133.8,117.7,132.6
30/07/2008,125.3,116.9,132
31/07/2008,136.2,118.8,132.3
1/08/2008,131.6,116.1,132.1
4/08/2008,129.7,116.5,133.1
5/08/2008,124.1,111.7,133.9
6/08/2008,132.9,111.7,134.4
7/08/2008,132.4,111.7,134.8
8/08/2008,137.5,122.7,135.1
11/08/2008,123.2,123,134.4
12/08/2008,128.6,122.3,134.4
13/08/2008,131.9,119,133.6
14/08/2008,126.6,114.7,126
15/08/2008,125.3,115.8,128.3
18/08/2008,127.9,120.4,132.7
19/08/2008,127.1,121.6,131.5
20/08/2008,128.7,121.6,131.5
21/08/2008,133.3,122.3,132.3
22/08/2008,132,121.8,132.3
25/08/2008,134.4,120.3,131.6
26/08/2008,125.4,121,132.5
27/08/2008,124.2,121.7,132.3
28/08/2008,127.4,123.4,133.6
29/08/2008,128.9,122,140.5
1/09/2008,138.2,119,137.4
2/09/2008,135.4,117.9,138.6
3/09/2008,135.6,117.9,138.6
4/09/2008,128.3,117.3,133.6
5/09/2008,134.1,120.4,131.5
8/09/2008,126.3,120.4,131.5
9/09/2008,130.9,119.1,131.2
10/09/2008,123.5,116.3,129.3
11/09/2008,122.7,116.3,129.7
12/09/2008,134.8,117,134.2
15/09/2008,134.4,123,133.5
16/09/2008,137.1,121.3,133.5
17/09/2008,136.4,122.8,134
18/09/2008,124.3,122.8,132.9
19/09/2008,129.6,117.7,130.1
22/09/2008,126.5,117.2,130
23/09/2008,125.6,120.6,129.9
24/09/2008,133.3,120.6,129.9
25/09/2008,130.9,119.5,130.4
26/09/2008,131.6,117.8,134.4
29/09/2008,126.7,117.3,134.4
30/09/2008,124.1,117.1,134.7
1/10/2008,124.6,117.1,134.7
2/10/2008,125.9,117,134.7
3/10/2008,134.3,118.9,139.9
6/10/2008,126.3,114.9,135.4
7/10/2008,128.1,112.6,135.6
8/10/2008,136.3,112.6,135.6
9/10/2008,132.5,116.6,135.4
10/10/2008,129.4,117.7,132.4
13/10/2008,130.1,118.2,130.6
14/10/2008,134,121.8,137.1
15/10/2008,129.5,122.6,137.5
16/10/2008,135.8,122.6,138.1
17/10/2008,129.8,121.3,137.8
20/10/2008,126.6,120.5,137.8
21/10/2008,123.4,120,135.3
22/10/2008,124.2,120.4,136.7
23/10/2008,124.4,120.4,136.9
24/10/2008,129.9,115.1,134.4
27/10/2008,125.7,117.1,138.2
28/10/2008,123,117.1,138.2
29/10/2008,120.5,117.1,138.2
30/10/2008,121.7,113.2,138.1
31/10/2008,124.1,114,138.1
3/11/2008,125.4,114.2,134.2
4/11/2008,121.6,117.4,133.2
5/11/2008,126.6,117.4,132.7
6/11/2008,123.4,117.4,132.7
7/11/2008,123.8,118.4,135.7
10/11/2008,127.2,119.7,134
11/11/2008,132,115.2,134
12/11/2008,129.3,112.4,133.1
13/11/2008,114,109.7,132.7
14/11/2008,120.3,106.2,122.7
17/11/2008,119,108.9,122.9
18/11/2008,122.9,110.8,122.8
19/11/2008,116.7,110.3,122.8
20/11/2008,116.7,110.3,122.5
21/11/2008,111.4,107.1,120.6
24/11/2008,119.6,115.6,124.8
25/11/2008,119.6,115.5,124.5
26/11/2008,124,115.1,123.6
27/11/2008,122.8,114.7,123.1
28/11/2008,120.9,112.4,125.9
1/12/2008,121,114.2,122.2
2/12/2008,110.1,110.8,117.7
3/12/2008,123.2,108.1,116.9
4/12/2008,122.7,107,114
5/12/2008,131.2,116.5,123
8/12/2008,128.1,111.6,123.3
9/12/2008,126.3,111.4,121.5
10/12/2008,131.6,110.6,121.5
11/12/2008,130.7,111,121.5
12/12/2008,122.9,112,124.2
15/12/2008,126.8,113,124.2
16/12/2008,121.5,113.2,123.4
17/12/2008,117.7,111.2,118.5
18/12/2008,122.9,121.1,128.7
19/12/2008,122.5,121.2,127.6
22/12/2008,121.3,119.4,127.6
23/12/2008,118.5,119.1,126.9
24/12/2008,118.5,119.1,126.9
25/12/2008,118.5,119.1,126.9
26/12/2008,112.5,109.8,124.2
29/12/2008,111.8,108.2,125
30/12/2008,119.1,105.3,118.5
31/12/2008,119.7,105.7,118.6
1/01/2009,119.1,105.7,118.6
2/01/2009,116.8,106.3,118.6
5/01/2009,115.9,104.1,119.3
6/01/2009,117.1,103.7,119.3
7/01/2009,116.7,103.6,119.3
8/01/2009,127,105.5,119.6
9/01/2009,128.5,105.5,122.6
12/01/2009,127.8,105.2,123.2
13/01/2009,122.7,106.5,122.1
14/01/2009,120.6,107.8,122.1
15/01/2009,122.6,107.8,122.1
16/01/2009,118.1,108.1,122.1
19/01/2009,127.9,109.2,122.7
20/01/2009,124.9,109.2,122.7
21/01/2009,111.5,108.9,122.7
22/01/2009,112.4,108.9,122.7
23/01/2009,120.5,105.5,122.3
26/01/2009,120.5,105.5,122.3
27/01/2009,121.1,105.5,122.3
28/01/2009,121.8,105.5,122.3
29/01/2009,109.9,106.4,122.3
30/01/2009,117.8,104.3,116.2
2/02/2009,117.7,103.6,116.2
3/02/2009,116.7,108.8,116.2
4/02/2009,105.3,93.1,114.2
5/02/2009,102,92,114.2
6/02/2009,102.8,92.1,114.3
9/02/2009,113.7,93.9,116.6
10/02/2009,112.5,93.9,116.8
11/02/2009,109.3,93.9,117
12/02/2009,108.9,93.9,117
13/02/2009,107.5,93.6,112.9
16/02/2009,106.8,113.6,120.8
17/02/2009,108.4,102,119.9
18/02/2009,102.3,103.7,118.6
19/02/2009,108.2,98.2,114.4
20/02/2009,112.7,94.5,111.2
23/02/2009,110.9,102.4,112
24/02/2009,118.8,102.6,112.1
25/02/2009,113.5,98.9,110.3
26/02/2009,108.6,98.7,110.3
27/02/2009,106.6,99.1,108.5
2/03/2009,106.2,102.2,110.3
3/03/2009,108.7,101.1,109
4/03/2009,105.3,101.7,109
5/03/2009,108.1,101.2,110.3
6/03/2009,103.3,101.8,111.9
9/03/2009,104.9,103.3,112.7
10/03/2009,104.5,100.7,111.7
11/03/2009,106,100.7,111.7
12/03/2009,104.9,100.6,111.7
13/03/2009,106.1,98.9,115.9
16/03/2009,113.5,107.7,113
17/03/2009,101.3,106.2,110.8
18/03/2009,105,104.9,110
19/03/2009,99.2,102,111.5
20/03/2009,105.1,101.2,112.4
23/03/2009,104.7,93,116.3
24/03/2009,102.3,91.6,114.7
25/03/2009,99.3,91.9,112.6
26/03/2009,109.5,93.7,114.4
27/03/2009,104,95.6,120.2
30/03/2009,101.8,102.8,115.9
31/03/2009,101.7,103.2,114.8
1/04/2009,105.5,103.9,114.8
2/04/2009,101.5,100,112.2
3/04/2009,114.4,100.8,114.2
6/04/2009,114.8,98,115
7/04/2009,110.6,97.6,115
8/04/2009,110,113.5,112.7
9/04/2009,105.2,111.7,112.7
10/04/2009,108.5,109.2,112.9
13/04/2009,102.9,111,112.9
14/04/2009,102,98.9,111.9
15/04/2009,102.3,98.9,111.9
16/04/2009,102.7,100.9,113.5
17/04/2009,99.1,93.8,111.3
20/04/2009,101.2,96.9,111.6
21/04/2009,95.9,100.1,111.5
22/04/2009,97.8,100.2,111.4
23/04/2009,99.6,100,111.4
24/04/2009,106.8,100.3,113.1
27/04/2009,113,98.2,113.3
28/04/2009,111.1,97.9,113.3
29/04/2009,109.7,95.9,107.8
30/04/2009,102.9,95.9,106.7
1/05/2009,111.7,95.3,107.8
4/05/2009,113.6,96.1,108.4
5/05/2009,112.4,96.2,108.1
6/05/2009,112.7,96,108.1
7/05/2009,107.8,97.1,109.1
8/05/2009,111.9,100.8,110.3
11/05/2009,112.2,107.1,115.8
12/05/2009,105.6,100,113.2
13/05/2009,105,100,113.3
14/05/2009,107,96.9,113.8
15/05/2009,104.2,96,112.5
18/05/2009,105.7,101.6,112.4
19/05/2009,103.1,101.1,112.1
20/05/2009,103,101.1,112.1
21/05/2009,101.9,101.1,112.1
22/05/2009,105.8,103.1,111.6
25/05/2009,102.5,102,113.1
26/05/2009,105.5,102.4,113.1
27/05/2009,108.8,102,113.1
28/05/2009,101.4,101.8,112.8
29/05/2009,104.2,91,111.9
1/06/2009,113,95.1,112.4
2/06/2009,101.8,105.9,115.8
3/06/2009,104.8,100.9,114
4/06/2009,111.8,100.9,112.8
5/06/2009,105,101.6,115.5
8/06/2009,106.7,102.9,115.4
9/06/2009,109.3,101.3,114.1
10/06/2009,106.2,99.9,114.1
11/06/2009,111,99.9,114.1
12/06/2009,108.7,99.8,114.1
15/06/2009,112.7,102.6,113.7
16/06/2009,112.1,102.6,113.7
17/06/2009,107.3,99.3,113.7
18/06/2009,112.5,100.1,109.7
19/06/2009,107.8,99.4,110.4
22/06/2009,113.5,106.6,114.2
23/06/2009,111,106.8,114.2
24/06/2009,107.3,103.5,111.6
25/06/2009,107,103.1,110.1
26/06/2009,109.7,101.6,111.5
29/06/2009,111.6,106.2,111.7
30/06/2009,118.9,106.7,112.8
1/07/2009,117.1,106.7,112.8
2/07/2009,106.9,104.1,110.6
3/07/2009,106.1,105.5,110.6
6/07/2009,111.6,104.7,111.6
7/07/2009,104.5,102.3,108.8
8/07/2009,106.8,102.7,118.2
9/07/2009,106.8,102.7,118.2
10/07/2009,108.6,98,109.9
13/07/2009,112.1,97.8,115.2
14/07/2009,113.5,98.8,113.9
15/07/2009,113.8,98.8,113.9
16/07/2009,113.8,98.8,113.9
17/07/2009,112.7,97.1,113.7
20/07/2009,108.4,100.4,111.2
21/07/2009,110.8,97.5,111.1
22/07/2009,110,95.1,110.5
23/07/2009,107.2,97.6,110.8
24/07/2009,113.8,96.7,110.8
27/07/2009,114.1,100.6,113.6
28/07/2009,116.9,100.2,113.5
29/07/2009,115.6,100.2,113.5
30/07/2009,114.3,100.2,113.5
31/07/2009,117.6,100.2,113.3
3/08/2009,120.1,100.2,113.3
4/08/2009,115.3,96.5,115.7
5/08/2009,118.4,94.1,114.2
6/08/2009,118.3,93.5,111.8
7/08/2009,117.6,94.5,111.7
10/08/2009,116.8,94.7,112.3
11/08/2009,113.2,94.9,112.3
12/08/2009,117,95.3,113
13/08/2009,119.3,95.3,113
14/08/2009,117.3,100.3,112.3
17/08/2009,111.6,100.3,112.1
18/08/2009,113.8,96.8,112.2
19/08/2009,114.7,95.2,112.2
20/08/2009,115.7,99.9,111.9
21/08/2009,116.1,99.9,111.9
24/08/2009,115,97,114.6
25/08/2009,115.7,95.4,114.2
26/08/2009,115.8,94.5,114.5
27/08/2009,115.4,93.1,114.8
28/08/2009,107.1,98.6,117.6
31/08/2009,115.2,101,113.3
1/09/2009,113.3,98.3,112.7
2/09/2009,108.5,96.4,108.1
3/09/2009,124,99.1,109.1
4/09/2009,115.7,98,109.6
7/09/2009,114.6,98.8,107.4
8/09/2009,112.1,93.3,107.1
9/09/2009,106.4,93.6,106.4
10/09/2009,109.4,93,106.1
11/09/2009,109.5,93,105.6
14/09/2009,111.5,100.9,107.2
15/09/2009,108.9,99.7,106.5
16/09/2009,114.8,98.5,105.6
17/09/2009,112.1,98.8,104.9
18/09/2009,110.3,100.3,112.4
21/09/2009,112.3,100.9,112.3
22/09/2009,113.7,97.4,111.3
23/09/2009,114.3,92.1,108.1
24/09/2009,115.5,92.2,108.4
25/09/2009,114.1,98.8,111.2
28/09/2009,115,99.9,109.8
29/09/2009,114.7,97.7,109.8
30/09/2009,114.4,96.6,105.1
1/10/2009,111,95.1,105.2
2/10/2009,112.4,101.5,108.5
5/10/2009,113.6,101.6,108.7
6/10/2009,107.5,101.8,107.8
7/10/2009,108.9,102.2,108.4
8/10/2009,112.3,100.6,106.7
9/10/2009,109,97.4,107.8
12/10/2009,114.2,100.9,113.8
13/10/2009,111.9,98.5,113.8
14/10/2009,107.4,96.3,110.9
15/10/2009,106.9,95.1,110.3
16/10/2009,113.4,97.6,116.1
19/10/2009,115.4,104.7,111.6
20/10/2009,114.6,101.8,111.6
21/10/2009,112.3,99.1,108.1
22/10/2009,109.2,95.8,107.8
23/10/2009,109.2,95.8,107.8
26/10/2009,119.8,100,104.3
27/10/2009,118.5,98,104.4
28/10/2009,113.2,98.2,103.6
29/10/2009,114,98.1,103.8
30/10/2009,111.3,97.2,103.5
2/11/2009,109.1,99.2,115.4
3/11/2009,112.7,101.6,116.5
4/11/2009,112.1,99.8,114.9
5/11/2009,111.8,99.5,114
6/11/2009,108.6,105.1,112.7
9/11/2009,115,108.4,116
10/11/2009,116.7,108.4,116.1
11/11/2009,113.2,106.7,115.4
12/11/2009,118.7,103.5,117.6
13/11/2009,109.9,98.3,117.3
16/11/2009,110.5,100.4,115.9
17/11/2009,109.1,102.3,113.1
18/11/2009,107.2,101.4,113.1
19/11/2009,108.1,100.8,113.1
20/11/2009,107.3,98.3,111.6
23/11/2009,112.7,104.8,116.1
24/11/2009,112.6,104.8,116.1
25/11/2009,109.2,104,115.6
26/11/2009,109.2,99.2,116.7
27/11/2009,104.8,98.9,107.6
30/11/2009,108.9,98.6,111.5
1/12/2009,106.8,96.7,111.5
2/12/2009,116.3,97.8,115.4
3/12/2009,112.2,94.1,112.6
4/12/2009,111.9,95.9,111
7/12/2009,113.2,102.7,116.9
8/12/2009,111.6,99.1,116.6
9/12/2009,111.9,96.7,118.3
10/12/2009,110.9,97.3,118.2
11/12/2009,109.2,101.7,121.3
14/12/2009,116.4,108.4,120.9
15/12/2009,117.7,109.1,120.3
16/12/2009,115.6,106.2,120.5
17/12/2009,112.4,105,119.1
18/12/2009,114.4,102.8,116.1
21/12/2009,117.1,105.5,116.8
22/12/2009,121.2,104.5,118.4
23/12/2009,121.4,104.4,115.2
24/12/2009,118.9,105.3,117.3
25/12/2009,116.7,104.1,116.9
28/12/2009,110.5,94.7,116.4
29/12/2009,112.1,95.5,115.1
30/12/2009,112.5,95.6,112.4
31/12/2009,119.3,98.6,117.9
1/01/2010,116.5,98.2,114.2
4/01/2010,117.1,97.8,113.6
5/01/2010,111.9,97.8,112.7
6/01/2010,111.8,97.5,112.7
7/01/2010,112.4,97.9,112.8
8/01/2010,112.7,101.4,116.6
11/01/2010,121.6,100.4,119.2
12/01/2010,121,100.5,116.6
13/01/2010,121.8,100.2,116.8
14/01/2010,114.7,100,116.8
15/01/2010,119,97.6,115.7
18/01/2010,121.9,99.6,114.8
19/01/2010,124,103.8,117.9
20/01/2010,123.5,96.9,113
21/01/2010,121.7,96.6,110.5
22/01/2010,121.3,98.6,113.3
25/01/2010,127.3,102.5,114.7
26/01/2010,123.9,96.7,113.8
27/01/2010,126,96.6,112.7
28/01/2010,126,96.6,112.7
29/01/2010,126,96.6,112.7
1/02/2010,126,96.6,112.7
2/02/2010,126,96.6,112.7
3/02/2010,126,96.6,112.7
4/02/2010,126,96.6,112.7
5/02/2010,126,96.6,112.7
8/02/2010,126,96.6,112.7
9/02/2010,119.4,106.3,117.7
10/02/2010,122.5,107,118.6
11/02/2010,117.2,104.5,116
12/02/2010,118.7,103.8,116.6
15/02/2010,127.1,98.9,116.6
16/02/2010,125.3,101.9,116.6
17/02/2010,123.6,102.2,115.1
18/02/2010,118.8,100.4,115.7
19/02/2010,122.2,101.3,113.9
22/02/2010,127.1,109.2,118.5
23/02/2010,126.5,106.7,115.4
24/02/2010,123.5,101.6,113.1
25/02/2010,119.9,100.7,113.3
26/02/2010,122.8,103.9,113.1
1/03/2010,127.2,106.2,114.3
2/03/2010,117.4,104.5,114.1
3/03/2010,120.8,97.4,112.5
4/03/2010,118.5,98.7,112.5
5/03/2010,121.8,106.3,115.2
8/03/2010,132,103.5,114.6
9/03/2010,124.2,99.7,114.6
10/03/2010,119.3,97.4,114.8
11/03/2010,121.3,98.1,114.8
12/03/2010,120.8,100.2,113.5
15/03/2010,127.5,101.3,113.5
16/03/2010,112.7,96.9,112.6
17/03/2010,112.8,97.1,111.8
18/03/2010,126.1,97.6,115.1
19/03/2010,128.2,107.1,116.3
22/03/2010,126.9,100.2,113.8
23/03/2010,122.5,112.2,117.8
24/03/2010,124.4,102.4,117.8
25/03/2010,119.3,100.8,116.6
26/03/2010,122.7,100,115.9
29/03/2010,126.4,101.6,118.1
30/03/2010,120.7,98.8,118.4
31/03/2010,118,98.8,116.8
1/04/2010,129.7,101.8,121.4
2/04/2010,125.8,101.4,117.5
5/04/2010,123.7,101.2,115.8
6/04/2010,117.6,97.4,111.5
7/04/2010,117.9,101.4,111
8/04/2010,126,100,114.8
9/04/2010,124.8,95.8,113.7
12/04/2010,121.4,98.6,112.2
13/04/2010,125,99.8,114.6
14/04/2010,118,99.4,111.4
15/04/2010,113.3,98.6,111.1
16/04/2010,117.3,101.1,111.3
19/04/2010,121.1,101,113.2
20/04/2010,125.5,115.2,123.7
21/04/2010,118.5,114.8,123.2
22/04/2010,122.4,100.7,121.9
23/04/2010,125.3,99.9,114.1
26/04/2010,129.7,97.4,114.7
27/04/2010,131,102.9,116.4
28/04/2010,131.7,102.9,116.4
29/04/2010,123.9,101.1,115.9
30/04/2010,124.7,102.2,113.7
3/05/2010,133.2,101.8,115.5
4/05/2010,130.1,101,115.5
5/05/2010,133,101.3,115.5
6/05/2010,127.6,100.6,115.7
7/05/2010,125.9,106.7,121
10/05/2010,128.6,112.9,123.3
11/05/2010,124.9,113.8,123.3
12/05/2010,126.6,107.1,122.3
13/05/2010,124.1,106.7,122.6
14/05/2010,126.1,104.3,121.4
17/05/2010,123.3,105,120.6
18/05/2010,125.4,105.1,120.6
19/05/2010,121.4,103.2,120
20/05/2010,122.1,103.1,118
21/05/2010,128.9,103.6,119.4
24/05/2010,122.4,103.5,118.9
25/05/2010,132.2,103.2,117.8
26/05/2010,125.8,103.7,119.5
27/05/2010,124.5,105.9,119.7
28/05/2010,125,106,119.1
31/05/2010,129.8,108.7,119.7
1/06/2010,132.1,108.6,120.4
2/06/2010,126.5,107.6,120.4
3/06/2010,122.9,107,119.3
4/06/2010,121.6,104.3,120.3
7/06/2010,132.5,104.8,117.7
8/06/2010,136.6,104.4,116.5
9/06/2010,134.8,104.1,116.5
10/06/2010,139.1,101.4,121.2
11/06/2010,137.3,102.5,121.2
14/06/2010,132.5,123.8,131.6
15/06/2010,124.3,115.1,129
16/06/2010,135,112.3,129.1
17/06/2010,130.4,113.7,127.5
18/06/2010,125.9,110,123
21/06/2010,123.5,105.7,122.9
22/06/2010,130.7,104.7,120.1
23/06/2010,128.4,103.6,119.9
24/06/2010,131.7,103.9,120.6
25/06/2010,132.1,101.5,120.4
28/06/2010,131.7,109.4,120.9
29/06/2010,130.3,109.6,120.9
30/06/2010,130.6,106.3,120.2
1/07/2010,129,105.7,119.3
2/07/2010,133.7,105.9,120.9
5/07/2010,128.4,108.4,119.7
6/07/2010,126.1,108.7,124.5
7/07/2010,131.3,111.6,130.3
8/07/2010,127,105.7,126.8
9/07/2010,130.3,102.7,121.6
12/07/2010,131,106.4,121.4
13/07/2010,127.7,105.8,122.2
14/07/2010,126.9,108,122.3
15/07/2010,125.8,106.8,122.7
16/07/2010,127.8,105.6,116
19/07/2010,125.7,107.4,118.7
20/07/2010,123.6,110.6,115.5
21/07/2010,123.2,108.5,115.9
22/07/2010,122.4,107.5,115.8
23/07/2010,126.9,104.8,115.9
26/07/2010,125.5,104.5,115.4
27/07/2010,123.7,107.8,114.9
28/07/2010,130.6,101.3,116.3
29/07/2010,125.9,101.5,116.4
30/07/2010,125.3,117.6,130.4
2/08/2010,127.4,116.7,126.2
3/08/2010,127.9,103.7,125.9
4/08/2010,126.4,103.5,125
5/08/2010,123.9,103.6,124.9
6/08/2010,126.3,104.8,123
9/08/2010,120.2,104.4,121.2
10/08/2010,116.9,105.4,120.1
11/08/2010,119.9,105.6,120.6
12/08/2010,120,108.1,124.9
13/08/2010,124.4,108.5,124.9
16/08/2010,120.5,108.8,122.4
17/08/2010,121.4,103.3,122.3
18/08/2010,136.2,103.3,122.3
19/08/2010,124.8,104.8,126.6
20/08/2010,121.3,103.6,126
23/08/2010,120.3,102,125.7
24/08/2010,123.3,105.7,125.7
25/08/2010,128.5,104.5,125
26/08/2010,123.9,105,124.8
27/08/2010,124.4,101.5,123.6
30/08/2010,132.2,102.5,128.6
31/08/2010,123.6,102.1,129.3
1/09/2010,131.6,101.8,128.1
2/09/2010,122.7,102.6,128.8
3/09/2010,134,112.6,127.9
6/09/2010,130.8,110.4,124.4
7/09/2010,130,103.5,126.5
8/09/2010,130.5,103.5,126.5
9/09/2010,130.6,102.6,125.7
10/09/2010,130.1,102.1,124.5
13/09/2010,128,105.9,114.9
14/09/2010,122.7,105.8,118.2
15/09/2010,132.8,103.9,116.7
16/09/2010,125.2,104.9,116.7
17/09/2010,128.4,103.8,112.7
20/09/2010,127.1,114.3,124
21/09/2010,128.1,112.3,122.6
22/09/2010,128.1,112.2,122.6
23/09/2010,126.3,111,121
24/09/2010,126.3,111,121
27/09/2010,127.4,106.6,118.9
28/09/2010,121.5,103.1,118.9
29/09/2010,124.4,103.1,118.9
30/09/2010,123.4,103.6,119
1/10/2010,127.7,110.2,120.6
4/10/2010,132.8,108.1,117.2
5/10/2010,133.7,108.1,117.1
6/10/2010,130.5,108.4,117.6
7/10/2010,125.1,105.7,117.7
8/10/2010,123,102.8,116.9
11/10/2010,127.8,105.5,118.8
12/10/2010,126.5,105.8,118.9
13/10/2010,121.1,103.5,118.9
14/10/2010,121.9,103.2,118.9
15/10/2010,125.8,110.4,120.4
18/10/2010,132.5,104.3,121.3
19/10/2010,131.5,104.7,121.4
20/10/2010,130.4,106.3,121.3
21/10/2010,131.7,104.4,119.3
22/10/2010,130,104.1,121.4
25/10/2010,130,111.4,123.5
26/10/2010,132.1,111.6,123.1
27/10/2010,132.1,111.6,123.1
28/10/2010,134.9,108.4,122.1
29/10/2010,129.5,109.8,123.6
1/11/2010,129.8,109.4,123.9
2/11/2010,128.5,112.8,124.1
3/11/2010,126.3,112.9,124.1
4/11/2010,127.7,112.9,124.1
5/11/2010,130,111.8,124.1
8/11/2010,140.2,117.4,129
9/11/2010,139.7,115.6,128.7
10/11/2010,136.4,116.3,128.1
11/11/2010,132,116.3,128.1
12/11/2010,132,114.3,127.6
15/11/2010,125.9,114,125.5
16/11/2010,125.7,113.2,126.1
17/11/2010,124.2,112.2,126
18/11/2010,129.2,112.8,126
19/11/2010,129.4,113,125.4
22/11/2010,130.5,113.2,128.6
23/11/2010,136.1,113.1,134.4
24/11/2010,132.2,111.7,134.3
25/11/2010,130.7,112.2,130.7
26/11/2010,129.7,108.6,130.1
29/11/2010,138.6,120.2,131.8
30/11/2010,136.2,114.5,130.2
1/12/2010,130,111.9,128.2
2/12/2010,132.2,107.9,129.1
3/12/2010,132.5,108.3,129
6/12/2010,131.4,105.9,126.4
7/12/2010,132.5,105.7,127.5
8/12/2010,136.2,105.8,128
9/12/2010,139.6,106.8,127.8
10/12/2010,140.6,104.4,127.3
13/12/2010,134.8,104.6,127.3
14/12/2010,136.2,104.2,130.4
15/12/2010,136.5,105.6,131
16/12/2010,132.4,107.6,130.7
17/12/2010,128.6,107.9,130.7
20/12/2010,134.3,108.3,131.1
21/12/2010,139.3,108.2,131.1
22/12/2010,133.6,122.5,134.3
23/12/2010,135.2,122.7,132.5
24/12/2010,138.3,120.9,130.3
27/12/2010,138.5,120.7,130.5
28/12/2010,137.1,120.5,130.5
29/12/2010,135.1,120.5,130.5
30/12/2010,135.6,120,130.5
31/12/2010,140.1,116.9,129.9
3/01/2011,142.5,119.2,129.9
4/01/2011,142.7,119.2,130.2
5/01/2011,141.3,119.2,130.2
6/01/2011,142.3,116.5,128.3
7/01/2011,136.1,116.3,126.8
10/01/2011,143.4,117.8,128.3
11/01/2011,134.2,116.5,126.9
12/01/2011,137,115.9,126.9
13/01/2011,134.2,113.6,128.3
14/01/2011,145.5,110,127.3
17/01/2011,133.2,111.2,127.5
18/01/2011,141.3,112.8,126.3
19/01/2011,135.6,110.6,126.5
20/01/2011,138.3,111.3,126.2
21/01/2011,136.1,111.2,127
24/01/2011,134.5,108.8,129
25/01/2011,133.8,109.5,128.9
26/01/2011,138.1,110.2,129
27/01/2011,139.8,129.7,135.1
28/01/2011,138.9,112.2,132.6
31/01/2011,145.9,109.4,127
1/02/2011,136.2,111.6,127
2/02/2011,136.7,112.2,127.1
3/02/2011,142.6,114.9,131.3
4/02/2011,143.5,108,126.6
7/02/2011,139.1,110,127.6
8/02/2011,141,110.9,127.8
9/02/2011,139.6,112.6,128.2
10/02/2011,134.8,113.7,127.6
11/02/2011,136.6,111.2,127
14/02/2011,148.3,112.8,127.9
15/02/2011,142.1,121.4,132.3
16/02/2011,139,121.4,132
17/02/2011,139,121.4,132
18/02/2011,134,115.4,132
21/02/2011,136.8,119.6,129.3
22/02/2011,136.6,119.7,129.3
23/02/2011,141,119.9,128.6
24/02/2011,146,117.7,128
25/02/2011,144,116.7,127.5
28/02/2011,136.5,113.4,125
1/03/2011,141.1,112.4,125.3
2/03/2011,143.3,126.1,132
3/03/2011,143.3,126.1,132
4/03/2011,147.2,109.7,131.2
7/03/2011,142.4,112.1,131.8
8/03/2011,143.1,112.6,131.5
9/03/2011,144.5,111.7,131.9
10/03/2011,142.7,112.6,131.8
11/03/2011,145,113.3,131.8
14/03/2011,144.5,119.6,134.9
15/03/2011,146.8,120.8,135.2
16/03/2011,151.6,121.4,133.5
17/03/2011,149,120.8,133.4
18/03/2011,151.5,118.3,133
21/03/2011,151.1,131.3,135.5
22/03/2011,150.3,126.9,135.4
23/03/2011,154.4,128.7,135.3
24/03/2011,152.2,125.4,135.4
25/03/2011,149.5,125.6,135.9
28/03/2011,148.7,125.2,136.4
29/03/2011,152.5,127.4,135.1
30/03/2011,155.3,122.8,135.1
31/03/2011,157.7,122.8,134.7
1/04/2011,155.7,123,135
4/04/2011,157,134.8,144.9
5/04/2011,153.8,134,145.9
6/04/2011,149.5,131.4,145.9
7/04/2011,152.7,130.4,146.1
8/04/2011,151.6,131.7,146.2
11/04/2011,152.5,132.3,146.7
12/04/2011,145.8,127.4,137
13/04/2011,149.7,123.2,139.2
14/04/2011,146.8,121.9,140
15/04/2011,155.7,121.2,140
18/04/2011,160,124.2,141.6
19/04/2011,160.1,124.8,143.1
20/04/2011,162.4,137.6,147.4
21/04/2011,159.7,138,147.3
22/04/2011,154,135,148.1
25/04/2011,161.1,137.1,148.9
26/04/2011,159,136.8,148.7
27/04/2011,162.2,129.9,148.7
28/04/2011,161.9,131,148.7
29/04/2011,163.5,129.9,148.2
2/05/2011,155.3,132.3,149.4
3/05/2011,147.1,123.9,138.6
4/05/2011,156.7,128.3,140.8
5/05/2011,161.3,130.5,142.2
6/05/2011,159.7,130,142.2
9/05/2011,160.4,130.1,142.2
10/05/2011,154.2,130.7,142.2
11/05/2011,156.5,130.4,142
12/05/2011,156.5,130.7,142.1
13/05/2011,162.1,152.3,151.5
16/05/2011,161.7,150.4,151.3
17/05/2011,162.4,149.1,151.9
18/05/2011,163.8,145.4,151.7
19/05/2011,161.1,142.6,151.6
20/05/2011,161.3,141,151.6
23/05/2011,164.1,138.9,151.7
24/05/2011,163.4,137.7,152
25/05/2011,162.1,138.3,152
26/05/2011,161.7,138.4,152
27/05/2011,172.6,147.5,156.3
30/05/2011,183.8,146.4,156.9
31/05/2011,164.6,144.5,155
1/06/2011,165.3,143.7,154.9
2/06/2011,168.4,142.9,155.6
3/06/2011,164.1,143.3,156.1
6/06/2011,162.9,143.4,155.5
7/06/2011,161.3,141.8,155.7
8/06/2011,160.8,141.3,155.7
9/06/2011,163,141.4,155.7
10/06/2011,170.2,141,155.6
13/06/2011,166.1,141.1,153.4
14/06/2011,168.1,147.8,160.1
15/06/2011,165.3,146.9,159.5
16/06/2011,163.1,147.1,158.4
17/06/2011,170.9,143.7,158.5
20/06/2011,172.5,143.7,158.9
21/06/2011,172.8,144.2,159.1
22/06/2011,177,143.3,159.2
23/06/2011,163.8,132.4,154.5
24/06/2011,174.2,133,155.3
27/06/2011,178.4,138.7,155.3
28/06/2011,184.3,143.6,156.9
29/06/2011,183.3,143.7,156.9
30/06/2011,183.3,143.7,156.9
1/07/2011,185.8,149.5,158.5
4/07/2011,183.3,148.6,155.1
5/07/2011,186.9,162.5,168.9
6/07/2011,174,161.1,172.3
7/07/2011,178.5,161,172.3
8/07/2011,183.3,162.4,172.3
11/07/2011,192.6,161.4,172.4
12/07/2011,189.4,160.1,173.1
13/07/2011,179.3,159.9,173.1
14/07/2011,177.1,157.5,172.5
15/07/2011,177.5,157.5,172.5
18/07/2011,181.1,158.1,169.6
19/07/2011,178.8,157.8,170.8
20/07/2011,182.1,156.6,170.7
21/07/2011,176.6,156.9,171
22/07/2011,180,156.2,170.4
25/07/2011,181.8,152.4,166.7
26/07/2011,186,153.9,167.9
27/07/2011,181.2,172.8,160.8
28/07/2011,180.4,173.4,161.6
29/07/2011,177.3,171.4,161.6
1/08/2011,175.2,145.8,152.4
2/08/2011,187.2,163.7,159.4
3/08/2011,177.9,163.3,159.4
4/08/2011,176.2,156.5,158.6
5/08/2011,175.1,156.2,158.3
8/08/2011,182.4,153.2,159.8
9/08/2011,176.2,154.9,160.2
10/08/2011,161.7,156.7,159.8
11/08/2011,173.2,158.4,159.5
12/08/2011,172.8,159.3,158.4
15/08/2011,171.7,159.3,158.4
16/08/2011,170.8,159.8,157.9
17/08/2011,171.9,159.3,157.6
18/08/2011,171.5,159.3,155.9
19/08/2011,169.3,157.5,155.9
22/08/2011,170.1,159,156.4
23/08/2011,166.7,157.3,157
24/08/2011,173,157.2,155.3
25/08/2011,171.2,155.8,155.3
26/08/2011,170.8,155.7,155.4
29/08/2011,170.8,155.7,155.4
30/08/2011,171.4,155.5,155.4
31/08/2011,175.2,145.8,152.4
1/09/2011,175.2,145.8,152.4
2/09/2011,172.9,146.7,152.4
5/09/2011,171.3,146.7,152.4
6/09/2011,171.7,146.3,151.8
7/09/2011,170.7,146.8,151.8
8/09/2011,167.7,146.3,151.8
9/09/2011,167.1,149.2,152.5
12/09/2011,185.4,155.8,165.9
13/09/2011,171.4,147.3,165.8
14/09/2011,166.2,146.7,165.8
15/09/2011,179.5,146.1,166.6
16/09/2011,174.6,146.7,165.6
19/09/2011,171.3,148.8,165.4
20/09/2011,165.8,149.6,165
21/09/2011,165.2,149.4,164.4
22/09/2011,165,148.6,164.4
23/09/2011,181.7,148.5,164.1
26/09/2011,173.7,151.8,164.1
27/09/2011,172.4,150.6,163.8
28/09/2011,167.2,150.3,163.8
29/09/2011,166.9,150.3,163.8
30/09/2011,165.5,146.8,163.8
3/10/2011,164.7,148.9,163.8
4/10/2011,171.6,150.8,161.4
5/10/2011,161.4,149.5,161.7
6/10/2011,163.2,149.8,161.6
7/10/2011,163.6,148.2,161.7
10/10/2011,175,146.6,160.2
11/10/2011,170.1,147.6,160.2
12/10/2011,169.9,148.1,160.2
13/10/2011,172.1,162.2,167.9
14/10/2011,170.1,156.8,166.2
17/10/2011,163.7,151.2,166.7
18/10/2011,160.6,147.1,165.1
19/10/2011,161.8,147.7,165.1
20/10/2011,163.8,145.1,164.4
21/10/2011,160.5,143.8,163.7
24/10/2011,158.4,143.8,161.9
25/10/2011,158.4,143.8,161.9
26/10/2011,158.4,143.8,161.9
27/10/2011,173.1,143,160.4
28/10/2011,172.9,143,160.4
31/10/2011,164.2,143.2,161.4
1/11/2011,164.2,143.2,161.4
2/11/2011,157.3,144.7,159
3/11/2011,153.8,141.9,159
4/11/2011,156.1,140.9,159
7/11/2011,166.9,161.6,161.7
8/11/2011,162.6,160,161.8
9/11/2011,163,160,161.8
10/11/2011,163.3,154.8,161.8
11/11/2011,158.4,154.2,160.4
14/11/2011,162.3,154.8,159.8
15/11/2011,157.7,152.5,159.7
16/11/2011,161.4,154,158.3
17/11/2011,161.9,155.2,158.7
18/11/2011,165.1,147,155.7
21/11/2011,163.7,146.4,156.2
22/11/2011,161.6,144.1,156
23/11/2011,169,145.1,156.8
24/11/2011,166.1,149.6,158.5
25/11/2011,161.5,145.3,157.4
28/11/2011,161.2,149.1,157.2
29/11/2011,153.2,146.1,156.4
30/11/2011,169.3,165,159.7
1/12/2011,163.8,164.5,159.7
2/12/2011,164.5,160,159.9
5/12/2011,163.1,158.9,157.8
6/12/2011,162.4,158.8,157.8
7/12/2011,158.3,157.3,157.4
8/12/2011,158.6,145.9,156.8
9/12/2011,155.7,145.2,155.3
12/12/2011,156.3,145.1,153.6
13/12/2011,157.8,145.3,153.5
14/12/2011,152.8,144.9,152.5
15/12/2011,156.4,143.1,153.1
16/12/2011,156.7,143.1,153.4
19/12/2011,158,145.9,153.2
20/12/2011,161.4,145.9,153.2
21/12/2011,171.2,153.8,157.2
22/12/2011,165.9,152,157.7
23/12/2011,164,147.3,156.7
26/12/2011,163.9,148.1,154.5
27/12/2011,158.9,147.8,154.4
28/12/2011,159.8,146.8,154.2
29/12/2011,163,146.8,154.8
30/12/2011,156.7,147.1,154.4
2/01/2012,153,147.2,153.8
3/01/2012,132.5,121.6,146.6
4/01/2012,153.6,145.8,153.9
5/01/2012,152.4,144.3,154.3
6/01/2012,162.8,144.8,154.3
9/01/2012,159.2,144.6,154.7
10/01/2012,155.9,144.5,154.3
11/01/2012,149.8,144.1,155
12/01/2012,152.9,145.8,156.7
13/01/2012,154.5,144.7,156.7
16/01/2012,151.4,144.1,156.7
17/01/2012,156,141.1,155
18/01/2012,153.6,141.2,155
19/01/2012,155.1,140.4,155
20/01/2012,159.5,141.8,154.7
23/01/2012,152.4,142.3,155
24/01/2012,158.6,143.8,155
25/01/2012,160,141.6,154.8
26/01/2012,160.2,142.5,154.3
27/01/2012,157.4,143.7,154.3
30/01/2012,153.6,140.9,155
31/01/2012,153.4,141.2,155
1/02/2012,171.5,156.2,158.8
2/02/2012,164.3,155.1,157.9
3/02/2012,160.9,155.1,157.9
6/02/2012,160.7,150.3,157.3
7/02/2012,160.7,150.3,157.3
8/02/2012,144.9,117.5,145.5
9/02/2012,158,151.8,157.3
10/02/2012,158.7,145.9,155.6
13/02/2012,161.4,146.3,155.6
14/02/2012,156.7,144.3,155.7
15/02/2012,151.7,143.9,156
16/02/2012,153.9,144.3,162.1
17/02/2012,166,141.9,143.5
20/02/2012,160.8,137.4,143.9
21/02/2012,158.6,143.2,143.9
22/02/2012,163.5,143.2,143.9
23/02/2012,161.3,140.3,142.9
24/02/2012,158.3,137.9,141.5
27/02/2012,156,137.6,143.6
28/02/2012,158.3,134.5,143.8
29/02/2012,168.7,147.6,145
1/03/2012,165.8,142.6,143.5
2/03/2012,160,133.8,140.3
5/03/2012,158,134.3,145.2
6/03/2012,160.4,136.2,145.1
7/03/2012,157.4,135.7,146.2
8/03/2012,157.4,135.7,146.2
9/03/2012,156.3,135.5,147.6
12/03/2012,159.3,139.2,148.4
13/03/2012,155.9,138.8,148.2
14/03/2012,156,139.8,148.1
15/03/2012,159.7,139.9,148.1
16/03/2012,159.4,139.8,145.7
19/03/2012,161,139.8,145.7
20/03/2012,155.6,139.1,143.3
21/03/2012,156.8,138.2,143.3
22/03/2012,152.9,135.3,142.2
23/03/2012,158.3,135.3,143
26/03/2012,153.4,135.2,142.2
27/03/2012,154.3,137.4,142
28/03/2012,155.7,137,141.7
29/03/2012,159.5,133.4,138.5
30/03/2012,161.9,138.7,141.5
2/04/2012,172.8,146.1,145.2
3/04/2012,165.2,144,145.7
4/04/2012,162.4,141.9,142.8
5/04/2012,163.2,138.2,142.2
6/04/2012,156.4,137.3,142
9/04/2012,157.1,136.8,141.2
10/04/2012,157.1,136.8,141.2
11/04/2012,160.9,139.2,144.2
12/04/2012,163,137.3,143.2
13/04/2012,163.4,136.1,138.6
16/04/2012,160.4,135.1,140.6
17/04/2012,158,134.8,140.6
18/04/2012,156,137.4,140.6
19/04/2012,163.9,133.5,140.8
20/04/2012,154.4,135.1,139.7
23/04/2012,156.2,135.7,141
24/04/2012,153.5,134.3,142.4
25/04/2012,174.1,140,147.9
26/04/2012,169.9,137.4,147
27/04/2012,158.5,133.8,146.4
30/04/2012,163.4,134.7,146.1
1/05/2012,153.6,133,144.1
2/05/2012,149,133.3,144.1
3/05/2012,149.9,132.6,144.1
4/05/2012,153.5,133.6,144.1
7/05/2012,150.6,130.5,142
8/05/2012,150,129.6,141.7
9/05/2012,150,129.5,141.7
10/05/2012,151.8,130.8,138.9
11/05/2012,154.3,130.8,138.9
14/05/2012,169.2,135,141.2
15/05/2012,169.2,132.9,141.2
16/05/2012,168.1,132.9,141.2
17/05/2012,167.6,133,141.2
18/05/2012,167.6,133,141.2
21/05/2012,167.9,132.8,141
22/05/2012,167.9,132.8,141
23/05/2012,163.4,131.9,141
24/05/2012,154.9,135.3,140.4
25/05/2012,150.4,133.7,140.7
28/05/2012,153,136.2,142.7
29/05/2012,154.8,135.1,142.1
30/05/2012,157.1,133.9,141.5
31/05/2012,157.6,133.5,139.7
1/06/2012,154.5,131.9,138.9
4/06/2012,152.8,133.2,142
5/06/2012,153.7,132.4,141.8
6/06/2012,155.9,135.3,141.8
7/06/2012,156.8,137.2,141
8/06/2012,154.2,135.5,141.5
11/06/2012,168,141.7,147.2
12/06/2012,158.2,139.4,147.2
13/06/2012,149.6,137.9,146.7
14/06/2012,152.4,134.7,146.3
15/06/2012,147.7,135.2,146.3
18/06/2012,152.8,134.7,148.4
19/06/2012,153.6,134.2,145.6
20/06/2012,147.8,132.7,143.9
21/06/2012,160.6,131.7,144.8
22/06/2012,158.5,135,143.4
25/06/2012,154.8,134.6,143.1
26/06/2012,154.6,131.6,143.3
27/06/2012,151.5,129.3,143.9
28/06/2012,157.7,133.6,141.8
29/06/2012,151,132.1,142.9
2/07/2012,149.8,131.7,142.9
3/07/2012,154.5,133.6,145.3
4/07/2012,151,131,142.7
5/07/2012,161,132.1,142.7
6/07/2012,159.5,127.2,142.7
9/07/2012,155.9,128.7,142.9
10/07/2012,153,128.7,142.9
11/07/2012,153,128.7,142.9
12/07/2012,153.6,128.8,143
13/07/2012,155.7,130.2,141.8
16/07/2012,151.8,127.2,144
17/07/2012,146.8,126.3,143.1
18/07/2012,161.1,142.9,148.6
19/07/2012,157.3,134.4,145.9
20/07/2012,158.3,134.4,145.9
23/07/2012,154.4,134.6,145.9
24/07/2012,146.1,130.4,142.4
25/07/2012,142,131.2,141.9
26/07/2012,147.2,131,141.9
27/07/2012,146.7,131.3,140
30/07/2012,145.6,131.2,140.8
31/07/2012,145.1,131.4,141.7
1/08/2012,143.8,131.7,141.8
2/08/2012,142.5,131.5,142.2
3/08/2012,131,128.1,142.1
6/08/2012,135.6,129,141.8
7/08/2012,135,127.8,141.7
8/08/2012,137.4,127.1,140.7
9/08/2012,137.4,126.8,140.6
10/08/2012,144.4,130.1,140.8
13/08/2012,144.3,128.8,141.2
14/08/2012,134.9,129.7,140.8
15/08/2012,134.9,129.7,140.8
16/08/2012,136.7,129.8,140.2
17/08/2012,138.8,128.1,140.5
20/08/2012,135.6,127.5,140.4
21/08/2012,138.3,128.6,140.4
22/08/2012,142.8,129.2,140.4
23/08/2012,142.8,129.2,140.4
24/08/2012,137.7,126.3,139.4
27/08/2012,134.1,128.2,139
28/08/2012,136,128.6,139.8
29/08/2012,135.8,131.7,140.2
30/08/2012,132.5,128,138.9
31/08/2012,138.1,128.4,139.4
3/09/2012,135.8,130.6,142.6
4/09/2012,139.2,125.2,138.9
5/09/2012,143.3,126.5,139.2
6/09/2012,144.9,126.9,139.2
7/09/2012,138.1,126.7,138.7
10/09/2012,143.3,122,141.2
11/09/2012,139.2,121.8,141.2
12/09/2012,136.1,122.5,141.2
13/09/2012,133.9,123.2,140.2
14/09/2012,138.1,125.2,139.3
17/09/2012,139.9,127.9,140.8
18/09/2012,138.3,127.6,139.9
19/09/2012,137,127.6,139.9
20/09/2012,137,127.6,139.9
21/09/2012,141.1,127.8,138.9
24/09/2012,141.2,127.8,138.9
25/09/2012,131.7,122.4,138.9
26/09/2012,134,119.8,139.1
27/09/2012,137.1,120.5,139.6
28/09/2012,139.3,121.1,139.9
1/10/2012,141.5,124.8,139
2/10/2012,135.1,122.7,140.5
3/10/2012,136.2,123.6,140.3
4/10/2012,139.7,126.6,139.5
5/10/2012,137.5,125.3,138.9
8/10/2012,135.6,124.2,139
9/10/2012,135.2,123,139.5
10/10/2012,139.5,124,139.9
11/10/2012,136,127.7,139.1
12/10/2012,134.5,125.4,137.2
15/10/2012,141.8,126.2,137.2
16/10/2012,138.4,126.8,137.6
17/10/2012,133.7,124,137.6
18/10/2012,137.5,117,138
19/10/2012,136.3,122.1,138.5
22/10/2012,141.9,123.6,139.7
23/10/2012,150.6,125.5,139.9
24/10/2012,149.2,125.5,139.9
25/10/2012,142,123.6,137.7
26/10/2012,141.8,125.5,137.2
29/10/2012,141.6,125.4,137
30/10/2012,139.3,124.8,137.5
31/10/2012,136.1,123,137.7
1/11/2012,128.5,128.2,138.6
2/11/2012,136.1,126.3,139.1
5/11/2012,140.3,128.7,138.6
6/11/2012,134.3,125.1,138.9
7/11/2012,137.3,125.5,138.5
8/11/2012,139.7,126,138.7
9/11/2012,137,117.1,137.7
12/11/2012,146.1,118.1,137.9
13/11/2012,145.5,118.5,137.9
14/11/2012,144.7,119.9,137.1
15/11/2012,144,119.5,137.3
16/11/2012,144,119.5,137.3
19/11/2012,137.3,124.3,144.7
20/11/2012,135,120.1,142
21/11/2012,135.9,118.7,138.2
22/11/2012,132.3,118.4,137.4
23/11/2012,133.6,121,138.3
26/11/2012,132,118.8,137.7
27/11/2012,135.4,116.7,137.9
28/11/2012,135.8,117.9,138.4
29/11/2012,137.7,120.1,138.4
30/11/2012,135.3,120.4,138.7
3/12/2012,143.8,120.4,140.4
4/12/2012,145.4,120.4,140.4
5/12/2012,145.7,128.2,144.3
6/12/2012,141.6,125.3,143.3
7/12/2012,138.7,121.3,141.4
10/12/2012,137.5,121.8,145.2
11/12/2012,135.2,118.8,143.1
12/12/2012,138.2,119.1,143.1
13/12/2012,140.6,118.9,143.7
14/12/2012,140.4,121.6,143.4
17/12/2012,140.6,118.9,144.4
18/12/2012,141.8,116.8,144.3
19/12/2012,141.4,116.1,144.4
20/12/2012,137.5,117.4,144.1
21/12/2012,140.4,119.3,143
24/12/2012,138.7,118.2,146.9
25/12/2012,139.4,119.1,146.7
26/12/2012,140,119.7,146.3
27/12/2012,137.8,120.4,146.8
28/12/2012,136.2,118.9,147.4
31/12/2012,135.6,120.4,147.3
1/01/2013,137.8,120.9,147.6
2/01/2013,138,121.2,147.6
3/01/2013,138,121.2,147.6
4/01/2013,135.4,121.6,146.1
7/01/2013,136.8,121.5,146.2
8/01/2013,140.7,122.9,145.6
9/01/2013,140,122.9,146.6
10/01/2013,137.4,124.3,146.5
11/01/2013,137,120.2,147.2
14/01/2013,139.4,120.7,146.1
15/01/2013,139.4,119.4,145.7
16/01/2013,139.9,119.8,145.7
17/01/2013,156.5,125.7,144.3
18/01/2013,143.2,124.3,143.3
21/01/2013,141.8,122.3,144.3
22/01/2013,141.9,121,142.3
23/01/2013,139.4,120.2,142.4
24/01/2013,143.4,106.9,142.8
25/01/2013,145.5,115.9,142.7
28/01/2013,139.3,121.9,147
29/01/2013,138.6,120.4,147.7
30/01/2013,136.9,119.5,147.3
31/01/2013,142.9,123.3,147.5
1/02/2013,137.5,122.5,146.4
4/02/2013,137.9,124.4,146
5/02/2013,143.2,122.5,146.3
6/02/2013,144,122.7,146
7/02/2013,141.8,118.2,146.9
8/02/2013,141.8,118.2,146.9
11/02/2013,140.1,120.9,146.1
12/02/2013,143.5,121.2,145.8
13/02/2013,142,120.2,142.3
14/02/2013,146.5,121.6,142.6
15/02/2013,154.4,127.5,144.8
18/02/2013,147,122.6,145.4
19/02/2013,142.3,124.1,145.4
20/02/2013,146.2,122.4,146.1
21/02/2013,143,119.4,139.8
22/02/2013,142.7,120.7,141.2
25/02/2013,142.9,121.6,142.5
26/02/2013,140.7,122,144.6
27/02/2013,140.3,121.6,144.2
28/02/2013,140.2,120.6,144.8
1/03/2013,137,119.7,144.9
4/03/2013,142.4,128.1,145
5/03/2013,138.3,123.6,144.8
6/03/2013,136.4,123.9,144
7/03/2013,142.2,123.9,144
8/03/2013,139.2,126.3,145.6
11/03/2013,139.7,126.1,144.8
12/03/2013,139.2,124.2,143
13/03/2013,139.6,125.4,144.6
14/03/2013,139.9,125.8,145.3
15/03/2013,142.2,124,145.3
18/03/2013,141.7,120.4,144.7
19/03/2013,141,120.9,145.6
20/03/2013,139.6,122.1,147.2
21/03/2013,140.2,123.2,146.7
22/03/2013,140.9,125.9,146
25/03/2013,138.9,124.7,148.9
26/03/2013,142,124.8,148.9
27/03/2013,150.5,130.5,146.8
28/03/2013,147.1,127,147
29/03/2013,142.7,123,146.1
1/04/2013,142.1,122.9,146.1
2/04/2013,144.7,125.5,146.4
3/04/2013,149.4,125.2,144.8
4/04/2013,141.2,125.5,145
5/04/2013,136.7,125.2,147.2
8/04/2013,140.4,123.4,146.8
9/04/2013,142,124.6,147.3
10/04/2013,140,123.6,147.3
11/04/2013,136,123.4,147.3
12/04/2013,137.6,124.6,148
15/04/2013,143.6,123.5,148.6
16/04/2013,139.3,121.9,148.6
17/04/2013,139.3,121,148.6
18/04/2013,142.2,121.4,148.7
19/04/2013,142.8,123.9,149.3
22/04/2013,140.5,121.9,149.4
23/04/2013,135.7,122.3,149.4
24/04/2013,140.3,123.6,149.1
25/04/2013,139.3,122.8,149.1
26/04/2013,151.5,123.9,149.4
29/04/2013,149.4,125.2,149.4
30/04/2013,148.6,123.6,151
1/05/2013,145,122.1,150.8
2/05/2013,153,138.3,146.3
3/05/2013,140.6,133.6,146.3
6/05/2013,142.3,132.6,142.4
7/05/2013,137.6,130.6,144.1
8/05/2013,140.9,130.2,144.6
9/05/2013,135.3,127.1,142.5
10/05/2013,136.6,127,143.1
13/05/2013,139.7,131.8,144.9
14/05/2013,138.3,133,146.6
15/05/2013,139.8,132.8,147.8
16/05/2013,135.5,132.2,147
17/05/2013,133.6,130.7,147.1
20/05/2013,145.6,133.8,145.9
21/05/2013,143.8,132.4,145.9
22/05/2013,141,129.7,147.5
23/05/2013,135.5,130,146.4
24/05/2013,140.9,129.7,146.2
27/05/2013,144,129.2,146.6
28/05/2013,140.5,128.5,147
29/05/2013,142,126.3,147.9
30/05/2013,143.5,125.6,147.9
31/05/2013,142.1,123.1,147.7
3/06/2013,141.9,131.9,149.5
4/06/2013,141,129.3,147.6
5/06/2013,149.1,127,144.1
6/06/2013,147.3,126.8,144.3
7/06/2013,138,128.7,144.7
10/06/2013,139.5,131,146.9
11/06/2013,143.9,130.4,146.7
12/06/2013,144.9,127.9,146.4
13/06/2013,143.3,127.7,147.8
14/06/2013,143.8,128.9,146.6
17/06/2013,146.9,129.3,146.1
18/06/2013,151,128.7,145.2
19/06/2013,151.5,128.5,145.2
20/06/2013,148.5,128,144.9
21/06/2013,139.3,130.6,144.8
24/06/2013,145.4,131.8,150.1
25/06/2013,143.4,129.5,149.7
26/06/2013,143.3,133.7,149.4
27/06/2013,139.6,133.2,149.7
28/06/2013,143.8,128.9,149
1/07/2013,146.9,130.7,153.9
2/07/2013,147.4,130.8,154.1
3/07/2013,142,129.7,154.1
4/07/2013,143.5,130.9,153.2
5/07/2013,143.1,129.5,152
8/07/2013,137.1,135.5,151.3
9/07/2013,137.3,132.4,149.7
10/07/2013,136.9,133.8,149.7
11/07/2013,139.4,133.7,150.9
12/07/2013,145.9,133.1,151.4
15/07/2013,140.3,134.1,149.6
16/07/2013,142.2,133.4,149
17/07/2013,137.6,128.5,148.8
18/07/2013,141.4,125.8,148.8
19/07/2013,142.6,124.9,146.3
22/07/2013,139.2,137.6,144.4
23/07/2013,143.1,133.4,145.7
24/07/2013,139.7,132.3,146.4
25/07/2013,145.5,132.8,146.7
26/07/2013,137,129.5,147.8
29/07/2013,139.2,135.7,149.7
30/07/2013,140.5,134.5,149.7
31/07/2013,140.5,131.4,150
1/08/2013,143.9,131.5,149.1
2/08/2013,142.2,131.2,148.6
