Date,Price
2/08/1993,143.15
3/08/1993,143.75
4/08/1993,144.25
5/08/1993,140.75
6/08/1993,138.75
9/08/1993,139.75
10/08/1993,140.5
11/08/1993,140.25
12/08/1993,140.25
13/08/1993,137.75
16/08/1993,139.25
17/08/1993,138.25
18/08/1993,138.25
19/08/1993,138.5
20/08/1993,136.75
23/08/1993,136
24/08/1993,134.25
25/08/1993,128.75
26/08/1993,122.55
27/08/1993,120
30/08/1993,120
31/08/1993,125.75
1/09/1993,123.5
2/09/1993,122.2
3/09/1993,122
6/09/1993,122.5
7/09/1993,119.75
8/09/1993,117
9/09/1993,117.85
10/09/1993,120.25
13/09/1993,117.25
14/09/1993,115.75
15/09/1993,117.5
16/09/1993,119.75
17/09/1993,121
20/09/1993,120.5
21/09/1993,124.5
22/09/1993,123
23/09/1993,124.25
24/09/1993,125.25
27/09/1993,125
28/09/1993,124
29/09/1993,124.75
30/09/1993,125.25
1/10/1993,125.15
4/10/1993,125.6
5/10/1993,123.9
6/10/1993,124.5
7/10/1993,126.85
8/10/1993,126.9
11/10/1993,129.5
12/10/1993,130.75
13/10/1993,133
14/10/1993,134
15/10/1993,132.75
18/10/1993,130.5
19/10/1993,132.75
20/10/1993,133.65
21/10/1993,131.6
22/10/1993,130
25/10/1993,131.1
26/10/1993,130
27/10/1993,130.6
28/10/1993,129.5
29/10/1993,130
1/11/1993,127.75
2/11/1993,128.5
3/11/1993,127.4
4/11/1993,130.4
5/11/1993,130.5
8/11/1993,128.75
9/11/1993,128.9
10/11/1993,128.65
11/11/1993,129
12/11/1993,129.25
15/11/1993,129.5
16/11/1993,130.35
17/11/1993,129.25
18/11/1993,129.5
19/11/1993,129
22/11/1993,128
23/11/1993,126.25
24/11/1993,125.1
25/11/1993,126
26/11/1993,125.5
29/11/1993,122.75
30/11/1993,123.5
1/12/1993,121.4
2/12/1993,123.25
3/12/1993,123
6/12/1993,124.25
7/12/1993,124.9
8/12/1993,127.75
9/12/1993,126.75
10/12/1993,126.25
13/12/1993,127.25
14/12/1993,126.25
15/12/1993,124.65
16/12/1993,125
17/12/1993,125.25
20/12/1993,125.5
21/12/1993,124
22/12/1993,123.25
23/12/1993,124.1
24/12/1993,123.85
27/12/1993,123.85
28/12/1993,123.85
29/12/1993,122.6
30/12/1993,123.4
31/12/1993,123.25
3/01/1994,123.25
4/01/1994,125
5/01/1994,126.75
6/01/1994,124.75
7/01/1994,124.75
10/01/1994,123.65
11/01/1994,123.25
12/01/1994,123.75
13/01/1994,123.5
14/01/1994,123.75
17/01/1994,124.9
18/01/1994,124.9
19/01/1994,124.9
20/01/1994,124.25
21/01/1994,123.6
24/01/1994,123.5
25/01/1994,123.75
26/01/1994,124
27/01/1994,124.75
28/01/1994,123.75
31/01/1994,124.5
1/02/1994,125.1
2/02/1994,126.75
3/02/1994,126.85
4/02/1994,128.1
7/02/1994,128
8/02/1994,130.5
9/02/1994,130.5
10/02/1994,132.5
11/02/1994,132.75
14/02/1994,133.25
15/02/1994,135.25
16/02/1994,136
17/02/1994,135
18/02/1994,133.9
21/02/1994,133.25
22/02/1994,132.75
23/02/1994,131.75
24/02/1994,132.25
25/02/1994,136.75
28/02/1994,135.75
1/03/1994,135.25
2/03/1994,135.1
3/03/1994,129.25
4/03/1994,128.75
7/03/1994,130.75
8/03/1994,130.75
9/03/1994,131.25
10/03/1994,131.95
11/03/1994,133.75
14/03/1994,133
15/03/1994,133.25
16/03/1994,133.25
17/03/1994,132.75
18/03/1994,133.25
21/03/1994,133.25
22/03/1994,134.35
23/03/1994,134
24/03/1994,134.85
25/03/1994,134.75
28/03/1994,134.4
29/03/1994,133.75
30/03/1994,133.75
31/03/1994,133.5
1/04/1994,133.5
4/04/1994,133.5
5/04/1994,134.75
6/04/1994,134
7/04/1994,132.75
8/04/1994,133.25
11/04/1994,133.25
12/04/1994,132.75
13/04/1994,132
14/04/1994,132.75
15/04/1994,132
18/04/1994,132.25
19/04/1994,131.25
20/04/1994,132.75
21/04/1994,134
22/04/1994,133
25/04/1994,134.25
26/04/1994,135.25
27/04/1994,135.25
28/04/1994,134.75
29/04/1994,136.75
2/05/1994,136.75
3/05/1994,139.9
4/05/1994,139.4
5/05/1994,136.75
6/05/1994,136
9/05/1994,137.5
10/05/1994,135.75
11/05/1994,134.5
12/05/1994,135.5
13/05/1994,135.75
16/05/1994,135.1
17/05/1994,135.25
18/05/1994,134.75
19/05/1994,135.1
20/05/1994,135.5
23/05/1994,136.65
24/05/1994,137.5
25/05/1994,136.65
26/05/1994,134
27/05/1994,134.25
30/05/1994,134.25
31/05/1994,134.5
1/06/1994,135.75
2/06/1994,134.25
3/06/1994,134.35
6/06/1994,133.85
7/06/1994,134.15
8/06/1994,135.25
9/06/1994,135.5
10/06/1994,136.25
13/06/1994,137
14/06/1994,137.75
15/06/1994,137.5
16/06/1994,137.5
17/06/1994,138.4
20/06/1994,138.75
21/06/1994,139.25
22/06/1994,138.5
23/06/1994,138.25
24/06/1994,138.25
27/06/1994,138.5
28/06/1994,138.5
29/06/1994,139.15
30/06/1994,141.25
1/07/1994,142.85
4/07/1994,143.75
5/07/1994,143.75
6/07/1994,143.65
7/07/1994,143
8/07/1994,143.75
11/07/1994,145.35
12/07/1994,144.65
13/07/1994,145.75
14/07/1994,145.9
15/07/1994,146.25
18/07/1994,147.3
19/07/1994,145.75
20/07/1994,145.75
21/07/1994,145.65
22/07/1994,145.4
25/07/1994,147.5
26/07/1994,151
27/07/1994,152.2
28/07/1994,150.75
29/07/1994,150
1/08/1994,152.25
2/08/1994,153.5
3/08/1994,153.75
4/08/1994,150
5/08/1994,149.25
8/08/1994,149.75
9/08/1994,151.25
10/08/1994,152
11/08/1994,151
12/08/1994,153
15/08/1994,152
16/08/1994,152.25
17/08/1994,152.6
18/08/1994,153
19/08/1994,154
22/08/1994,154.35
23/08/1994,153.25
24/08/1994,152.25
25/08/1994,151.5
26/08/1994,151.75
29/08/1994,151.75
30/08/1994,151.75
31/08/1994,151.9
1/09/1994,152.5
2/09/1994,153.25
5/09/1994,154.25
6/09/1994,154
7/09/1994,154.25
8/09/1994,153.25
9/09/1994,152.25
12/09/1994,151.75
13/09/1994,148.5
14/09/1994,149.55
15/09/1994,148.75
16/09/1994,149.75
19/09/1994,152.25
20/09/1994,153
21/09/1994,156.25
22/09/1994,155.5
23/09/1994,156.25
26/09/1994,155.5
27/09/1994,155
28/09/1994,154
29/09/1994,151.85
30/09/1994,152
3/10/1994,151.5
4/10/1994,152.5
5/10/1994,152.75
6/10/1994,153.6
7/10/1994,153.5
10/10/1994,153.25
11/10/1994,150.25
12/10/1994,152.4
13/10/1994,151.5
14/10/1994,152.75
17/10/1994,153.5
18/10/1994,154.75
19/10/1994,154.75
20/10/1994,156.25
21/10/1994,156.35
24/10/1994,155.6
25/10/1994,156.35
26/10/1994,157
27/10/1994,159.25
28/10/1994,159.75
31/10/1994,158.9
1/11/1994,158.85
2/11/1994,160
3/11/1994,161.25
4/11/1994,160
7/11/1994,158
8/11/1994,157
9/11/1994,157.25
10/11/1994,155.75
11/11/1994,156.25
14/11/1994,156.4
15/11/1994,158
16/11/1994,156.5
17/11/1994,156.4
18/11/1994,156.25
21/11/1994,153.75
22/11/1994,154.6
23/11/1994,155
24/11/1994,153.75
25/11/1994,154.15
28/11/1994,154
29/11/1994,153.9
30/11/1994,154.6
1/12/1994,152
2/12/1994,156
5/12/1994,152
6/12/1994,153.25
7/12/1994,153.3
8/12/1994,153
9/12/1994,152
12/12/1994,153.5
13/12/1994,153.5
14/12/1994,152.25
15/12/1994,152
16/12/1994,152.75
19/12/1994,152.75
20/12/1994,153.85
21/12/1994,153.75
22/12/1994,154
23/12/1994,154
26/12/1994,154
27/12/1994,154
28/12/1994,156.1
29/12/1994,157.25
30/12/1994,156.75
2/01/1995,156.75
3/01/1995,156.75
4/01/1995,155.25
5/01/1995,154.55
6/01/1995,154.75
9/01/1995,153.75
10/01/1995,154.9
11/01/1995,155.75
12/01/1995,156.25
13/01/1995,155.5
16/01/1995,153.25
17/01/1995,154.75
18/01/1995,157
19/01/1995,156.25
20/01/1995,156.25
23/01/1995,157.75
24/01/1995,157.5
25/01/1995,157.75
26/01/1995,158.5
27/01/1995,157.9
30/01/1995,156.75
31/01/1995,157
1/02/1995,157.5
2/02/1995,157.25
3/02/1995,157
6/02/1995,157.5
7/02/1995,156.75
8/02/1995,156
9/02/1995,157.25
10/02/1995,156.85
13/02/1995,157
14/02/1995,157
15/02/1995,157.5
16/02/1995,156.75
17/02/1995,157.25
20/02/1995,157.25
21/02/1995,157
22/02/1995,157.25
23/02/1995,157
24/02/1995,156.5
27/02/1995,155
28/02/1995,154.25
1/03/1995,153.5
2/03/1995,152.5
3/03/1995,152.85
6/03/1995,152.9
7/03/1995,154.5
8/03/1995,157.5
9/03/1995,155
10/03/1995,156.75
13/03/1995,159.5
14/03/1995,159.75
15/03/1995,161.6
16/03/1995,161.85
17/03/1995,163.75
20/03/1995,167.25
21/03/1995,166
22/03/1995,165.65
23/03/1995,168.5
24/03/1995,174.15
27/03/1995,170.25
28/03/1995,167.25
29/03/1995,176
30/03/1995,173
31/03/1995,174.5
3/04/1995,172.75
4/04/1995,174.75
5/04/1995,178.25
6/04/1995,173
7/04/1995,173.75
10/04/1995,172
11/04/1995,171
12/04/1995,171.85
13/04/1995,169.5
14/04/1995,169.5
17/04/1995,169.5
18/04/1995,173.5
19/04/1995,170.25
20/04/1995,171.25
21/04/1995,164.25
24/04/1995,165.5
25/04/1995,162.5
26/04/1995,162
27/04/1995,159.25
28/04/1995,163
1/05/1995,162.5
2/05/1995,162.9
3/05/1995,163.25
4/05/1995,164
5/05/1995,163.75
8/05/1995,163.75
9/05/1995,160.25
10/05/1995,158
11/05/1995,159.75
12/05/1995,159.75
15/05/1995,161.75
16/05/1995,161.5
17/05/1995,157.25
18/05/1995,157.25
19/05/1995,157.75
22/05/1995,157.05
23/05/1995,157.4
24/05/1995,158.5
25/05/1995,160.75
26/05/1995,162
29/05/1995,162
30/05/1995,162.75
31/05/1995,162
1/06/1995,158.25
2/06/1995,157.25
5/06/1995,156.25
6/06/1995,156.4
7/06/1995,156.25
8/06/1995,157
9/06/1995,157
12/06/1995,160
13/06/1995,159.5
14/06/1995,159.75
15/06/1995,160.25
16/06/1995,160.5
19/06/1995,160
20/06/1995,159.5
21/06/1995,158.75
22/06/1995,157.25
23/06/1995,156.9
26/06/1995,157
27/06/1995,160
28/06/1995,160.75
29/06/1995,158.25
30/06/1995,159
3/07/1995,158
4/07/1995,157.75
5/07/1995,156.5
6/07/1995,158.25
7/07/1995,158
10/07/1995,159
11/07/1995,156.75
12/07/1995,156.75
13/07/1995,155.75
14/07/1995,154.5
17/07/1995,154.75
18/07/1995,155
19/07/1995,154.5
20/07/1995,153.5
21/07/1995,151.75
24/07/1995,154.3
25/07/1995,154
26/07/1995,154.5
27/07/1995,154.5
28/07/1995,152.4
31/07/1995,153
1/08/1995,152
2/08/1995,151.75
3/08/1995,152
4/08/1995,152.5
7/08/1995,152.5
8/08/1995,152
9/08/1995,152.5
10/08/1995,151.25
11/08/1995,148.75
14/08/1995,146.25
15/08/1995,148.5
16/08/1995,148.25
17/08/1995,149.75
18/08/1995,149.75
21/08/1995,151
22/08/1995,149.95
23/08/1995,148.75
24/08/1995,149.25
25/08/1995,148.5
28/08/1995,148.5
29/08/1995,148
30/08/1995,145.25
31/08/1995,145.5
1/09/1995,146.25
4/09/1995,146
5/09/1995,144.25
6/09/1995,144.5
7/09/1995,145.3
8/09/1995,145.4
11/09/1995,145.5
12/09/1995,146
13/09/1995,147
14/09/1995,146.75
15/09/1995,146.5
18/09/1995,146.25
19/09/1995,146
20/09/1995,145.6
21/09/1995,136.25
22/09/1995,138.75
25/09/1995,135.75
26/09/1995,137.5
27/09/1995,137.85
28/09/1995,140.35
29/09/1995,142.25
2/10/1995,141.5
3/10/1995,139.6
4/10/1995,136.5
5/10/1995,134
6/10/1995,134.75
9/10/1995,138.5
10/10/1995,138.5
11/10/1995,138.25
12/10/1995,138
13/10/1995,136.9
16/10/1995,137.25
17/10/1995,137.5
18/10/1995,137.5
19/10/1995,134.25
20/10/1995,135.5
23/10/1995,134.75
24/10/1995,134.75
25/10/1995,135.9
26/10/1995,134.5
27/10/1995,136.15
30/10/1995,135.75
31/10/1995,136.5
1/11/1995,136.25
2/11/1995,135.65
3/11/1995,135.65
6/11/1995,133.5
7/11/1995,133.25
8/11/1995,134.5
9/11/1995,134.25
10/11/1995,136.25
13/11/1995,135.25
14/11/1995,134.5
15/11/1995,134.4
16/11/1995,134.6
17/11/1995,134
20/11/1995,133.75
21/11/1995,134.3
22/11/1995,132.75
23/11/1995,133
24/11/1995,133.15
27/11/1995,133.15
28/11/1995,134.25
29/11/1995,132.25
30/11/1995,132.15
1/12/1995,132.15
4/12/1995,130
5/12/1995,132.75
6/12/1995,133.15
7/12/1995,131.85
8/12/1995,132.25
11/12/1995,133.75
12/12/1995,136
13/12/1995,133.4
14/12/1995,133.25
15/12/1995,130.75
18/12/1995,131.5
19/12/1995,132.5
20/12/1995,128.25
21/12/1995,130.75
22/12/1995,130.5
25/12/1995,130.5
26/12/1995,130.5
27/12/1995,130.75
28/12/1995,128.25
29/12/1995,127.5
1/01/1996,127.5
2/01/1996,128.5
3/01/1996,133
4/01/1996,131.5
5/01/1996,131.75
8/01/1996,130.75
9/01/1996,129.55
10/01/1996,129.5
11/01/1996,129
12/01/1996,128.5
15/01/1996,129.25
16/01/1996,130.25
17/01/1996,130
18/01/1996,130
19/01/1996,129.5
22/01/1996,131
23/01/1996,130.5
24/01/1996,128.25
25/01/1996,129
26/01/1996,128.35
29/01/1996,126.75
30/01/1996,128.25
31/01/1996,127.75
1/02/1996,130
2/02/1996,137.5
5/02/1996,141
6/02/1996,139.5
7/02/1996,141
8/02/1996,139.75
9/02/1996,139.35
12/02/1996,138
13/02/1996,138.5
14/02/1996,140
15/02/1996,143.75
16/02/1996,142.25
19/02/1996,141
20/02/1996,138.75
21/02/1996,140
22/02/1996,140
23/02/1996,140.25
26/02/1996,139.9
27/02/1996,139.25
28/02/1996,137.5
29/02/1996,137.5
1/03/1996,137
4/03/1996,137
5/03/1996,132.25
6/03/1996,133.75
7/03/1996,135.25
8/03/1996,136.75
11/03/1996,140.5
12/03/1996,141.5
13/03/1996,141
14/03/1996,139
15/03/1996,138.75
18/03/1996,138
19/03/1996,138
20/03/1996,138.75
21/03/1996,139
22/03/1996,139.25
25/03/1996,140.5
26/03/1996,140.75
27/03/1996,141
28/03/1996,139
29/03/1996,139
1/04/1996,140.5
2/04/1996,140.5
3/04/1996,140.4
4/04/1996,140
5/04/1996,140
8/04/1996,140
9/04/1996,139.5
10/04/1996,138
11/04/1996,138
12/04/1996,136.25
15/04/1996,136.4
16/04/1996,136
17/04/1996,135.5
18/04/1996,135.25
19/04/1996,135.25
22/04/1996,133.5
23/04/1996,134.9
24/04/1996,133.5
25/04/1996,134.75
26/04/1996,135.5
29/04/1996,130.5
30/04/1996,128.75
1/05/1996,131.5
2/05/1996,134
3/05/1996,134.85
6/05/1996,134.85
7/05/1996,135
8/05/1996,135.4
9/05/1996,133.75
10/05/1996,133
13/05/1996,132.5
14/05/1996,133
15/05/1996,133.75
16/05/1996,132.25
17/05/1996,132.75
20/05/1996,130.25
21/05/1996,128.25
22/05/1996,128.45
23/05/1996,129.75
24/05/1996,128.75
27/05/1996,128.75
28/05/1996,130.5
29/05/1996,132
30/05/1996,131.75
31/05/1996,131.5
3/06/1996,131
4/06/1996,130.2
5/06/1996,127.75
6/06/1996,127.6
7/06/1996,128.75
10/06/1996,128.35
11/06/1996,128
12/06/1996,128.5
13/06/1996,128.75
14/06/1996,128.75
17/06/1996,129.9
18/06/1996,129.75
19/06/1996,129
20/06/1996,129.15
21/06/1996,129.25
24/06/1996,129.4
25/06/1996,130.65
26/06/1996,131.4
27/06/1996,134
28/06/1996,132.35
1/07/1996,133.75
2/07/1996,133.25
3/07/1996,133.75
4/07/1996,132.5
5/07/1996,131.5
8/07/1996,130.75
9/07/1996,130
10/07/1996,131.25
11/07/1996,130.25
12/07/1996,130.65
15/07/1996,131.25
16/07/1996,133.15
17/07/1996,132.25
18/07/1996,132.5
19/07/1996,133
22/07/1996,133.25
23/07/1996,134
24/07/1996,133.65
25/07/1996,131.65
26/07/1996,130
29/07/1996,130.5
30/07/1996,129.5
31/07/1996,130
1/08/1996,131.5
2/08/1996,129.75
5/08/1996,129
6/08/1996,128
7/08/1996,128.5
8/08/1996,128.75
9/08/1996,129.5
12/08/1996,128.25
13/08/1996,129.25
14/08/1996,127.4
15/08/1996,126.75
16/08/1996,124.25
19/08/1996,124
20/08/1996,125
21/08/1996,125.5
22/08/1996,124.25
23/08/1996,124.5
26/08/1996,124.5
27/08/1996,124.25
28/08/1996,125.25
29/08/1996,126
30/08/1996,125.5
2/09/1996,125.5
3/09/1996,125.25
4/09/1996,125.25
5/09/1996,125
6/09/1996,124.4
9/09/1996,125
10/09/1996,124
11/09/1996,122.25
12/09/1996,121.75
13/09/1996,122
16/09/1996,121.5
17/09/1996,121
18/09/1996,120.5
19/09/1996,121
20/09/1996,119.5
23/09/1996,116.75
24/09/1996,117
25/09/1996,119
26/09/1996,117.5
27/09/1996,117.75
30/09/1996,118.75
1/10/1996,118.75
2/10/1996,120.5
3/10/1996,120
4/10/1996,120.75
7/10/1996,119.5
8/10/1996,118
9/10/1996,117.25
10/10/1996,117.25
11/10/1996,117.25
14/10/1996,116.5
15/10/1996,116.25
16/10/1996,116.25
17/10/1996,115.75
18/10/1996,115.75
21/10/1996,116.25
22/10/1996,117.75
23/10/1996,118.75
24/10/1996,117.5
25/10/1996,117
28/10/1996,116.25
29/10/1996,115.5
30/10/1996,115.75
31/10/1996,116.5
1/11/1996,115.75
4/11/1996,116.25
5/11/1996,117.5
6/11/1996,116.5
7/11/1996,116.5
8/11/1996,116
11/11/1996,117
12/11/1996,118.25
13/11/1996,118.75
14/11/1996,120.5
15/11/1996,117.75
18/11/1996,118.75
19/11/1996,118
20/11/1996,118.5
21/11/1996,118
22/11/1996,117.5
25/11/1996,117.25
26/11/1996,115.5
27/11/1996,114.5
28/11/1996,114.25
29/11/1996,114.5
2/12/1996,114.5
3/12/1996,115.25
4/12/1996,117
5/12/1996,116
6/12/1996,115.5
9/12/1996,117
10/12/1996,118
11/12/1996,120
12/12/1996,118.75
13/12/1996,117.5
16/12/1996,117.75
17/12/1996,117.5
18/12/1996,117.5
19/12/1996,118
20/12/1996,118.75
23/12/1996,118.75
24/12/1996,118.75
25/12/1996,118.75
26/12/1996,118.75
27/12/1996,117
30/12/1996,116.5
31/12/1996,116.5
1/01/1997,116.5
2/01/1997,120.25
3/01/1997,119.75
6/01/1997,118
7/01/1997,119.5
8/01/1997,120
9/01/1997,122.25
10/01/1997,122.5
13/01/1997,122.25
14/01/1997,121.25
15/01/1997,120
16/01/1997,121.25
17/01/1997,122.25
20/01/1997,121.5
21/01/1997,121.75
22/01/1997,121.25
23/01/1997,121.25
24/01/1997,122
27/01/1997,122.5
28/01/1997,122.75
29/01/1997,121.25
30/01/1997,121.5
31/01/1997,123.65
3/02/1997,124.25
4/02/1997,128
5/02/1997,126.75
6/02/1997,129
7/02/1997,130.5
10/02/1997,134.25
11/02/1997,135.25
12/02/1997,136.65
13/02/1997,138.75
14/02/1997,136.25
17/02/1997,133.25
18/02/1997,134.75
19/02/1997,134.5
20/02/1997,132.25
21/02/1997,136
24/02/1997,139
25/02/1997,140
26/02/1997,150
27/02/1997,157
28/02/1997,152.5
3/03/1997,150
4/03/1997,149.75
5/03/1997,143.75
6/03/1997,146.5
7/03/1997,148.75
10/03/1997,151
11/03/1997,157.5
12/03/1997,151.5
13/03/1997,152
14/03/1997,152.25
17/03/1997,152
18/03/1997,142.5
19/03/1997,145.75
20/03/1997,151.25
21/03/1997,148.5
24/03/1997,148
25/03/1997,142
26/03/1997,143.5
27/03/1997,146.5
28/03/1997,146.5
31/03/1997,146.5
1/04/1997,145.75
2/04/1997,149.25
3/04/1997,146.5
4/04/1997,146
7/04/1997,150.5
8/04/1997,154
9/04/1997,157
10/04/1997,155.5
11/04/1997,157.5
14/04/1997,154.25
15/04/1997,150.5
16/04/1997,149
17/04/1997,151.5
18/04/1997,150.5
21/04/1997,156.5
22/04/1997,156.5
23/04/1997,154
24/04/1997,157
25/04/1997,161.5
28/04/1997,157.75
29/04/1997,159.25
30/04/1997,156
1/05/1997,156.5
2/05/1997,157.75
5/05/1997,157.75
6/05/1997,157.75
7/05/1997,155
8/05/1997,157.6
9/05/1997,164.5
12/05/1997,169.25
13/05/1997,170
14/05/1997,174.5
15/05/1997,172.85
16/05/1997,172.85
19/05/1997,170
20/05/1997,179.75
21/05/1997,170
22/05/1997,174.5
23/05/1997,170.4
26/05/1997,170.4
27/05/1997,177.5
28/05/1997,175
29/05/1997,193
30/05/1997,182
2/06/1997,172
3/06/1997,188.5
4/06/1997,208
5/06/1997,210
6/06/1997,230
9/06/1997,228
10/06/1997,212
11/06/1997,218
12/06/1997,209
13/06/1997,202
16/06/1997,203
17/06/1997,196
18/06/1997,190
19/06/1997,203
20/06/1997,200
23/06/1997,200
24/06/1997,194.5
25/06/1997,196
26/06/1997,195.5
27/06/1997,194
30/06/1997,192
1/07/1997,196
2/07/1997,192
3/07/1997,191
4/07/1997,191
7/07/1997,180
8/07/1997,176
9/07/1997,168.5
10/07/1997,162
11/07/1997,169
14/07/1997,172
15/07/1997,172
16/07/1997,175.25
17/07/1997,175.5
18/07/1997,182
21/07/1997,191
22/07/1997,198.5
23/07/1997,197
24/07/1997,198
25/07/1997,205
28/07/1997,204
29/07/1997,198
30/07/1997,209
31/07/1997,211
1/08/1997,227.5
4/08/1997,239
5/08/1997,239
6/08/1997,232
7/08/1997,219
8/08/1997,232
11/08/1997,234
12/08/1997,230
13/08/1997,224
14/08/1997,215
15/08/1997,211
18/08/1997,206
19/08/1997,198
20/08/1997,190
21/08/1997,190
22/08/1997,198
25/08/1997,198
26/08/1997,197
27/08/1997,186.5
28/08/1997,188
29/08/1997,191
1/09/1997,187
2/09/1997,187.5
3/09/1997,186.5
4/09/1997,189
5/09/1997,188.5
8/09/1997,186.5
9/09/1997,186.5
10/09/1997,187
11/09/1997,191.5
12/09/1997,193.5
15/09/1997,193
16/09/1997,191.5
17/09/1997,187
18/09/1997,191
19/09/1997,195
22/09/1997,193
23/09/1997,188.5
24/09/1997,194
25/09/1997,192
26/09/1997,193
29/09/1997,195
30/09/1997,194
1/10/1997,192
2/10/1997,192
3/10/1997,192.5
6/10/1997,194
7/10/1997,195
8/10/1997,203
9/10/1997,206
10/10/1997,203
13/10/1997,205
14/10/1997,207
15/10/1997,218.5
16/10/1997,222.5
17/10/1997,219
20/10/1997,210
21/10/1997,207
22/10/1997,202.5
23/10/1997,204.5
24/10/1997,201
27/10/1997,205
28/10/1997,203
29/10/1997,213
30/10/1997,213
31/10/1997,207
3/11/1997,209
4/11/1997,209
5/11/1997,210.5
6/11/1997,203
7/11/1997,205
10/11/1997,206
11/11/1997,209
12/11/1997,212
13/11/1997,210
14/11/1997,206
17/11/1997,207
18/11/1997,208
19/11/1997,211
20/11/1997,210.5
21/11/1997,210
24/11/1997,207
25/11/1997,205
26/11/1997,209
27/11/1997,206.5
28/11/1997,204.5
1/12/1997,205
2/12/1997,209.25
3/12/1997,208
4/12/1997,206.5
5/12/1997,207
8/12/1997,208
9/12/1997,206.5
10/12/1997,207.75
11/12/1997,205
12/12/1997,201.25
15/12/1997,194
16/12/1997,188
17/12/1997,187.75
18/12/1997,190
19/12/1997,181
22/12/1997,182
23/12/1997,185
24/12/1997,191
25/12/1997,191
26/12/1997,191
29/12/1997,198
30/12/1997,203
31/12/1997,204
1/01/1998,204
2/01/1998,201.5
5/01/1998,202.5
6/01/1998,201
7/01/1998,203.25
8/01/1998,208.5
9/01/1998,216.5
12/01/1998,226
13/01/1998,232
14/01/1998,241.5
15/01/1998,237
16/01/1998,227
19/01/1998,231
20/01/1998,230.5
21/01/1998,233.25
22/01/1998,236
23/01/1998,230
26/01/1998,234.5
27/01/1998,229
28/01/1998,227
29/01/1998,235.25
30/01/1998,235
2/02/1998,239
3/02/1998,238.5
4/02/1998,238
5/02/1998,243
6/02/1998,240
9/02/1998,236
10/02/1998,234
11/02/1998,234
12/02/1998,242
13/02/1998,238.5
16/02/1998,238
17/02/1998,237.5
18/02/1998,230
19/02/1998,231
20/02/1998,235
23/02/1998,234
24/02/1998,236
25/02/1998,243
26/02/1998,240.5
27/02/1998,233
2/03/1998,234.5
3/03/1998,234.5
4/03/1998,239.5
5/03/1998,237
6/03/1998,237
9/03/1998,241.5
10/03/1998,247.5
11/03/1998,256.25
12/03/1998,259
13/03/1998,273
16/03/1998,280
17/03/1998,276
18/03/1998,266
19/03/1998,270
20/03/1998,275.25
23/03/1998,288
24/03/1998,293.5
25/03/1998,278
26/03/1998,281
27/03/1998,272
30/03/1998,270
31/03/1998,266
1/04/1998,270.5
2/04/1998,272
3/04/1998,280
6/04/1998,283
7/04/1998,272
8/04/1998,283
9/04/1998,286.5
10/04/1998,286.5
13/04/1998,286.5
14/04/1998,318
15/04/1998,314
16/04/1998,296.5
17/04/1998,314.5
20/04/1998,326.5
21/04/1998,337
22/04/1998,380
23/04/1998,383
24/04/1998,383
27/04/1998,370
28/04/1998,372
29/04/1998,366
30/04/1998,365
1/05/1998,363
4/05/1998,363
5/05/1998,358
6/05/1998,355
7/05/1998,323
8/05/1998,325.5
11/05/1998,321
12/05/1998,333
13/05/1998,372
14/05/1998,388
15/05/1998,392
18/05/1998,417
19/05/1998,395
20/05/1998,385.5
21/05/1998,363
22/05/1998,352
25/05/1998,352
26/05/1998,352
27/05/1998,338
28/05/1998,297
29/05/1998,285
1/06/1998,282
2/06/1998,273
3/06/1998,258
4/06/1998,282
5/06/1998,290
8/06/1998,294
9/06/1998,298
10/06/1998,278
11/06/1998,268
12/06/1998,270
15/06/1998,272
16/06/1998,276
17/06/1998,284
18/06/1998,293
19/06/1998,292
22/06/1998,292
23/06/1998,305
24/06/1998,303
25/06/1998,296.5
26/06/1998,295
29/06/1998,296
30/06/1998,297
1/07/1998,293
2/07/1998,295
3/07/1998,287
6/07/1998,289
7/07/1998,296.5
8/07/1998,297
9/07/1998,298
10/07/1998,295
13/07/1998,293
14/07/1998,295
15/07/1998,300
16/07/1998,325
17/07/1998,340
20/07/1998,347
21/07/1998,329
22/07/1998,318
23/07/1998,310
24/07/1998,309
27/07/1998,309
28/07/1998,307
29/07/1998,307
30/07/1998,301
31/07/1998,307.5
3/08/1998,303
4/08/1998,294
5/08/1998,293
6/08/1998,293.5
7/08/1998,290.5
10/08/1998,291
11/08/1998,288
12/08/1998,289
13/08/1998,284
14/08/1998,280
17/08/1998,280
18/08/1998,279
19/08/1998,281
20/08/1998,282
21/08/1998,288
24/08/1998,290
25/08/1998,290
26/08/1998,283
27/08/1998,275.5
28/08/1998,272.5
31/08/1998,272.5
1/09/1998,279
2/09/1998,288
3/09/1998,279
4/09/1998,283
7/09/1998,282
8/09/1998,277
9/09/1998,288
10/09/1998,288
11/09/1998,288
14/09/1998,291
15/09/1998,288
16/09/1998,290
17/09/1998,288
18/09/1998,288
21/09/1998,288
22/09/1998,275.5
23/09/1998,278
24/09/1998,284
25/09/1998,286
28/09/1998,286.5
29/09/1998,279.5
30/09/1998,280
1/10/1998,283
2/10/1998,283
5/10/1998,280
6/10/1998,280
7/10/1998,283
8/10/1998,282
9/10/1998,282.5
12/10/1998,281.5
13/10/1998,278
14/10/1998,277
15/10/1998,275
16/10/1998,277.5
19/10/1998,275
20/10/1998,271
21/10/1998,275.5
22/10/1998,274
23/10/1998,275.75
26/10/1998,277
27/10/1998,281
28/10/1998,280
29/10/1998,277.5
30/10/1998,275
2/11/1998,273
3/11/1998,273
4/11/1998,274
5/11/1998,275
6/11/1998,273
9/11/1998,273
10/11/1998,272
11/11/1998,272
12/11/1998,275.75
13/11/1998,277
16/11/1998,287
17/11/1998,277.5
18/11/1998,288
19/11/1998,296
20/11/1998,300
23/11/1998,285
24/11/1998,275.5
25/11/1998,275
26/11/1998,275
27/11/1998,273.5
30/11/1998,274
1/12/1998,272
2/12/1998,271
3/12/1998,271.5
4/12/1998,272
7/12/1998,271.5
8/12/1998,271
9/12/1998,286
10/12/1998,300
11/12/1998,292
14/12/1998,291
15/12/1998,297
16/12/1998,322
17/12/1998,330
18/12/1998,310
21/12/1998,306
22/12/1998,310
23/12/1998,306.75
24/12/1998,306
25/12/1998,306
28/12/1998,306
29/12/1998,327
30/12/1998,330
31/12/1998,329
1/01/1999,329
4/01/1999,337
5/01/1999,332
6/01/1999,324.75
7/01/1999,315
8/01/1999,316
11/01/1999,316
12/01/1999,316
13/01/1999,311
14/01/1999,312
15/01/1999,312
18/01/1999,317
19/01/1999,322.5
20/01/1999,321.5
21/01/1999,320.5
22/01/1999,320
25/01/1999,324
26/01/1999,330
27/01/1999,330
28/01/1999,329
29/01/1999,335
1/02/1999,342.5
2/02/1999,338.5
3/02/1999,346
4/02/1999,357
5/02/1999,352
8/02/1999,345
9/02/1999,347
10/02/1999,359
11/02/1999,357
12/02/1999,356.75
15/02/1999,357
16/02/1999,353
17/02/1999,347
18/02/1999,351
19/02/1999,351
22/02/1999,350
23/02/1999,346
24/02/1999,350
25/02/1999,354.5
26/02/1999,351
1/03/1999,351
2/03/1999,350
3/03/1999,350
4/03/1999,345
5/03/1999,346.5
8/03/1999,347
9/03/1999,346
10/03/1999,345.5
11/03/1999,349
12/03/1999,349
15/03/1999,349.5
16/03/1999,349.5
17/03/1999,348
18/03/1999,349
19/03/1999,352
22/03/1999,353
23/03/1999,353.5
24/03/1999,353.5
25/03/1999,363
26/03/1999,366
29/03/1999,366
30/03/1999,362
31/03/1999,362
1/04/1999,349
2/04/1999,349
5/04/1999,349
6/04/1999,359
7/04/1999,364.5
8/04/1999,363
9/04/1999,363
12/04/1999,365
13/04/1999,366.25
14/04/1999,367.05
15/04/1999,368
16/04/1999,371
19/04/1999,379
20/04/1999,384
21/04/1999,379
22/04/1999,370.5
23/04/1999,363
26/04/1999,352.5
27/04/1999,356
28/04/1999,338.5
29/04/1999,332
30/04/1999,332
3/05/1999,332
4/05/1999,285
5/05/1999,286
6/05/1999,312
7/05/1999,326
10/05/1999,331
11/05/1999,328
12/05/1999,335
13/05/1999,337
14/05/1999,344
17/05/1999,339
18/05/1999,342
19/05/1999,335
20/05/1999,328
21/05/1999,329.5
24/05/1999,330
25/05/1999,330
26/05/1999,340
27/05/1999,339
28/05/1999,338
31/05/1999,338
1/06/1999,340.8
2/06/1999,342.5
3/06/1999,342
4/06/1999,343.5
7/06/1999,344
8/06/1999,346
9/06/1999,350
10/06/1999,348
11/06/1999,343
14/06/1999,334
15/06/1999,340.5
16/06/1999,337.5
17/06/1999,337
18/06/1999,338
21/06/1999,337.25
22/06/1999,331
23/06/1999,328
24/06/1999,329
25/06/1999,329
28/06/1999,324
29/06/1999,322
30/06/1999,321
1/07/1999,320
2/07/1999,318
5/07/1999,315
6/07/1999,315
7/07/1999,317.5
8/07/1999,329
9/07/1999,331
12/07/1999,333
13/07/1999,335
14/07/1999,338
15/07/1999,337
16/07/1999,337
19/07/1999,336
20/07/1999,337
21/07/1999,337
22/07/1999,341
23/07/1999,343
26/07/1999,341
27/07/1999,342
28/07/1999,339
29/07/1999,341
30/07/1999,337
2/08/1999,331.75
3/08/1999,335
4/08/1999,341
5/08/1999,340
6/08/1999,338
9/08/1999,345.5
10/08/1999,341
11/08/1999,341.5
12/08/1999,341
13/08/1999,339
16/08/1999,337
17/08/1999,337.5
18/08/1999,340
19/08/1999,342
20/08/1999,345
23/08/1999,344
24/08/1999,342.5
25/08/1999,340
26/08/1999,340
27/08/1999,338
30/08/1999,338
31/08/1999,341
1/09/1999,340
2/09/1999,345
3/09/1999,349
6/09/1999,354
7/09/1999,355
8/09/1999,351.25
9/09/1999,355
10/09/1999,359
13/09/1999,366
14/09/1999,367
15/09/1999,363
16/09/1999,368
17/09/1999,364
20/09/1999,362
21/09/1999,363
22/09/1999,368
23/09/1999,363
24/09/1999,359.5
27/09/1999,365
28/09/1999,377
29/09/1999,385
30/09/1999,377
1/10/1999,383
4/10/1999,390
5/10/1999,388
6/10/1999,380
7/10/1999,390
8/10/1999,392
11/10/1999,394
12/10/1999,393
13/10/1999,385.5
14/10/1999,377
15/10/1999,377
18/10/1999,376
19/10/1999,377
20/10/1999,385
21/10/1999,386
22/10/1999,390
25/10/1999,393
26/10/1999,393
27/10/1999,389
28/10/1999,392
29/10/1999,395
1/11/1999,394
2/11/1999,392
3/11/1999,393
4/11/1999,394.5
5/11/1999,395
8/11/1999,396
9/11/1999,401
10/11/1999,408
11/11/1999,415
12/11/1999,415
15/11/1999,415
16/11/1999,411
17/11/1999,406
18/11/1999,399
19/11/1999,394
22/11/1999,400
23/11/1999,404
24/11/1999,399.5
25/11/1999,401
26/11/1999,397
29/11/1999,396
30/11/1999,394
1/12/1999,397
2/12/1999,401
3/12/1999,402
6/12/1999,405
7/12/1999,407.5
8/12/1999,409
9/12/1999,407
10/12/1999,413
13/12/1999,417
14/12/1999,428
15/12/1999,427
16/12/1999,434
17/12/1999,443
20/12/1999,440
21/12/1999,438
22/12/1999,437
23/12/1999,444
24/12/1999,444
27/12/1999,444
28/12/1999,444
29/12/1999,454
30/12/1999,454
31/12/1999,454
3/01/2000,454
4/01/2000,443
5/01/2000,433
6/01/2000,433
7/01/2000,438
10/01/2000,449
11/01/2000,450
12/01/2000,448
13/01/2000,440
14/01/2000,439
17/01/2000,438
18/01/2000,436
19/01/2000,441
20/01/2000,445
21/01/2000,454
24/01/2000,465
25/01/2000,478
26/01/2000,475
27/01/2000,476
28/01/2000,486
31/01/2000,484
1/02/2000,486
2/02/2000,497
3/02/2000,511
4/02/2000,514
7/02/2000,540
8/02/2000,567
9/02/2000,580
10/02/2000,571
11/02/2000,588
14/02/2000,607
15/02/2000,650
16/02/2000,695
17/02/2000,735
18/02/2000,670
21/02/2000,785
22/02/2000,774
23/02/2000,755
24/02/2000,700
25/02/2000,670
28/02/2000,720
29/02/2000,722
1/03/2000,696
2/03/2000,670
3/03/2000,655
6/03/2000,652
7/03/2000,650
8/03/2000,700
9/03/2000,700
10/03/2000,705
13/03/2000,693
14/03/2000,693
15/03/2000,710
16/03/2000,710
17/03/2000,712
20/03/2000,703
21/03/2000,680
22/03/2000,663
23/03/2000,645
24/03/2000,615
27/03/2000,615
28/03/2000,620
29/03/2000,615
30/03/2000,605
31/03/2000,573
3/04/2000,585
4/04/2000,585
5/04/2000,590
6/04/2000,582
7/04/2000,572
10/04/2000,554
11/04/2000,555
12/04/2000,560
13/04/2000,560
14/04/2000,570
17/04/2000,575
18/04/2000,583
19/04/2000,575
20/04/2000,565
21/04/2000,565
24/04/2000,565
25/04/2000,572
26/04/2000,572
27/04/2000,577
28/04/2000,600
1/05/2000,600
2/05/2000,600
3/05/2000,575
4/05/2000,575
5/05/2000,575
8/05/2000,575
9/05/2000,575
10/05/2000,575
11/05/2000,574
12/05/2000,570
15/05/2000,567
16/05/2000,568
17/05/2000,570
18/05/2000,570
19/05/2000,573
22/05/2000,560
23/05/2000,568
24/05/2000,566
25/05/2000,563
26/05/2000,564
29/05/2000,564
30/05/2000,566
31/05/2000,568
1/06/2000,572
2/06/2000,590
5/06/2000,590
6/06/2000,590
7/06/2000,630
8/06/2000,640
9/06/2000,647
12/06/2000,642
13/06/2000,663
14/06/2000,656
15/06/2000,669
16/06/2000,682
19/06/2000,687
20/06/2000,687
21/06/2000,683
22/06/2000,660
23/06/2000,658
26/06/2000,661
27/06/2000,656
28/06/2000,650
29/06/2000,660
30/06/2000,638
3/07/2000,625
4/07/2000,626
5/07/2000,616
6/07/2000,623
7/07/2000,656
10/07/2000,668
11/07/2000,674
12/07/2000,665
13/07/2000,663
14/07/2000,683
17/07/2000,705
18/07/2000,712
19/07/2000,705
20/07/2000,723
21/07/2000,775
24/07/2000,770
25/07/2000,766
26/07/2000,765
27/07/2000,762
28/07/2000,770
31/07/2000,822
1/08/2000,842
2/08/2000,852
3/08/2000,810
4/08/2000,808
7/08/2000,794
8/08/2000,770
9/08/2000,790
10/08/2000,790
11/08/2000,790
14/08/2000,738
15/08/2000,762
16/08/2000,755
17/08/2000,748
18/08/2000,748
21/08/2000,738
22/08/2000,740
23/08/2000,738
24/08/2000,724
25/08/2000,720
28/08/2000,720
29/08/2000,720
30/08/2000,715
31/08/2000,716
1/09/2000,725
4/09/2000,718
5/09/2000,720
6/09/2000,734
7/09/2000,758
8/09/2000,765
11/09/2000,754
12/09/2000,755
13/09/2000,745
14/09/2000,719
15/09/2000,722
18/09/2000,722
19/09/2000,720
20/09/2000,720
21/09/2000,723
22/09/2000,732
25/09/2000,714
26/09/2000,715
27/09/2000,715
28/09/2000,711
29/09/2000,712
2/10/2000,714
3/10/2000,719
4/10/2000,727
5/10/2000,734
6/10/2000,742
9/10/2000,732
10/10/2000,735
11/10/2000,737
12/10/2000,736
13/10/2000,735
16/10/2000,733
17/10/2000,735
18/10/2000,738
19/10/2000,745
20/10/2000,750
23/10/2000,750
24/10/2000,751
25/10/2000,750
26/10/2000,752
27/10/2000,752
30/10/2000,752
31/10/2000,758
1/11/2000,773
2/11/2000,786
3/11/2000,790
6/11/2000,772
7/11/2000,778
8/11/2000,778
9/11/2000,783
10/11/2000,779
13/11/2000,775
14/11/2000,779
15/11/2000,782
16/11/2000,776
17/11/2000,781
20/11/2000,783
21/11/2000,784
22/11/2000,785
23/11/2000,782
24/11/2000,783
27/11/2000,792
28/11/2000,799
29/11/2000,800
30/11/2000,811
1/12/2000,828
4/12/2000,868
5/12/2000,870
6/12/2000,850
7/12/2000,860
8/12/2000,902
11/12/2000,915
12/12/2000,932
13/12/2000,925
14/12/2000,915
15/12/2000,937
18/12/2000,935
19/12/2000,917
20/12/2000,935
21/12/2000,950
22/12/2000,958
25/12/2000,958
26/12/2000,958
27/12/2000,970
28/12/2000,956
29/12/2000,954
1/01/2001,954
2/01/2001,965
3/01/2001,987
4/01/2001,991
5/01/2001,977
8/01/2001,1030
9/01/2001,1038
10/01/2001,1063
11/01/2001,1055
12/01/2001,1055
15/01/2001,1050
16/01/2001,1049
17/01/2001,1020
18/01/2001,1032
19/01/2001,1068
22/01/2001,1080
23/01/2001,1065.8
24/01/2001,1064
25/01/2001,1060
26/01/2001,1090
29/01/2001,1075
30/01/2001,1050
31/01/2001,1050
1/02/2001,1056
2/02/2001,1060
5/02/2001,1075
6/02/2001,1075
7/02/2001,1074
8/02/2001,1040
9/02/2001,1015
12/02/2001,975
13/02/2001,975
14/02/2001,975
15/02/2001,975
16/02/2001,980
19/02/2001,974
20/02/2001,968
21/02/2001,935
22/02/2001,893
23/02/2001,851
26/02/2001,853
27/02/2001,844
28/02/2001,839
1/03/2001,792
2/03/2001,770
5/03/2001,756
6/03/2001,770
7/03/2001,775
8/03/2001,810
9/03/2001,815
12/03/2001,785
13/03/2001,788
14/03/2001,795
15/03/2001,800
16/03/2001,803
19/03/2001,805
20/03/2001,787
21/03/2001,779
22/03/2001,774
23/03/2001,770
26/03/2001,771
27/03/2001,768
28/03/2001,754
29/03/2001,742
30/03/2001,738
2/04/2001,725
3/04/2001,710
4/04/2001,697
5/04/2001,685
6/04/2001,683
9/04/2001,682
10/04/2001,677
11/04/2001,663
12/04/2001,650
13/04/2001,650
16/04/2001,650
17/04/2001,735
18/04/2001,745
19/04/2001,710
20/04/2001,692
23/04/2001,692
24/04/2001,710
25/04/2001,710
26/04/2001,705
27/04/2001,685
30/04/2001,682
1/05/2001,675
2/05/2001,670
3/05/2001,670
4/05/2001,673
7/05/2001,673
8/05/2001,670
9/05/2001,665
10/05/2001,655
11/05/2001,652
14/05/2001,630
15/05/2001,638
16/05/2001,638
17/05/2001,640
18/05/2001,655
21/05/2001,655
22/05/2001,647
23/05/2001,643
24/05/2001,647
25/05/2001,660
28/05/2001,660
29/05/2001,663
30/05/2001,653
31/05/2001,653
1/06/2001,645
4/06/2001,638
5/06/2001,629
6/06/2001,630
7/06/2001,620
8/06/2001,616
11/06/2001,614
12/06/2001,600
13/06/2001,598
14/06/2001,601.5
15/06/2001,607
18/06/2001,608
19/06/2001,612
20/06/2001,620
21/06/2001,620
22/06/2001,613
25/06/2001,611.5
26/06/2001,608
27/06/2001,608
28/06/2001,595
29/06/2001,602
2/07/2001,598
3/07/2001,588
4/07/2001,587
5/07/2001,585
6/07/2001,573
9/07/2001,570
10/07/2001,563
11/07/2001,563
12/07/2001,563
13/07/2001,559
16/07/2001,543
17/07/2001,527
18/07/2001,512
19/07/2001,512
20/07/2001,483
23/07/2001,477
24/07/2001,462
25/07/2001,462
26/07/2001,460
27/07/2001,455
30/07/2001,440
31/07/2001,457
1/08/2001,466
2/08/2001,475
3/08/2001,482
6/08/2001,473
7/08/2001,438
8/08/2001,441
9/08/2001,448
10/08/2001,468
13/08/2001,468
14/08/2001,455
15/08/2001,443
16/08/2001,443
17/08/2001,448
20/08/2001,445
21/08/2001,447
22/08/2001,449
23/08/2001,440
24/08/2001,444
27/08/2001,444
28/08/2001,464
29/08/2001,464
30/08/2001,445
31/08/2001,453
3/09/2001,457
4/09/2001,455
5/09/2001,457
6/09/2001,455
7/09/2001,456
10/09/2001,460
11/09/2001,455
12/09/2001,465
13/09/2001,450
14/09/2001,463
17/09/2001,465
18/09/2001,466
19/09/2001,465
20/09/2001,457
21/09/2001,450
24/09/2001,432
25/09/2001,420
26/09/2001,400
27/09/2001,378
28/09/2001,360
1/10/2001,325
2/10/2001,320
3/10/2001,349
4/10/2001,341
5/10/2001,348
8/10/2001,348
9/10/2001,345
10/10/2001,345
11/10/2001,348
12/10/2001,350
15/10/2001,360
16/10/2001,354.5
17/10/2001,330
18/10/2001,327
19/10/2001,322
22/10/2001,317
23/10/2001,320
24/10/2001,318
25/10/2001,318
26/10/2001,328
29/10/2001,346.5
30/10/2001,330
31/10/2001,320
1/11/2001,319
2/11/2001,331
5/11/2001,325
6/11/2001,327
7/11/2001,327
8/11/2001,323
9/11/2001,323
12/11/2001,334
13/11/2001,315
14/11/2001,318
15/11/2001,323.5
16/11/2001,336
19/11/2001,336
20/11/2001,328
21/11/2001,332.5
22/11/2001,332.5
23/11/2001,330
26/11/2001,333
27/11/2001,332
28/11/2001,333
29/11/2001,335
30/11/2001,347
3/12/2001,355
4/12/2001,362
5/12/2001,370
6/12/2001,387
7/12/2001,415
10/12/2001,423
11/12/2001,403
12/12/2001,383
13/12/2001,390
14/12/2001,400
17/12/2001,405
18/12/2001,406
19/12/2001,400
20/12/2001,394
21/12/2001,408
24/12/2001,413
25/12/2001,413
26/12/2001,413
27/12/2001,437
28/12/2001,440
31/12/2001,440
1/01/2002,440
2/01/2002,434
3/01/2002,435
4/01/2002,425
7/01/2002,422
8/01/2002,429
9/01/2002,433
10/01/2002,435
11/01/2002,434
14/01/2002,435
15/01/2002,413
16/01/2002,420
17/01/2002,422
18/01/2002,414
21/01/2002,400
22/01/2002,398
23/01/2002,395
24/01/2002,382
25/01/2002,385
28/01/2002,388
29/01/2002,365
30/01/2002,365
31/01/2002,370
1/02/2002,367
4/02/2002,368
5/02/2002,366
6/02/2002,374
7/02/2002,376
8/02/2002,373
11/02/2002,370
12/02/2002,365
13/02/2002,383
14/02/2002,388
15/02/2002,380
18/02/2002,375
19/02/2002,376
20/02/2002,375
21/02/2002,370
22/02/2002,373
25/02/2002,372
26/02/2002,377
27/02/2002,378
28/02/2002,377
1/03/2002,370
4/03/2002,372
5/03/2002,368
6/03/2002,360
7/03/2002,364
8/03/2002,370
11/03/2002,374
12/03/2002,370
13/03/2002,367
14/03/2002,368
15/03/2002,370
18/03/2002,372
19/03/2002,379
20/03/2002,377
21/03/2002,378
22/03/2002,378
25/03/2002,389
26/03/2002,393
27/03/2002,385
28/03/2002,386
29/03/2002,386
1/04/2002,386
2/04/2002,389
3/04/2002,379
4/04/2002,366
5/04/2002,366
8/04/2002,362
9/04/2002,362
10/04/2002,368
11/04/2002,372
12/04/2002,372
15/04/2002,372
16/04/2002,368
17/04/2002,368
18/04/2002,376
19/04/2002,372
22/04/2002,370
23/04/2002,368
24/04/2002,370
25/04/2002,368
26/04/2002,365
29/04/2002,363
30/04/2002,360
1/05/2002,355
2/05/2002,349
3/05/2002,352
6/05/2002,352
7/05/2002,356
8/05/2002,357
9/05/2002,353
10/05/2002,353
13/05/2002,354
14/05/2002,355
15/05/2002,357
16/05/2002,368
17/05/2002,368
20/05/2002,377
21/05/2002,372
22/05/2002,357
23/05/2002,354
24/05/2002,352
27/05/2002,352
28/05/2002,353
29/05/2002,355
30/05/2002,351
31/05/2002,348
3/06/2002,348
4/06/2002,348
5/06/2002,348
6/06/2002,351
7/06/2002,352
10/06/2002,346
11/06/2002,343
12/06/2002,340
13/06/2002,335
14/06/2002,336
17/06/2002,336
18/06/2002,335
19/06/2002,337
20/06/2002,332
21/06/2002,330
24/06/2002,325
25/06/2002,324
26/06/2002,318
27/06/2002,318
28/06/2002,321
1/07/2002,316
2/07/2002,319
3/07/2002,322
4/07/2002,320
5/07/2002,321
8/07/2002,323
9/07/2002,324
10/07/2002,324
11/07/2002,323
12/07/2002,322
15/07/2002,320
16/07/2002,323
17/07/2002,323
18/07/2002,323
19/07/2002,324
22/07/2002,322
23/07/2002,318
24/07/2002,324
25/07/2002,327
26/07/2002,330
29/07/2002,332
30/07/2002,321
31/07/2002,322
1/08/2002,318
2/08/2002,318
5/08/2002,320
6/08/2002,320
7/08/2002,318
8/08/2002,322
9/08/2002,322
12/08/2002,322
13/08/2002,322
14/08/2002,323
15/08/2002,320
16/08/2002,319
19/08/2002,320
20/08/2002,322
21/08/2002,320
22/08/2002,320
23/08/2002,321
26/08/2002,321
27/08/2002,321
28/08/2002,365
29/08/2002,338
30/08/2002,330
2/09/2002,325
3/09/2002,321
4/09/2002,323
5/09/2002,325
6/09/2002,325
9/09/2002,334
10/09/2002,330
11/09/2002,330
12/09/2002,330
13/09/2002,330
16/09/2002,336
17/09/2002,335
18/09/2002,334
19/09/2002,333
20/09/2002,330
23/09/2002,328
24/09/2002,328
25/09/2002,324
26/09/2002,320
27/09/2002,316
30/09/2002,318
1/10/2002,318
2/10/2002,321
3/10/2002,319
4/10/2002,314
7/10/2002,312
8/10/2002,315
9/10/2002,320
10/10/2002,322
11/10/2002,320
14/10/2002,320
15/10/2002,319
16/10/2002,320
17/10/2002,319
18/10/2002,319
21/10/2002,321
22/10/2002,320
23/10/2002,316
24/10/2002,308
25/10/2002,311
28/10/2002,311
29/10/2002,314
30/10/2002,312
31/10/2002,311
1/11/2002,309
4/11/2002,311
5/11/2002,314
6/11/2002,311
7/11/2002,308
8/11/2002,300
11/11/2002,288
12/11/2002,286
13/11/2002,284
14/11/2002,288
15/11/2002,292
18/11/2002,282
19/11/2002,273
20/11/2002,275
21/11/2002,277
22/11/2002,275
25/11/2002,261
26/11/2002,266
27/11/2002,265
28/11/2002,263
29/11/2002,262
2/12/2002,262
3/12/2002,262
4/12/2002,255
5/12/2002,248
6/12/2002,248
9/12/2002,248
10/12/2002,247
11/12/2002,243
12/12/2002,243
13/12/2002,239
16/12/2002,233
17/12/2002,236
18/12/2002,240
19/12/2002,243
20/12/2002,226
23/12/2002,222
24/12/2002,230
25/12/2002,230
26/12/2002,230
27/12/2002,236
30/12/2002,236
31/12/2002,233
1/01/2003,233
2/01/2003,237
3/01/2003,236
6/01/2003,240
7/01/2003,240
8/01/2003,250
9/01/2003,258
10/01/2003,267
13/01/2003,262
14/01/2003,242
15/01/2003,246
16/01/2003,246
17/01/2003,259
20/01/2003,260
21/01/2003,264
22/01/2003,269
23/01/2003,264
24/01/2003,265
27/01/2003,264
28/01/2003,263
29/01/2003,263
30/01/2003,261
31/01/2003,256
3/02/2003,261
4/02/2003,265
5/02/2003,265
6/02/2003,260
7/02/2003,252
10/02/2003,252
11/02/2003,248
12/02/2003,254
13/02/2003,254
14/02/2003,256
17/02/2003,252
18/02/2003,252
19/02/2003,252
20/02/2003,253
21/02/2003,251
24/02/2003,251
25/02/2003,251
26/02/2003,249
27/02/2003,243
28/02/2003,244
3/03/2003,238
4/03/2003,238
5/03/2003,238
6/03/2003,237
7/03/2003,240
10/03/2003,242
11/03/2003,242
12/03/2003,238
13/03/2003,230
14/03/2003,230
17/03/2003,234
18/03/2003,232
19/03/2003,233
20/03/2003,233
21/03/2003,226
24/03/2003,216
25/03/2003,194
26/03/2003,194
27/03/2003,192
28/03/2003,193
31/03/2003,180
1/04/2003,179.5
2/04/2003,178
3/04/2003,175
4/04/2003,171
7/04/2003,171
8/04/2003,171
9/04/2003,170
10/04/2003,171.5
11/04/2003,168
14/04/2003,164
15/04/2003,162
16/04/2003,155
17/04/2003,151
18/04/2003,151
21/04/2003,151
22/04/2003,160
23/04/2003,154
24/04/2003,152
25/04/2003,148
28/04/2003,146
29/04/2003,150
30/04/2003,154
1/05/2003,153
2/05/2003,154
5/05/2003,154
6/05/2003,157
7/05/2003,162
8/05/2003,160
9/05/2003,155
12/05/2003,156
13/05/2003,160
14/05/2003,158
15/05/2003,159
16/05/2003,158
19/05/2003,163
20/05/2003,170
21/05/2003,177
22/05/2003,170
23/05/2003,185
26/05/2003,185
27/05/2003,194
28/05/2003,185
29/05/2003,178
30/05/2003,183
2/06/2003,186
3/06/2003,190
4/06/2003,189
5/06/2003,185
6/06/2003,178
9/06/2003,169
10/06/2003,174
11/06/2003,175
12/06/2003,177
13/06/2003,183
16/06/2003,186
17/06/2003,177
18/06/2003,177
19/06/2003,175
20/06/2003,179
23/06/2003,179
24/06/2003,178
25/06/2003,178
26/06/2003,179
27/06/2003,177
30/06/2003,179
1/07/2003,184
2/07/2003,188
3/07/2003,184
4/07/2003,185
7/07/2003,180
8/07/2003,176
9/07/2003,170
10/07/2003,174
11/07/2003,172.5
14/07/2003,174
15/07/2003,175
16/07/2003,171
17/07/2003,168
18/07/2003,165
21/07/2003,170
22/07/2003,163.5
23/07/2003,160
24/07/2003,167
25/07/2003,167
28/07/2003,172
29/07/2003,172
30/07/2003,173
31/07/2003,178
1/08/2003,180
4/08/2003,180
5/08/2003,173
6/08/2003,175
7/08/2003,177
8/08/2003,175
11/08/2003,174
12/08/2003,174
13/08/2003,171
14/08/2003,173
15/08/2003,176
18/08/2003,176
19/08/2003,176
20/08/2003,178
21/08/2003,186
22/08/2003,188
25/08/2003,188
26/08/2003,205
27/08/2003,198
28/08/2003,200
29/08/2003,201.5
1/09/2003,200
2/09/2003,198
3/09/2003,196
4/09/2003,199
5/09/2003,220
8/09/2003,214
9/09/2003,232
10/09/2003,218
11/09/2003,215
12/09/2003,214
15/09/2003,197
16/09/2003,219
17/09/2003,210
18/09/2003,212
19/09/2003,213
22/09/2003,213
23/09/2003,214
24/09/2003,218
25/09/2003,218
26/09/2003,203
29/09/2003,208
30/09/2003,209
1/10/2003,214
2/10/2003,212
3/10/2003,209
6/10/2003,206
7/10/2003,204
8/10/2003,208
9/10/2003,207
10/10/2003,207
13/10/2003,205.5
14/10/2003,202
15/10/2003,192
16/10/2003,184
17/10/2003,194
20/10/2003,194
21/10/2003,192
22/10/2003,197
23/10/2003,200
24/10/2003,195
27/10/2003,195
28/10/2003,197
29/10/2003,201
30/10/2003,207
31/10/2003,203
3/11/2003,205
4/11/2003,208
5/11/2003,205
6/11/2003,205
7/11/2003,204
10/11/2003,202
11/11/2003,197
12/11/2003,192
13/11/2003,198
14/11/2003,198
17/11/2003,197
18/11/2003,197.5
19/11/2003,195
20/11/2003,194
21/11/2003,193
24/11/2003,191
25/11/2003,189.5
26/11/2003,188
27/11/2003,188
28/11/2003,188
1/12/2003,187
2/12/2003,188
3/12/2003,188
4/12/2003,195
5/12/2003,197
8/12/2003,202
9/12/2003,209
10/12/2003,207.75
11/12/2003,207
12/12/2003,206
15/12/2003,204
16/12/2003,200
17/12/2003,199.5
18/12/2003,200
19/12/2003,193
22/12/2003,195
23/12/2003,199.5
24/12/2003,200
25/12/2003,200
26/12/2003,200
29/12/2003,199
30/12/2003,195
31/12/2003,195
1/01/2004,195
2/01/2004,192
5/01/2004,197
6/01/2004,201
7/01/2004,199
8/01/2004,199
9/01/2004,201
12/01/2004,211
13/01/2004,219
14/01/2004,212
15/01/2004,209
16/01/2004,214
19/01/2004,213
20/01/2004,213
21/01/2004,230
22/01/2004,241.75
23/01/2004,239
26/01/2004,233
27/01/2004,230
28/01/2004,239
29/01/2004,233
30/01/2004,230
2/02/2004,231
3/02/2004,230
4/02/2004,237
5/02/2004,237
6/02/2004,236
9/02/2004,237
10/02/2004,235.25
11/02/2004,236
12/02/2004,240
13/02/2004,239
16/02/2004,239
17/02/2004,240.5
18/02/2004,246
19/02/2004,239
20/02/2004,238
23/02/2004,226
24/02/2004,237
25/02/2004,230
26/02/2004,226
27/02/2004,229
1/03/2004,238
2/03/2004,236
3/03/2004,239
4/03/2004,239.5
5/03/2004,250
8/03/2004,256
9/03/2004,256
10/03/2004,264
11/03/2004,270
12/03/2004,282
15/03/2004,278.75
16/03/2004,280
17/03/2004,280
18/03/2004,272
19/03/2004,279
22/03/2004,281
23/03/2004,286
24/03/2004,288
25/03/2004,285
26/03/2004,286
29/03/2004,285
30/03/2004,286
31/03/2004,285
1/04/2004,290
2/04/2004,310
5/04/2004,308
6/04/2004,310
7/04/2004,319
8/04/2004,322
9/04/2004,322
12/04/2004,322
13/04/2004,333
14/04/2004,320
15/04/2004,306
16/04/2004,309
19/04/2004,317.5
20/04/2004,316
21/04/2004,291
22/04/2004,257
23/04/2004,278
26/04/2004,272
27/04/2004,278
28/04/2004,260
29/04/2004,240
30/04/2004,252
3/05/2004,252
4/05/2004,265
5/05/2004,249
6/05/2004,254
7/05/2004,251
10/05/2004,229
11/05/2004,237
12/05/2004,241
13/05/2004,242
14/05/2004,238
17/05/2004,248
18/05/2004,238
19/05/2004,242
20/05/2004,240
21/05/2004,248
24/05/2004,248
25/05/2004,255
26/05/2004,252.5
27/05/2004,253
28/05/2004,246
31/05/2004,246
1/06/2004,252
2/06/2004,252
3/06/2004,248
4/06/2004,241
7/06/2004,241
8/06/2004,241
9/06/2004,228
10/06/2004,218
11/06/2004,218
14/06/2004,216
15/06/2004,216
16/06/2004,222
17/06/2004,223
18/06/2004,229
21/06/2004,230
22/06/2004,224
23/06/2004,225
24/06/2004,225
25/06/2004,224
28/06/2004,224
29/06/2004,220
30/06/2004,217
1/07/2004,213
2/07/2004,210
5/07/2004,212
6/07/2004,212
7/07/2004,220
8/07/2004,225
9/07/2004,225
12/07/2004,225.5
13/07/2004,221
14/07/2004,224
15/07/2004,222
16/07/2004,224.75
19/07/2004,225
20/07/2004,227
21/07/2004,227
22/07/2004,224
23/07/2004,220
26/07/2004,218
27/07/2004,219
28/07/2004,216
29/07/2004,212.5
30/07/2004,216
2/08/2004,216
3/08/2004,216
4/08/2004,214
5/08/2004,215
6/08/2004,211
9/08/2004,214
10/08/2004,216
11/08/2004,214.5
12/08/2004,213
13/08/2004,211
16/08/2004,214
17/08/2004,215
18/08/2004,217
19/08/2004,220
20/08/2004,220
23/08/2004,220
24/08/2004,215
25/08/2004,212
26/08/2004,215
27/08/2004,215
30/08/2004,215
31/08/2004,213.75
1/09/2004,213
2/09/2004,213
3/09/2004,213
6/09/2004,212
7/09/2004,209
8/09/2004,204.5
9/09/2004,205
10/09/2004,205
13/09/2004,208
14/09/2004,209
15/09/2004,209
16/09/2004,208
17/09/2004,208
20/09/2004,205
21/09/2004,207.75
22/09/2004,207
23/09/2004,212.5
24/09/2004,221
27/09/2004,223
28/09/2004,224
29/09/2004,216
30/09/2004,217
1/10/2004,222
4/10/2004,216
5/10/2004,218
6/10/2004,223
7/10/2004,231
8/10/2004,234
11/10/2004,225
12/10/2004,218
13/10/2004,212
14/10/2004,216
15/10/2004,220
18/10/2004,215
19/10/2004,214
20/10/2004,216
21/10/2004,214
22/10/2004,214
25/10/2004,217
26/10/2004,216
27/10/2004,215
28/10/2004,212
29/10/2004,213
1/11/2004,209
2/11/2004,210
3/11/2004,210
4/11/2004,213
5/11/2004,212
8/11/2004,213.5
9/11/2004,213
10/11/2004,213
11/11/2004,211
12/11/2004,214
15/11/2004,217
16/11/2004,218
17/11/2004,220
18/11/2004,217
19/11/2004,216
22/11/2004,216
23/11/2004,214
24/11/2004,216
25/11/2004,214
26/11/2004,213
29/11/2004,212
30/11/2004,210
1/12/2004,211
2/12/2004,211
3/12/2004,208
6/12/2004,205
7/12/2004,206
8/12/2004,204
9/12/2004,190
10/12/2004,193
13/12/2004,194
14/12/2004,188
15/12/2004,183
16/12/2004,179.5
17/12/2004,178
20/12/2004,184
21/12/2004,181
22/12/2004,184
23/12/2004,183
24/12/2004,181
27/12/2004,181
28/12/2004,181
29/12/2004,182
30/12/2004,184
31/12/2004,184
3/01/2005,184
4/01/2005,180
5/01/2005,182
6/01/2005,181
7/01/2005,182.5
10/01/2005,187
11/01/2005,190
12/01/2005,189.5
13/01/2005,187
14/01/2005,183
17/01/2005,183
18/01/2005,182
19/01/2005,186
20/01/2005,184
21/01/2005,187.5
24/01/2005,191
25/01/2005,189.5
26/01/2005,188.5
27/01/2005,189
28/01/2005,189
31/01/2005,189
1/02/2005,190
2/02/2005,187
3/02/2005,182
4/02/2005,182
7/02/2005,178.5
8/02/2005,178
9/02/2005,179
10/02/2005,179
11/02/2005,181
14/02/2005,185.5
15/02/2005,183
16/02/2005,181
17/02/2005,180.5
18/02/2005,181.5
21/02/2005,179
22/02/2005,182
23/02/2005,183
24/02/2005,184
25/02/2005,182.5
28/02/2005,182
1/03/2005,183.5
2/03/2005,184
3/03/2005,193
4/03/2005,208
7/03/2005,204
8/03/2005,206
9/03/2005,204
10/03/2005,201
11/03/2005,195.5
14/03/2005,198
15/03/2005,202
16/03/2005,204
17/03/2005,200
18/03/2005,200
21/03/2005,199.75
22/03/2005,198
23/03/2005,195
24/03/2005,193
25/03/2005,193
28/03/2005,193
29/03/2005,193
30/03/2005,194
31/03/2005,198.5
1/04/2005,202
4/04/2005,198
5/04/2005,198
6/04/2005,199
7/04/2005,199
8/04/2005,196
11/04/2005,197
12/04/2005,196
13/04/2005,196.5
14/04/2005,197.5
15/04/2005,198
18/04/2005,198
19/04/2005,199
20/04/2005,203
21/04/2005,203
22/04/2005,201
25/04/2005,199
26/04/2005,200
27/04/2005,202
28/04/2005,197
29/04/2005,196
2/05/2005,196
3/05/2005,194
4/05/2005,194.25
5/05/2005,195
6/05/2005,195
9/05/2005,191
10/05/2005,193.5
11/05/2005,192
12/05/2005,192
13/05/2005,188.5
16/05/2005,188
17/05/2005,187
18/05/2005,190
19/05/2005,190.5
20/05/2005,187
23/05/2005,187
24/05/2005,186.75
25/05/2005,187.5
26/05/2005,184
27/05/2005,184
30/05/2005,184
31/05/2005,185
1/06/2005,186
2/06/2005,186
3/06/2005,184
6/06/2005,188
7/06/2005,188
8/06/2005,188
9/06/2005,186.25
10/06/2005,185
13/06/2005,185
14/06/2005,185
15/06/2005,189
16/06/2005,189
17/06/2005,189
20/06/2005,189
21/06/2005,187.75
22/06/2005,189
23/06/2005,187.5
24/06/2005,188
27/06/2005,186
28/06/2005,183
29/06/2005,182.5
30/06/2005,183
1/07/2005,180.5
4/07/2005,173
5/07/2005,172
6/07/2005,177.5
7/07/2005,180
8/07/2005,181.5
11/07/2005,183.5
12/07/2005,182.5
13/07/2005,182.75
14/07/2005,183
15/07/2005,183
18/07/2005,184.75
19/07/2005,186
20/07/2005,187.5
21/07/2005,192
22/07/2005,194
25/07/2005,192
26/07/2005,190
27/07/2005,187.5
28/07/2005,187.5
29/07/2005,192
1/08/2005,192.5
2/08/2005,192
3/08/2005,193
4/08/2005,192
5/08/2005,191.5
8/08/2005,192.5
9/08/2005,188
10/08/2005,187
11/08/2005,187
12/08/2005,187
15/08/2005,185
16/08/2005,184.5
17/08/2005,185
18/08/2005,184.5
19/08/2005,183
22/08/2005,182
23/08/2005,182
24/08/2005,184
25/08/2005,184.5
26/08/2005,183.5
29/08/2005,183.5
30/08/2005,183
31/08/2005,182
1/09/2005,184.5
2/09/2005,184
5/09/2005,183
6/09/2005,183.5
7/09/2005,183.5
8/09/2005,183
9/09/2005,183
12/09/2005,182.5
13/09/2005,182.5
14/09/2005,182.5
15/09/2005,184.5
16/09/2005,187
19/09/2005,197
20/09/2005,201
21/09/2005,196.5
22/09/2005,197.5
23/09/2005,193
26/09/2005,190
27/09/2005,193
28/09/2005,195
29/09/2005,196
30/09/2005,194
3/10/2005,194
4/10/2005,193
5/10/2005,192
6/10/2005,193.5
7/10/2005,196
10/10/2005,201
11/10/2005,207
12/10/2005,210
13/10/2005,206
14/10/2005,205
17/10/2005,213
18/10/2005,211
19/10/2005,207
20/10/2005,208
21/10/2005,208
24/10/2005,209
25/10/2005,211
26/10/2005,219
27/10/2005,227
28/10/2005,224
31/10/2005,227
1/11/2005,219
2/11/2005,222
3/11/2005,225
4/11/2005,227
7/11/2005,225
8/11/2005,227
9/11/2005,234
10/11/2005,243
11/11/2005,239
14/11/2005,251
15/11/2005,245
16/11/2005,255
17/11/2005,256
18/11/2005,259.5
21/11/2005,268
22/11/2005,258
23/11/2005,250
24/11/2005,254.5
25/11/2005,257
28/11/2005,261.5
29/11/2005,262
30/11/2005,258
1/12/2005,263
2/12/2005,266
5/12/2005,270.5
6/12/2005,269
7/12/2005,274
8/12/2005,276
9/12/2005,295
12/12/2005,293
13/12/2005,272
14/12/2005,261
15/12/2005,255
16/12/2005,261
19/12/2005,262
20/12/2005,258
21/12/2005,247
22/12/2005,246
23/12/2005,253
26/12/2005,253
27/12/2005,253
28/12/2005,264
29/12/2005,258
30/12/2005,253
2/01/2006,253
3/01/2006,265
4/01/2006,269
5/01/2006,261
6/01/2006,267
9/01/2006,273
10/01/2006,275
11/01/2006,269
12/01/2006,271
13/01/2006,273
16/01/2006,287
17/01/2006,278.5
18/01/2006,271
19/01/2006,271
20/01/2006,278
23/01/2006,276
24/01/2006,274
25/01/2006,277
26/01/2006,273
27/01/2006,273
30/01/2006,276
31/01/2006,290
1/02/2006,292
2/02/2006,296
3/02/2006,315
6/02/2006,302
7/02/2006,295
8/02/2006,288
9/02/2006,298
10/02/2006,294
13/02/2006,282
14/02/2006,276
15/02/2006,283
16/02/2006,273
17/02/2006,283
20/02/2006,290
21/02/2006,289
22/02/2006,290
23/02/2006,286
24/02/2006,284
27/02/2006,283
28/02/2006,282.6
1/03/2006,288
2/03/2006,292
3/03/2006,303
6/03/2006,300
7/03/2006,297
8/03/2006,283
9/03/2006,283
10/03/2006,286
13/03/2006,290
14/03/2006,300
15/03/2006,316
16/03/2006,314
17/03/2006,316
20/03/2006,315
21/03/2006,313
22/03/2006,317
23/03/2006,315
24/03/2006,324
27/03/2006,338
28/03/2006,337
29/03/2006,330
30/03/2006,345
31/03/2006,332
3/04/2006,339
4/04/2006,336
5/04/2006,338
6/04/2006,350
7/04/2006,348
10/04/2006,357
11/04/2006,357
12/04/2006,345
13/04/2006,343
14/04/2006,343
17/04/2006,343
18/04/2006,358
19/04/2006,369
20/04/2006,363
21/04/2006,350
24/04/2006,358
25/04/2006,360
26/04/2006,359
27/04/2006,360
28/04/2006,362
1/05/2006,362
2/05/2006,376
3/05/2006,381
4/05/2006,375
5/05/2006,380
8/05/2006,375
9/05/2006,382
10/05/2006,388
11/05/2006,397.5
12/05/2006,404
15/05/2006,367
16/05/2006,377
17/05/2006,388
18/05/2006,377
19/05/2006,345
22/05/2006,336
23/05/2006,351.5
24/05/2006,348
25/05/2006,348
26/05/2006,351
29/05/2006,351
30/05/2006,355
31/05/2006,355
1/06/2006,338
2/06/2006,348
5/06/2006,359.5
6/06/2006,347
7/06/2006,334
8/06/2006,327
9/06/2006,324
12/06/2006,318
13/06/2006,282
14/06/2006,285
15/06/2006,298
16/06/2006,307
19/06/2006,298
20/06/2006,297
21/06/2006,307
22/06/2006,316
23/06/2006,303
26/06/2006,316
27/06/2006,315
28/06/2006,311
29/06/2006,311
30/06/2006,312
3/07/2006,326
4/07/2006,324
5/07/2006,323
6/07/2006,320
7/07/2006,323
10/07/2006,317
11/07/2006,323
12/07/2006,327
13/07/2006,328.5
14/07/2006,328
17/07/2006,320
18/07/2006,316
19/07/2006,308
20/07/2006,312
21/07/2006,308
24/07/2006,307
25/07/2006,311.5
26/07/2006,313
27/07/2006,316.75
28/07/2006,313
31/07/2006,309.5
1/08/2006,316
2/08/2006,322
3/08/2006,322
4/08/2006,323
7/08/2006,322
8/08/2006,317
9/08/2006,321
10/08/2006,323
11/08/2006,321
14/08/2006,312
15/08/2006,320
16/08/2006,332
17/08/2006,339
18/08/2006,334
21/08/2006,338
22/08/2006,338
23/08/2006,343
24/08/2006,346
25/08/2006,344
28/08/2006,344
29/08/2006,336
30/08/2006,337
31/08/2006,341
1/09/2006,343
4/09/2006,344
5/09/2006,349
6/09/2006,349
7/09/2006,346.5
8/09/2006,320
11/09/2006,315
12/09/2006,318
13/09/2006,319
14/09/2006,330
15/09/2006,313
18/09/2006,304
19/09/2006,317
20/09/2006,308
21/09/2006,308
22/09/2006,322
25/09/2006,313
26/09/2006,314
27/09/2006,314
28/09/2006,321
29/09/2006,315
2/10/2006,313
3/10/2006,303.5
4/10/2006,300
5/10/2006,299
6/10/2006,295
9/10/2006,302
10/10/2006,297
11/10/2006,303
12/10/2006,308
13/10/2006,314
16/10/2006,322
17/10/2006,319
18/10/2006,324
19/10/2006,327
20/10/2006,326
23/10/2006,317
24/10/2006,318
25/10/2006,317
26/10/2006,321
27/10/2006,319
30/10/2006,323
31/10/2006,316
1/11/2006,324
2/11/2006,322
3/11/2006,327
6/11/2006,328
7/11/2006,333
8/11/2006,325
9/11/2006,329
10/11/2006,333.5
13/11/2006,324
14/11/2006,322
15/11/2006,314
16/11/2006,314
17/11/2006,316
20/11/2006,321
21/11/2006,328
22/11/2006,325
23/11/2006,323
24/11/2006,328
27/11/2006,327
28/11/2006,324
29/11/2006,319
30/11/2006,327
1/12/2006,326
4/12/2006,328
5/12/2006,331
6/12/2006,326
7/12/2006,326
8/12/2006,329.5
11/12/2006,328
12/12/2006,328
13/12/2006,326
14/12/2006,328
15/12/2006,326
18/12/2006,322
19/12/2006,322
20/12/2006,325
21/12/2006,324
22/12/2006,326
25/12/2006,326
26/12/2006,326
27/12/2006,324
28/12/2006,323.5
29/12/2006,324
1/01/2007,324
2/01/2007,334
3/01/2007,340
4/01/2007,338
5/01/2007,340
8/01/2007,332
9/01/2007,329
10/01/2007,329
11/01/2007,331
12/01/2007,329.5
15/01/2007,330
16/01/2007,332
17/01/2007,332
18/01/2007,339
19/01/2007,339
22/01/2007,342
23/01/2007,347.5
24/01/2007,346
25/01/2007,351
26/01/2007,349
29/01/2007,340
30/01/2007,334
31/01/2007,331
1/02/2007,342
2/02/2007,339
5/02/2007,338
6/02/2007,342
7/02/2007,343
8/02/2007,337
9/02/2007,336
12/02/2007,336
13/02/2007,337
14/02/2007,343
15/02/2007,342
16/02/2007,338
19/02/2007,340
20/02/2007,335
21/02/2007,337
22/02/2007,348
23/02/2007,353
26/02/2007,355.25
27/02/2007,349
28/02/2007,346
1/03/2007,353
2/03/2007,347
5/03/2007,338
6/03/2007,343
7/03/2007,346
8/03/2007,351
9/03/2007,352
12/03/2007,350.5
13/03/2007,349
14/03/2007,347
15/03/2007,350
16/03/2007,351
19/03/2007,352
20/03/2007,352
21/03/2007,351
22/03/2007,353
23/03/2007,354
26/03/2007,353
27/03/2007,353
28/03/2007,352
29/03/2007,352
30/03/2007,351.75
2/04/2007,350.5
3/04/2007,352
4/04/2007,355
5/04/2007,350.5
6/04/2007,350.5
9/04/2007,350.5
10/04/2007,358
11/04/2007,364
12/04/2007,369
13/04/2007,371.5
16/04/2007,373
17/04/2007,373
18/04/2007,374.5
19/04/2007,375
20/04/2007,382
23/04/2007,380
24/04/2007,381
25/04/2007,378
26/04/2007,374
27/04/2007,371
30/04/2007,371
1/05/2007,368
2/05/2007,370
3/05/2007,374
4/05/2007,374
7/05/2007,374
8/05/2007,374.5
9/05/2007,370
10/05/2007,362
11/05/2007,363
14/05/2007,363
15/05/2007,356
16/05/2007,359
17/05/2007,357
18/05/2007,362
21/05/2007,366
22/05/2007,375.5
23/05/2007,374
24/05/2007,373.5
25/05/2007,367
28/05/2007,367
29/05/2007,370
30/05/2007,365
31/05/2007,367
1/06/2007,371
4/06/2007,370
5/06/2007,369
6/06/2007,366
7/06/2007,367
8/06/2007,369
11/06/2007,366
12/06/2007,367
13/06/2007,364
14/06/2007,368
15/06/2007,367
18/06/2007,370
19/06/2007,369.5
20/06/2007,374
21/06/2007,375
22/06/2007,375
25/06/2007,371.5
26/06/2007,367
27/06/2007,365.5
28/06/2007,365.5
29/06/2007,365
2/07/2007,366
3/07/2007,365
4/07/2007,364
5/07/2007,365
6/07/2007,363
9/07/2007,368
10/07/2007,367
11/07/2007,367
12/07/2007,368
13/07/2007,368
16/07/2007,367
17/07/2007,366
18/07/2007,366
19/07/2007,369
20/07/2007,370.5
23/07/2007,370.5
24/07/2007,368
25/07/2007,364.5
26/07/2007,364
27/07/2007,362
30/07/2007,363
31/07/2007,365
1/08/2007,363
2/08/2007,366
3/08/2007,364
6/08/2007,364
7/08/2007,359
8/08/2007,363
9/08/2007,360
10/08/2007,349
13/08/2007,354
14/08/2007,350
15/08/2007,346
16/08/2007,337
17/08/2007,334
20/08/2007,329.5
21/08/2007,327
22/08/2007,320
23/08/2007,327
24/08/2007,323
27/08/2007,323
28/08/2007,326.75
29/08/2007,326
30/08/2007,327
31/08/2007,330
3/09/2007,330
4/09/2007,331
5/09/2007,333
6/09/2007,333
7/09/2007,334
10/09/2007,334
11/09/2007,333
12/09/2007,333.5
13/09/2007,331
14/09/2007,330
17/09/2007,330
18/09/2007,331
19/09/2007,332
20/09/2007,336
21/09/2007,340
24/09/2007,340
25/09/2007,337.5
26/09/2007,337
27/09/2007,342
28/09/2007,343.75
1/10/2007,352
2/10/2007,349.5
3/10/2007,350
4/10/2007,359
5/10/2007,366
8/10/2007,363
9/10/2007,359
10/10/2007,375
11/10/2007,378
12/10/2007,377
15/10/2007,379
16/10/2007,369
17/10/2007,371
18/10/2007,371
19/10/2007,370
22/10/2007,359.5
23/10/2007,363
24/10/2007,358
25/10/2007,361
26/10/2007,370
29/10/2007,372
30/10/2007,367.5
31/10/2007,370
1/11/2007,370
2/11/2007,369
5/11/2007,373
6/11/2007,376
7/11/2007,374.5
8/11/2007,373
9/11/2007,370
12/11/2007,364
13/11/2007,369
14/11/2007,371
15/11/2007,365.5
16/11/2007,366
19/11/2007,362
20/11/2007,361
21/11/2007,361.5
22/11/2007,355
23/11/2007,353
26/11/2007,357
27/11/2007,351.5
28/11/2007,345
29/11/2007,343.5
30/11/2007,349
3/12/2007,347
4/12/2007,347
5/12/2007,347.5
6/12/2007,345
7/12/2007,344
10/12/2007,345
11/12/2007,345
12/12/2007,349
13/12/2007,347
14/12/2007,346
17/12/2007,351.5
18/12/2007,357
19/12/2007,355
20/12/2007,354
21/12/2007,355
24/12/2007,354.5
25/12/2007,354.5
26/12/2007,354.5
27/12/2007,360.5
28/12/2007,364
31/12/2007,365
1/01/2008,365
2/01/2008,371
3/01/2008,370
4/01/2008,372
7/01/2008,370.5
8/01/2008,372
9/01/2008,374
10/01/2008,370
11/01/2008,375
14/01/2008,379
15/01/2008,378.5
16/01/2008,375
17/01/2008,373
18/01/2008,369
21/01/2008,366
22/01/2008,364
23/01/2008,365
24/01/2008,370
25/01/2008,380.5
28/01/2008,379
29/01/2008,385
30/01/2008,386
31/01/2008,388
1/02/2008,410.5
4/02/2008,420
5/02/2008,413
6/02/2008,417
7/02/2008,421
8/02/2008,432.5
11/02/2008,443
12/02/2008,433.5
13/02/2008,426
14/02/2008,435
15/02/2008,440
18/02/2008,459
19/02/2008,479
20/02/2008,472
21/02/2008,519
22/02/2008,506
25/02/2008,524
26/02/2008,520
27/02/2008,552
28/02/2008,556
29/02/2008,568
3/03/2008,579
4/03/2008,582
5/03/2008,532
6/03/2008,535
7/03/2008,506
10/03/2008,463
11/03/2008,483
12/03/2008,493
13/03/2008,509
14/03/2008,512
17/03/2008,483
18/03/2008,481
19/03/2008,464
20/03/2008,430
21/03/2008,430
24/03/2008,430
25/03/2008,446
26/03/2008,453
27/03/2008,446
28/03/2008,444
31/03/2008,445
1/04/2008,426
2/04/2008,432
3/04/2008,437
4/04/2008,438
7/04/2008,453
8/04/2008,450
9/04/2008,452
10/04/2008,461
11/04/2008,469
14/04/2008,456
15/04/2008,456
16/04/2008,462
17/04/2008,457
18/04/2008,451
21/04/2008,453
22/04/2008,454
23/04/2008,446
24/04/2008,440
25/04/2008,434
28/04/2008,434
29/04/2008,428
30/04/2008,420
1/05/2008,406
2/05/2008,412
5/05/2008,412
6/05/2008,425
7/05/2008,418
8/05/2008,431
9/05/2008,437
12/05/2008,439
13/05/2008,437
14/05/2008,434
15/05/2008,437
16/05/2008,443
19/05/2008,447.5
20/05/2008,443
21/05/2008,446
22/05/2008,453
23/05/2008,451
26/05/2008,451
27/05/2008,450
28/05/2008,434
29/05/2008,432
30/05/2008,430
2/06/2008,435
3/06/2008,433
4/06/2008,431
5/06/2008,421
6/06/2008,429
9/06/2008,432
10/06/2008,426.5
11/06/2008,430
12/06/2008,426
13/06/2008,450
16/06/2008,455.5
17/06/2008,456.5
18/06/2008,467
19/06/2008,472
20/06/2008,475
23/06/2008,471
24/06/2008,469.5
25/06/2008,462
26/06/2008,465
27/06/2008,467
30/06/2008,467
1/07/2008,465
2/07/2008,465
3/07/2008,464
4/07/2008,456
7/07/2008,448
8/07/2008,446
9/07/2008,444
10/07/2008,448
11/07/2008,454
14/07/2008,451
15/07/2008,450
16/07/2008,438
17/07/2008,424
18/07/2008,419
21/07/2008,418
22/07/2008,417
23/07/2008,387
24/07/2008,388
25/07/2008,383
28/07/2008,393
29/07/2008,389
30/07/2008,376
31/07/2008,382
1/08/2008,367
4/08/2008,360
5/08/2008,354
6/08/2008,364
7/08/2008,354.5
8/08/2008,345
11/08/2008,335
12/08/2008,310
13/08/2008,310
14/08/2008,315
15/08/2008,295.5
18/08/2008,282
19/08/2008,279
20/08/2008,283
21/08/2008,290
22/08/2008,288
25/08/2008,288
26/08/2008,288
27/08/2008,292
28/08/2008,297
29/08/2008,302
1/09/2008,300
2/09/2008,286
3/09/2008,288
4/09/2008,290
5/09/2008,277
8/09/2008,273
9/09/2008,242
10/09/2008,231
11/09/2008,232
12/09/2008,241
15/09/2008,234
16/09/2008,224
17/09/2008,224
18/09/2008,237
19/09/2008,233
22/09/2008,250
23/09/2008,249
24/09/2008,249
25/09/2008,242
26/09/2008,235
29/09/2008,218
30/09/2008,199
1/10/2008,201
2/10/2008,205
3/10/2008,197
6/10/2008,198
7/10/2008,203
8/10/2008,200
9/10/2008,203
10/10/2008,190
13/10/2008,200
14/10/2008,201
15/10/2008,197
16/10/2008,180
17/10/2008,172
20/10/2008,182
21/10/2008,182
22/10/2008,178
23/10/2008,171
24/10/2008,168
27/10/2008,171
28/10/2008,182
29/10/2008,203
30/10/2008,205
31/10/2008,198
3/11/2008,199.5
4/11/2008,208
5/11/2008,216
6/11/2008,233
7/11/2008,227
10/11/2008,227
11/11/2008,221
12/11/2008,216.5
13/11/2008,211
14/11/2008,216
17/11/2008,216.5
18/11/2008,216
19/11/2008,214
20/11/2008,179
21/11/2008,183
24/11/2008,195
25/11/2008,200
26/11/2008,196
27/11/2008,187
28/11/2008,187
1/12/2008,174
2/12/2008,172
3/12/2008,173
4/12/2008,171
5/12/2008,164
8/12/2008,175
9/12/2008,176
10/12/2008,178
11/12/2008,181
12/12/2008,172
15/12/2008,175
16/12/2008,174
17/12/2008,178
18/12/2008,178
19/12/2008,176
22/12/2008,176
23/12/2008,174
24/12/2008,174
25/12/2008,174
26/12/2008,174
29/12/2008,184
30/12/2008,183
31/12/2008,183.5
1/01/2009,183.5
2/01/2009,185
5/01/2009,186
6/01/2009,185
7/01/2009,199
8/01/2009,193.5
9/01/2009,196
12/01/2009,192
13/01/2009,183
14/01/2009,184
15/01/2009,176
16/01/2009,182
19/01/2009,186
20/01/2009,185
21/01/2009,182
22/01/2009,184
23/01/2009,183
26/01/2009,191
27/01/2009,189
28/01/2009,192
29/01/2009,191
30/01/2009,196
2/02/2009,193.5
3/02/2009,195
4/02/2009,190.5
5/02/2009,200.5
6/02/2009,208
9/02/2009,207
10/02/2009,214
11/02/2009,211.5
12/02/2009,204
13/02/2009,213
16/02/2009,215
17/02/2009,217
18/02/2009,218
19/02/2009,214
20/02/2009,216
23/02/2009,204
24/02/2009,203
25/02/2009,198
26/02/2009,197
27/02/2009,195
2/03/2009,198
3/03/2009,191
4/03/2009,194
5/03/2009,198
6/03/2009,202.5
9/03/2009,198
10/03/2009,195
11/03/2009,196
12/03/2009,197.5
13/03/2009,198
16/03/2009,198.5
17/03/2009,195
18/03/2009,194
19/03/2009,203
20/03/2009,206
23/03/2009,209
24/03/2009,206
25/03/2009,207
26/03/2009,222
27/03/2009,215
30/03/2009,213
31/03/2009,215
1/04/2009,216
2/04/2009,219
3/04/2009,221
6/04/2009,224
7/04/2009,225
8/04/2009,229
9/04/2009,235
10/04/2009,235
13/04/2009,235
14/04/2009,235
15/04/2009,234
16/04/2009,235
17/04/2009,233
20/04/2009,233
21/04/2009,227
22/04/2009,231
23/04/2009,213
24/04/2009,233
27/04/2009,226
28/04/2009,213
29/04/2009,218
30/04/2009,218
1/05/2009,212
4/05/2009,212
5/05/2009,223
6/05/2009,225
7/05/2009,241
8/05/2009,242
11/05/2009,235
12/05/2009,234.5
13/05/2009,230.5
14/05/2009,223.5
15/05/2009,224.5
18/05/2009,226
19/05/2009,231
20/05/2009,234
21/05/2009,233
22/05/2009,234
25/05/2009,234
26/05/2009,229
27/05/2009,227
28/05/2009,225
29/05/2009,236
1/06/2009,235.5
2/06/2009,244
3/06/2009,247
4/06/2009,246
5/06/2009,257
8/06/2009,246
9/06/2009,251
10/06/2009,261
11/06/2009,257
12/06/2009,252
15/06/2009,249
16/06/2009,245
17/06/2009,239
18/06/2009,242
19/06/2009,243
22/06/2009,236
23/06/2009,235
24/06/2009,238
25/06/2009,236
26/06/2009,245
29/06/2009,247
30/06/2009,249
1/07/2009,253
2/07/2009,249
3/07/2009,250
6/07/2009,244
7/07/2009,242
8/07/2009,237
9/07/2009,238
10/07/2009,234
13/07/2009,232
14/07/2009,237
15/07/2009,246
16/07/2009,247
17/07/2009,245.5
20/07/2009,251
21/07/2009,256
22/07/2009,254
23/07/2009,256
24/07/2009,258
27/07/2009,261
28/07/2009,263
29/07/2009,254
30/07/2009,255
31/07/2009,256
3/08/2009,268
4/08/2009,273
5/08/2009,277
6/08/2009,273
7/08/2009,271
10/08/2009,272
11/08/2009,274
12/08/2009,269
13/08/2009,275
14/08/2009,277.5
17/08/2009,271
18/08/2009,268
19/08/2009,270
20/08/2009,275
21/08/2009,275
24/08/2009,282
25/08/2009,288
26/08/2009,287
27/08/2009,285
28/08/2009,289
31/08/2009,289
1/09/2009,289
2/09/2009,283
3/09/2009,290
4/09/2009,290
7/09/2009,292
8/09/2009,296
9/09/2009,294.5
10/09/2009,290
11/09/2009,292
14/09/2009,291
15/09/2009,289.5
16/09/2009,298
17/09/2009,299
18/09/2009,304
21/09/2009,294
22/09/2009,302
23/09/2009,299
24/09/2009,298
25/09/2009,293
28/09/2009,287
29/09/2009,288
30/09/2009,294
1/10/2009,293
2/10/2009,292
5/10/2009,298
6/10/2009,302
7/10/2009,312
8/10/2009,317.5
9/10/2009,323
12/10/2009,324
13/10/2009,331
14/10/2009,326
15/10/2009,326
16/10/2009,327
19/10/2009,331
20/10/2009,339
21/10/2009,334
22/10/2009,335
23/10/2009,338
26/10/2009,336
27/10/2009,328
28/10/2009,325
29/10/2009,324
30/10/2009,324
2/11/2009,324
3/11/2009,318
4/11/2009,330
5/11/2009,330
6/11/2009,330
9/11/2009,333
10/11/2009,333
11/11/2009,340
12/11/2009,354.5
13/11/2009,354
16/11/2009,369
17/11/2009,368
18/11/2009,372
19/11/2009,370
20/11/2009,360
23/11/2009,370
24/11/2009,371
25/11/2009,375
26/11/2009,368
27/11/2009,358
30/11/2009,360.5
1/12/2009,380
2/12/2009,386
3/12/2009,386
4/12/2009,378
7/12/2009,367.5
8/12/2009,374
9/12/2009,367
10/12/2009,365
11/12/2009,367
14/12/2009,364.5
15/12/2009,363
16/12/2009,373
17/12/2009,370
18/12/2009,365
21/12/2009,368
22/12/2009,359
23/12/2009,356
24/12/2009,356
25/12/2009,356
28/12/2009,356
29/12/2009,389
30/12/2009,393
31/12/2009,393
1/01/2010,393
4/01/2010,421
5/01/2010,421
6/01/2010,422
7/01/2010,426
8/01/2010,431
11/01/2010,429
12/01/2010,432
13/01/2010,423
14/01/2010,438
15/01/2010,449
18/01/2010,454
19/01/2010,456
20/01/2010,457
21/01/2010,462
22/01/2010,432
25/01/2010,436
26/01/2010,428
27/01/2010,420
28/01/2010,426
29/01/2010,419
1/02/2010,424
2/02/2010,439
3/02/2010,442
4/02/2010,431
5/02/2010,395
8/02/2010,405
9/02/2010,415
10/02/2010,416
11/02/2010,418
12/02/2010,416
15/02/2010,418
16/02/2010,431
17/02/2010,440
18/02/2010,434
19/02/2010,435
22/02/2010,441
23/02/2010,438
24/02/2010,427
25/02/2010,420
26/02/2010,430
1/03/2010,437
2/03/2010,439.5
3/03/2010,444
4/03/2010,456
5/03/2010,466
8/03/2010,475
9/03/2010,459
10/03/2010,471
11/03/2010,447
12/03/2010,464
15/03/2010,463
16/03/2010,467
17/03/2010,476
18/03/2010,477
19/03/2010,476
22/03/2010,454
23/03/2010,458
24/03/2010,456
25/03/2010,448
26/03/2010,456
29/03/2010,473
30/03/2010,472
31/03/2010,479
1/04/2010,491
2/04/2010,491
5/04/2010,491
6/04/2010,504
7/04/2010,508
8/04/2010,503
9/04/2010,511
12/04/2010,515
13/04/2010,518
14/04/2010,545
15/04/2010,542
16/04/2010,532
19/04/2010,523
20/04/2010,543
21/04/2010,559
22/04/2010,558
23/04/2010,555
26/04/2010,571
27/04/2010,550
28/04/2010,543
29/04/2010,542
30/04/2010,552
3/05/2010,552
4/05/2010,529
5/05/2010,493
6/05/2010,507
7/05/2010,505
10/05/2010,528
11/05/2010,521
12/05/2010,537
13/05/2010,543
14/05/2010,536
17/05/2010,515
18/05/2010,507
19/05/2010,472
20/05/2010,420
21/05/2010,419
24/05/2010,450
25/05/2010,428
26/05/2010,447
27/05/2010,455
28/05/2010,471
31/05/2010,471
1/06/2010,457
2/06/2010,450
3/06/2010,462
4/06/2010,440
7/06/2010,423
8/06/2010,428
9/06/2010,453
10/06/2010,450
11/06/2010,449
14/06/2010,457
15/06/2010,460
16/06/2010,471
17/06/2010,482
18/06/2010,484
21/06/2010,502
22/06/2010,487
23/06/2010,485
24/06/2010,466
25/06/2010,471
28/06/2010,481
29/06/2010,463
30/06/2010,446
1/07/2010,433.5
2/07/2010,433
5/07/2010,429
6/07/2010,432
7/07/2010,439
8/07/2010,447
9/07/2010,454
12/07/2010,456
13/07/2010,463
14/07/2010,465
15/07/2010,470
16/07/2010,456
19/07/2010,447
20/07/2010,438
21/07/2010,453
22/07/2010,453
23/07/2010,460
26/07/2010,477
27/07/2010,478
28/07/2010,469
29/07/2010,488
30/07/2010,487
2/08/2010,501
3/08/2010,514
4/08/2010,504
5/08/2010,497
6/08/2010,491
9/08/2010,485
10/08/2010,479
11/08/2010,475
12/08/2010,465
13/08/2010,475
16/08/2010,480
17/08/2010,490
18/08/2010,494
19/08/2010,489
20/08/2010,483
23/08/2010,476
24/08/2010,476
25/08/2010,487
26/08/2010,501
27/08/2010,500
30/08/2010,500
31/08/2010,487.5
1/09/2010,508
2/09/2010,519
3/09/2010,526
6/09/2010,529
7/09/2010,524
8/09/2010,524
9/09/2010,522
10/09/2010,523
13/09/2010,522
14/09/2010,543
15/09/2010,551
16/09/2010,551
17/09/2010,554
20/09/2010,543
21/09/2010,534
22/09/2010,537
23/09/2010,542
24/09/2010,558
27/09/2010,557
28/09/2010,543
29/09/2010,566
30/09/2010,568
1/10/2010,570
4/10/2010,566
5/10/2010,566
6/10/2010,583
7/10/2010,598
8/10/2010,572
11/10/2010,584
12/10/2010,585
13/10/2010,587
14/10/2010,598
15/10/2010,591
18/10/2010,582
19/10/2010,571
20/10/2010,581
21/10/2010,596
22/10/2010,586
25/10/2010,611
26/10/2010,608
27/10/2010,622
28/10/2010,626
29/10/2010,640
1/11/2010,644
2/11/2010,650
3/11/2010,638
4/11/2010,668
5/11/2010,687
8/11/2010,694
9/11/2010,730
10/11/2010,714
11/11/2010,714
12/11/2010,684
15/11/2010,671
16/11/2010,673
17/11/2010,639
18/11/2010,683
19/11/2010,701
22/11/2010,710
23/11/2010,685
24/11/2010,693
25/11/2010,693
26/11/2010,683
29/11/2010,688
30/11/2010,697
1/12/2010,707
2/12/2010,749
3/12/2010,763
6/12/2010,765
7/12/2010,762
8/12/2010,737
9/12/2010,737
10/12/2010,742
13/12/2010,746
14/12/2010,759
15/12/2010,756
16/12/2010,753
17/12/2010,745
20/12/2010,747
21/12/2010,749
22/12/2010,757
23/12/2010,752
24/12/2010,752
27/12/2010,752
28/12/2010,752
29/12/2010,791
30/12/2010,797
31/12/2010,797
3/01/2011,797
4/01/2011,784
5/01/2011,754
6/01/2011,766
7/01/2011,754
10/01/2011,753
11/01/2011,778
12/01/2011,803
13/01/2011,819
14/01/2011,795
17/01/2011,790
18/01/2011,805
19/01/2011,824
20/01/2011,805
21/01/2011,814
24/01/2011,816
25/01/2011,786
26/01/2011,790
27/01/2011,814
28/01/2011,806
31/01/2011,806
1/02/2011,822
2/02/2011,819
3/02/2011,808
4/02/2011,813
7/02/2011,820
8/02/2011,823
9/02/2011,835
10/02/2011,822
11/02/2011,822
14/02/2011,824
15/02/2011,845
16/02/2011,840
17/02/2011,839
18/02/2011,847
21/02/2011,858
22/02/2011,836
23/02/2011,809
24/02/2011,770
25/02/2011,785
28/02/2011,790
1/03/2011,812
2/03/2011,821
3/03/2011,817
4/03/2011,811
7/03/2011,810
8/03/2011,781
9/03/2011,800
10/03/2011,769
11/03/2011,754
14/03/2011,752
15/03/2011,700
16/03/2011,719
17/03/2011,712
18/03/2011,727
21/03/2011,743
22/03/2011,739
23/03/2011,739
24/03/2011,758
25/03/2011,754
28/03/2011,742
29/03/2011,743
30/03/2011,757
31/03/2011,766
1/04/2011,772
4/04/2011,785
5/04/2011,780
6/04/2011,793.5
7/04/2011,778
8/04/2011,778
11/04/2011,795
12/04/2011,783
13/04/2011,773
14/04/2011,763
15/04/2011,772
18/04/2011,749
19/04/2011,737
20/04/2011,759
21/04/2011,765
22/04/2011,765
25/04/2011,765
26/04/2011,754
27/04/2011,754
28/04/2011,777
29/04/2011,777
2/05/2011,777
3/05/2011,775
4/05/2011,760
5/05/2011,729
6/05/2011,721
9/05/2011,726
10/05/2011,733
11/05/2011,725
12/05/2011,715
13/05/2011,718
16/05/2011,713
17/05/2011,713
18/05/2011,730
19/05/2011,736
20/05/2011,734
23/05/2011,723
24/05/2011,739
25/05/2011,744
26/05/2011,755
27/05/2011,757
30/05/2011,757
31/05/2011,777
1/06/2011,780
2/06/2011,775
3/06/2011,770
6/06/2011,789
7/06/2011,804
8/06/2011,799
9/06/2011,810
10/06/2011,810
13/06/2011,806
14/06/2011,794
15/06/2011,785
16/06/2011,758
17/06/2011,754
20/06/2011,738
21/06/2011,761
22/06/2011,767.5
23/06/2011,744
24/06/2011,739
27/06/2011,724
28/06/2011,734
29/06/2011,743
30/06/2011,761
1/07/2011,750
4/07/2011,758
5/07/2011,772
6/07/2011,776
7/07/2011,779
8/07/2011,776
11/07/2011,770
12/07/2011,757
13/07/2011,778
14/07/2011,788
15/07/2011,777
18/07/2011,786
19/07/2011,792
20/07/2011,789
21/07/2011,799
22/07/2011,807
25/07/2011,802.5
26/07/2011,812
27/07/2011,842
28/07/2011,829
29/07/2011,824
1/08/2011,842
2/08/2011,824
3/08/2011,808
4/08/2011,782.5
5/08/2011,742
8/08/2011,733
9/08/2011,735
10/08/2011,741
11/08/2011,732
12/08/2011,747
15/08/2011,752
16/08/2011,749
17/08/2011,778
18/08/2011,766
19/08/2011,750
22/08/2011,756
23/08/2011,762
24/08/2011,759
25/08/2011,746
26/08/2011,747
29/08/2011,747
30/08/2011,767
31/08/2011,783
1/09/2011,777
2/09/2011,785
5/09/2011,763
6/09/2011,761
7/09/2011,747
8/09/2011,762
9/09/2011,748
12/09/2011,723
13/09/2011,721
14/09/2011,723
15/09/2011,716
16/09/2011,732
19/09/2011,721
20/09/2011,717
21/09/2011,718
22/09/2011,659
23/09/2011,659
26/09/2011,639
27/09/2011,647
28/09/2011,644
29/09/2011,621
30/09/2011,614
3/10/2011,595
4/10/2011,588
5/10/2011,549
6/10/2011,588
7/10/2011,609
10/10/2011,612
11/10/2011,602
12/10/2011,612
13/10/2011,604
14/10/2011,614
17/10/2011,635
18/10/2011,606
19/10/2011,624
20/10/2011,595
21/10/2011,616
24/10/2011,631
25/10/2011,637
26/10/2011,649.5
27/10/2011,667
28/10/2011,659
31/10/2011,653
1/11/2011,631
2/11/2011,646
3/11/2011,661
4/11/2011,652
7/11/2011,659
8/11/2011,673
9/11/2011,662
10/11/2011,648
11/11/2011,651
14/11/2011,660
15/11/2011,661
16/11/2011,655
17/11/2011,635
18/11/2011,608
21/11/2011,592
22/11/2011,588
23/11/2011,587
24/11/2011,583
25/11/2011,572
28/11/2011,595
29/11/2011,582
30/11/2011,620
1/12/2011,633
2/12/2011,653
5/12/2011,642
6/12/2011,638
7/12/2011,681
8/12/2011,675
9/12/2011,670
12/12/2011,663
13/12/2011,661
14/12/2011,617
15/12/2011,623.5
16/12/2011,624
19/12/2011,627
20/12/2011,620
21/12/2011,632
22/12/2011,631
23/12/2011,631
26/12/2011,631
27/12/2011,631
28/12/2011,655
29/12/2011,630
30/12/2011,630
2/01/2012,630
3/01/2012,664
4/01/2012,656
5/01/2012,645
6/01/2012,632
9/01/2012,616
10/01/2012,643
11/01/2012,638
12/01/2012,645
13/01/2012,627
16/01/2012,640
17/01/2012,656
18/01/2012,646
19/01/2012,678
20/01/2012,669
23/01/2012,678
24/01/2012,676
25/01/2012,675
26/01/2012,698
27/01/2012,684
30/01/2012,684
31/01/2012,692
1/02/2012,695
2/02/2012,698
3/02/2012,711
6/02/2012,696
7/02/2012,700
8/02/2012,707
9/02/2012,713
10/02/2012,697
13/02/2012,702
14/02/2012,686
15/02/2012,688
16/02/2012,682
17/02/2012,697
20/02/2012,694
21/02/2012,709
22/02/2012,713
23/02/2012,721
24/02/2012,714
27/02/2012,707
28/02/2012,712
29/02/2012,722
1/03/2012,703
2/03/2012,713
5/03/2012,709
6/03/2012,673
7/03/2012,678
8/03/2012,696
9/03/2012,690
12/03/2012,704
13/03/2012,701
14/03/2012,700
15/03/2012,693
16/03/2012,703
19/03/2012,702
20/03/2012,699
21/03/2012,690
22/03/2012,658
23/03/2012,658
26/03/2012,664
27/03/2012,667
28/03/2012,651
29/03/2012,653
30/03/2012,651
2/04/2012,656
3/04/2012,660
4/04/2012,647
5/04/2012,635
6/04/2012,635
9/04/2012,635
10/04/2012,639
11/04/2012,637
12/04/2012,641
13/04/2012,643
16/04/2012,645
17/04/2012,653
18/04/2012,657
19/04/2012,657
20/04/2012,666
23/04/2012,666
24/04/2012,674
25/04/2012,665
26/04/2012,659
27/04/2012,677
30/04/2012,679
1/05/2012,681
2/05/2012,673
3/05/2012,665
4/05/2012,663
7/05/2012,663
8/05/2012,633
9/05/2012,615
10/05/2012,620
11/05/2012,605
14/05/2012,602
15/05/2012,602
16/05/2012,590
17/05/2012,602
18/05/2012,605
21/05/2012,611
22/05/2012,612
23/05/2012,607
24/05/2012,600
25/05/2012,590
28/05/2012,601
29/05/2012,608
30/05/2012,601
31/05/2012,611
1/06/2012,607
4/06/2012,607
5/06/2012,607
6/06/2012,620
7/06/2012,629
8/06/2012,613
11/06/2012,623
12/06/2012,624
13/06/2012,625
14/06/2012,624.5
15/06/2012,632
18/06/2012,628
19/06/2012,634
20/06/2012,624
21/06/2012,617
22/06/2012,608
25/06/2012,606
26/06/2012,601.5
27/06/2012,579
28/06/2012,576
29/06/2012,578
2/07/2012,580
3/07/2012,591
4/07/2012,601
5/07/2012,588
6/07/2012,577
9/07/2012,582
10/07/2012,585
11/07/2012,576
12/07/2012,574
13/07/2012,581
16/07/2012,581
17/07/2012,583
18/07/2012,576
19/07/2012,581
20/07/2012,577
23/07/2012,565
24/07/2012,569
25/07/2012,566
26/07/2012,571
27/07/2012,574
30/07/2012,581
31/07/2012,591
1/08/2012,586
2/08/2012,575.5
3/08/2012,573
6/08/2012,576
7/08/2012,585
8/08/2012,585
9/08/2012,585
10/08/2012,578
13/08/2012,581
14/08/2012,577
15/08/2012,576
16/08/2012,579
17/08/2012,592
20/08/2012,598
21/08/2012,616
22/08/2012,628
23/08/2012,638
24/08/2012,643
27/08/2012,643
28/08/2012,640
29/08/2012,634
30/08/2012,634
31/08/2012,623
3/09/2012,629
4/09/2012,638
5/09/2012,641
6/09/2012,644
7/09/2012,647
10/09/2012,661
11/09/2012,675
12/09/2012,678
13/09/2012,684
14/09/2012,702
17/09/2012,691
18/09/2012,681
19/09/2012,674
20/09/2012,663
21/09/2012,672
24/09/2012,636
25/09/2012,641
26/09/2012,624
27/09/2012,634
28/09/2012,642
1/10/2012,650
2/10/2012,646
3/10/2012,652
4/10/2012,662
5/10/2012,667
8/10/2012,652
9/10/2012,660
10/10/2012,650
11/10/2012,649
12/10/2012,650
15/10/2012,637
16/10/2012,639
17/10/2012,643
18/10/2012,647
19/10/2012,638
22/10/2012,623
23/10/2012,601
24/10/2012,600
25/10/2012,605
26/10/2012,604
29/10/2012,593
30/10/2012,593.5
31/10/2012,606
1/11/2012,614
2/11/2012,608
5/11/2012,598
6/11/2012,617
7/11/2012,617
8/11/2012,612
9/11/2012,612
12/11/2012,611
13/11/2012,617
14/11/2012,643
15/11/2012,639
16/11/2012,623
19/11/2012,642
20/11/2012,640
21/11/2012,640
22/11/2012,657
23/11/2012,657.5
26/11/2012,667.5
27/11/2012,670
28/11/2012,651
29/11/2012,682
30/11/2012,685
3/12/2012,682
4/12/2012,680
5/12/2012,681
6/12/2012,686
7/12/2012,698
10/12/2012,699
11/12/2012,695
12/12/2012,697
13/12/2012,682
14/12/2012,700
17/12/2012,697
18/12/2012,697
19/12/2012,695
20/12/2012,685
21/12/2012,675
24/12/2012,675
25/12/2012,675
26/12/2012,675
27/12/2012,700
28/12/2012,704
31/12/2012,704
1/01/2013,704
2/01/2013,711
3/01/2013,697
4/01/2013,689
7/01/2013,675.5
8/01/2013,673
9/01/2013,681
10/01/2013,701
11/01/2013,693.5
14/01/2013,706
15/01/2013,709
16/01/2013,714
17/01/2013,725
18/01/2013,722
21/01/2013,715
22/01/2013,717
23/01/2013,725
24/01/2013,722
25/01/2013,725
28/01/2013,742
29/01/2013,739
30/01/2013,756
31/01/2013,739
1/02/2013,745
4/02/2013,749
5/02/2013,756
6/02/2013,764
7/02/2013,764.5
8/02/2013,746
11/02/2013,749
12/02/2013,765
13/02/2013,773
14/02/2013,770
15/02/2013,754
18/02/2013,759
19/02/2013,763
20/02/2013,754
21/02/2013,722
22/02/2013,732
25/02/2013,748
26/02/2013,740
27/02/2013,741
28/02/2013,744
1/03/2013,721
4/03/2013,724
5/03/2013,728
6/03/2013,739
7/03/2013,755
8/03/2013,769
11/03/2013,774
12/03/2013,774
13/03/2013,773
14/03/2013,766
15/03/2013,774
18/03/2013,765
19/03/2013,761
20/03/2013,747
21/03/2013,761
22/03/2013,754
25/03/2013,761
26/03/2013,757
27/03/2013,760
28/03/2013,770
29/03/2013,770
1/04/2013,770
2/04/2013,773
3/04/2013,765
4/04/2013,737
5/04/2013,720
8/04/2013,730.5
9/04/2013,732
10/04/2013,713
11/04/2013,723
12/04/2013,715.5
15/04/2013,676
16/04/2013,681
17/04/2013,671
18/04/2013,670
19/04/2013,677
22/04/2013,683
23/04/2013,670
24/04/2013,674
25/04/2013,679
26/04/2013,681
29/04/2013,694
30/04/2013,699
1/05/2013,688
2/05/2013,688
3/05/2013,694
6/05/2013,694
7/05/2013,682
8/05/2013,690
9/05/2013,695
10/05/2013,702
13/05/2013,705
14/05/2013,718
15/05/2013,727
16/05/2013,728
17/05/2013,736
20/05/2013,734
21/05/2013,741
22/05/2013,750
23/05/2013,739
24/05/2013,729
27/05/2013,729
28/05/2013,733
29/05/2013,747
30/05/2013,754
31/05/2013,744
3/06/2013,755
4/06/2013,751
5/06/2013,754
6/06/2013,756.5
7/06/2013,754
10/06/2013,759
11/06/2013,762
12/06/2013,754
13/06/2013,743
14/06/2013,728
17/06/2013,721
18/06/2013,706
19/06/2013,706
20/06/2013,670
21/06/2013,672
24/06/2013,669
25/06/2013,672
26/06/2013,652
27/06/2013,643
28/06/2013,643
1/07/2013,678
2/07/2013,687
3/07/2013,684
4/07/2013,680
5/07/2013,669
8/07/2013,697
9/07/2013,699
10/07/2013,710
11/07/2013,723.5
12/07/2013,716
15/07/2013,724
16/07/2013,735
17/07/2013,734
18/07/2013,737
19/07/2013,743
22/07/2013,750
23/07/2013,734
24/07/2013,738
25/07/2013,743
26/07/2013,731
29/07/2013,731
30/07/2013,738
31/07/2013,733
1/08/2013,733
2/08/2013,730
