Date,Yttrium,Neodymium
18/04/2003,29.5,6.65
21/04/2003,29.5,6.65
22/04/2003,29.5,6.65
23/04/2003,29.5,6.65
24/04/2003,29.5,6.65
25/04/2003,29.5,6.65
28/04/2003,29.5,6.65
29/04/2003,29.5,6.65
30/04/2003,29.5,6.65
1/05/2003,29.5,6.65
2/05/2003,29.5,6.65
5/05/2003,29.5,6.65
6/05/2003,29.5,6.65
7/05/2003,29.5,6.65
8/05/2003,29.5,6.65
9/05/2003,29.5,6.65
12/05/2003,29.5,6.65
13/05/2003,29.5,6.65
14/05/2003,29.5,6.65
15/05/2003,29.5,6.65
16/05/2003,29.5,6.65
19/05/2003,29.5,6.65
20/05/2003,29.5,6.65
21/05/2003,29.5,6.65
22/05/2003,29.5,6.65
23/05/2003,29.5,6.65
26/05/2003,29.5,6.65
27/05/2003,29.5,6.65
28/05/2003,29.5,6.65
29/05/2003,29.5,6.65
30/05/2003,29.5,6.65
2/06/2003,29.5,6.65
3/06/2003,29.5,6.65
4/06/2003,29.5,6.65
5/06/2003,29.5,6.65
6/06/2003,29.5,6.65
9/06/2003,29.5,6.65
10/06/2003,29.5,6.65
11/06/2003,29.5,6.65
12/06/2003,29.5,6.65
13/06/2003,29.5,6.7
16/06/2003,29.5,6.7
17/06/2003,29.5,6.7
18/06/2003,29.5,6.7
19/06/2003,29.5,6.7
20/06/2003,29.5,6.7
23/06/2003,29.5,6.7
24/06/2003,29.5,6.7
25/06/2003,29.5,6.7
26/06/2003,29.5,6.7
27/06/2003,29.5,6.6
30/06/2003,29.5,6.6
1/07/2003,29.5,6.6
2/07/2003,29.5,6.6
3/07/2003,29.5,6.6
4/07/2003,29.5,6.6
7/07/2003,29.5,6.6
8/07/2003,29.5,6.6
9/07/2003,29.5,6.6
10/07/2003,29.5,6.6
11/07/2003,29.5,6.6
14/07/2003,29.5,6.6
15/07/2003,29.5,6.6
16/07/2003,29.5,6.6
17/07/2003,29.5,6.6
18/07/2003,29.5,6.6
21/07/2003,29.5,6.6
22/07/2003,29.5,6.6
23/07/2003,29.5,6.6
24/07/2003,29.5,6.6
25/07/2003,29.5,6.58
28/07/2003,29.5,6.58
29/07/2003,29.5,6.58
30/07/2003,29.5,6.58
31/07/2003,29.5,6.58
1/08/2003,29.5,6.58
4/08/2003,29.5,6.58
5/08/2003,29.5,6.58
6/08/2003,29.5,6.58
7/08/2003,29.5,6.58
8/08/2003,29.5,6.58
11/08/2003,29.5,6.58
12/08/2003,29.5,6.58
13/08/2003,29.5,6.58
14/08/2003,29.5,6.58
15/08/2003,29.5,6.4
18/08/2003,29.5,6.4
19/08/2003,29.5,6.4
20/08/2003,29.5,6.4
21/08/2003,29.5,6.4
22/08/2003,29.5,6.4
25/08/2003,29.5,6.4
26/08/2003,29.5,6.4
27/08/2003,29.5,6.4
28/08/2003,29.5,6.4
29/08/2003,29.5,6.4
1/09/2003,29.5,6.4
2/09/2003,29.5,6.4
3/09/2003,29.5,6.4
4/09/2003,29.5,6.4
5/09/2003,29.5,6.4
8/09/2003,29.5,6.4
9/09/2003,29.5,6.4
10/09/2003,29.5,6.4
11/09/2003,29.5,6.4
12/09/2003,29.5,6.4
15/09/2003,29.5,6.4
16/09/2003,29.5,6.4
17/09/2003,29.5,6.4
18/09/2003,29.5,6.4
19/09/2003,29.5,6.4
22/09/2003,29.5,6.4
23/09/2003,29.5,6.4
24/09/2003,29.5,6.4
25/09/2003,29.5,6.4
26/09/2003,29.5,6.4
29/09/2003,29.5,6.4
30/09/2003,29.5,6.4
1/10/2003,29.5,6.4
2/10/2003,29.5,6.4
3/10/2003,29.5,6.4
6/10/2003,29.5,6.4
7/10/2003,29.5,6.4
8/10/2003,29.5,6.4
9/10/2003,29.5,6.4
10/10/2003,29.5,6.4
13/10/2003,29.5,6.4
14/10/2003,29.5,6.4
15/10/2003,29.5,6.4
16/10/2003,29.5,6.4
17/10/2003,29.5,6.4
20/10/2003,29.5,6.4
21/10/2003,29.5,6.4
22/10/2003,29.5,6.4
23/10/2003,29.5,6.4
24/10/2003,29.5,6.4
27/10/2003,29.5,6.4
28/10/2003,29.5,6.4
29/10/2003,29.5,6.4
30/10/2003,29.5,6.4
31/10/2003,29.5,6.4
3/11/2003,29.5,6.4
4/11/2003,29.5,6.4
5/11/2003,29.5,6.4
6/11/2003,29.5,6.4
7/11/2003,29.5,6.4
10/11/2003,29.5,6.4
11/11/2003,29.5,6.4
12/11/2003,29.5,6.4
13/11/2003,29.5,6.4
14/11/2003,29.5,6.4
17/11/2003,29.5,6.4
18/11/2003,29.5,6.4
19/11/2003,29.5,6.4
20/11/2003,29.5,6.4
21/11/2003,29.5,6.4
24/11/2003,29.5,6.4
25/11/2003,29.5,6.4
26/11/2003,29.5,6.4
27/11/2003,29.5,6.4
28/11/2003,29.5,6.4
1/12/2003,29.5,6.4
2/12/2003,29.5,6.4
3/12/2003,29.5,6.4
4/12/2003,29.5,6.4
5/12/2003,29.5,6.4
8/12/2003,29.5,6.4
9/12/2003,29.5,6.4
10/12/2003,29.5,6.4
11/12/2003,29.5,6.4
12/12/2003,29.5,6.4
15/12/2003,29.5,6.4
16/12/2003,29.5,6.4
17/12/2003,29.5,6.4
18/12/2003,29.5,6.4
19/12/2003,29.5,6.4
22/12/2003,29.5,6.4
23/12/2003,29.5,6.4
24/12/2003,29.5,6.4
25/12/2003,29.5,6.4
26/12/2003,29.5,6.4
29/12/2003,29.5,6.4
30/12/2003,29.5,6.4
31/12/2003,29.5,6.4
1/01/2004,29.5,6.4
2/01/2004,29.5,6.4
5/01/2004,29.5,6.4
6/01/2004,29.5,6.4
7/01/2004,29.5,6.4
8/01/2004,29.5,6.4
9/01/2004,29.5,6.4
12/01/2004,29.5,6.4
13/01/2004,29.5,6.4
14/01/2004,29.5,6.4
15/01/2004,29.5,6.4
16/01/2004,29.5,6.8
19/01/2004,29.5,6.8
20/01/2004,29.5,6.8
21/01/2004,29.5,6.8
22/01/2004,29.5,6.8
23/01/2004,29.5,6.8
26/01/2004,29.5,6.8
27/01/2004,29.5,6.8
28/01/2004,29.5,6.8
29/01/2004,29.5,6.8
30/01/2004,29.5,6.8
2/02/2004,29.5,6.8
3/02/2004,29.5,6.8
4/02/2004,29.5,6.8
5/02/2004,29.5,6.8
6/02/2004,29.5,7.8
9/02/2004,29.5,7.8
10/02/2004,29.5,7.8
11/02/2004,29.5,7.8
12/02/2004,29.5,7.8
13/02/2004,29.5,8.3
16/02/2004,29.5,8.3
17/02/2004,29.5,8.3
18/02/2004,29.5,8.3
19/02/2004,29.5,8.3
20/02/2004,29.5,8.3
23/02/2004,29.5,8.3
24/02/2004,29.5,8.3
25/02/2004,29.5,8.3
26/02/2004,29.5,8.3
27/02/2004,29.5,8.5
1/03/2004,29.5,8.5
2/03/2004,29.5,8.5
3/03/2004,29.5,8.5
4/03/2004,29.5,8.5
5/03/2004,29.5,8.8
8/03/2004,29.5,8.8
9/03/2004,29.5,8.8
10/03/2004,29.5,8.8
11/03/2004,29.5,8.8
12/03/2004,29.5,9
15/03/2004,29.5,9
16/03/2004,29.5,9
17/03/2004,29.5,9
18/03/2004,29.5,9
19/03/2004,29.5,9
22/03/2004,29.5,9
23/03/2004,29.5,9
24/03/2004,29.5,9
25/03/2004,29.5,9
26/03/2004,29.5,8.8
29/03/2004,29.5,8.8
30/03/2004,29.5,8.8
31/03/2004,29.5,8.8
1/04/2004,29.5,8.8
2/04/2004,29.5,8.8
5/04/2004,29.5,8.8
6/04/2004,29.5,8.8
7/04/2004,29.5,8.8
8/04/2004,29.5,8.8
9/04/2004,29.5,8.7
12/04/2004,29.5,8.7
13/04/2004,29.5,8.7
14/04/2004,29.5,8.7
15/04/2004,29.5,8.7
16/04/2004,29.5,8.6
19/04/2004,29.5,8.6
20/04/2004,29.5,8.6
21/04/2004,29.5,8.6
22/04/2004,29.5,8.6
23/04/2004,29.5,8.6
26/04/2004,29.5,8.6
27/04/2004,29.5,8.6
28/04/2004,29.5,8.6
29/04/2004,29.5,8.6
30/04/2004,29.5,8.4
3/05/2004,29.5,8.4
4/05/2004,29.5,8.4
5/05/2004,29.5,8.4
6/05/2004,29.5,8.4
7/05/2004,29.5,8.4
10/05/2004,29.5,8.4
11/05/2004,29.5,8.4
12/05/2004,29.5,8.4
13/05/2004,29.5,8.4
14/05/2004,29.5,8.4
17/05/2004,29.5,8.4
18/05/2004,29.5,8.4
19/05/2004,29.5,8.4
20/05/2004,29.5,8.4
21/05/2004,29.5,8.4
24/05/2004,29.5,8.4
25/05/2004,29.5,8.4
26/05/2004,29.5,8.4
27/05/2004,29.5,8.4
28/05/2004,29.5,8.4
31/05/2004,29.5,8.4
1/06/2004,29.5,8.4
2/06/2004,29.5,8.4
3/06/2004,29.5,8.4
4/06/2004,29.5,8.4
7/06/2004,29.5,8.4
8/06/2004,29.5,8.4
9/06/2004,29.5,8.4
10/06/2004,29.5,8.4
11/06/2004,28,8.4
14/06/2004,28,8.4
15/06/2004,28,8.4
16/06/2004,28,8.4
17/06/2004,28,8.4
18/06/2004,28,8.4
21/06/2004,28,8.4
22/06/2004,28,8.4
23/06/2004,28,8.4
24/06/2004,28,8.4
25/06/2004,28,8.4
28/06/2004,28,8.4
29/06/2004,28,8.4
30/06/2004,28,8.4
1/07/2004,28,8.4
2/07/2004,27,8.4
5/07/2004,27,8.4
6/07/2004,27,8.4
7/07/2004,27,8.4
8/07/2004,27,8.4
9/07/2004,27,8.3
12/07/2004,27,8.3
13/07/2004,27,8.3
14/07/2004,27,8.3
15/07/2004,27,8.3
16/07/2004,26,8.3
19/07/2004,26,8.3
20/07/2004,26,8.3
21/07/2004,26,8.3
22/07/2004,26,8.3
23/07/2004,26,8.3
26/07/2004,26,8.3
27/07/2004,26,8.3
28/07/2004,26,8.3
29/07/2004,26,8.3
30/07/2004,26,8.2
2/08/2004,26,8.2
3/08/2004,26,8.2
4/08/2004,26,8.2
5/08/2004,26,8.2
6/08/2004,26,8.2
9/08/2004,26,8.2
10/08/2004,26,8.2
11/08/2004,26,8.2
12/08/2004,26,8.2
13/08/2004,26,8.1
16/08/2004,26,8.1
17/08/2004,26,8.1
18/08/2004,26,8.1
19/08/2004,26,8.1
20/08/2004,26,8.1
23/08/2004,26,8.1
24/08/2004,26,8.1
25/08/2004,26,8.1
26/08/2004,26,8.1
27/08/2004,26,8.1
30/08/2004,26,8.1
31/08/2004,26,8.1
1/09/2004,26,8.1
2/09/2004,26,8.1
3/09/2004,26,8.1
6/09/2004,26,8.1
7/09/2004,26,8.1
8/09/2004,26,8.1
9/09/2004,26,8.1
10/09/2004,26,8.1
13/09/2004,26,8.1
14/09/2004,26,8.1
15/09/2004,26,8.1
16/09/2004,26,8.1
17/09/2004,26,8.2
20/09/2004,26,8.2
21/09/2004,26,8.2
22/09/2004,26,8.2
23/09/2004,26,8.2
24/09/2004,26,8.2
27/09/2004,26,8.2
28/09/2004,26,8.2
29/09/2004,26,8.2
30/09/2004,26,8.2
1/10/2004,26,8.2
4/10/2004,26,8.2
5/10/2004,26,8.2
6/10/2004,26,8.2
7/10/2004,26,8.2
8/10/2004,26,8.2
11/10/2004,26,8.2
12/10/2004,26,8.2
13/10/2004,26,8.2
14/10/2004,26,8.2
15/10/2004,26,8.2
18/10/2004,26,8.2
19/10/2004,26,8.2
20/10/2004,26,8.2
21/10/2004,26,8.2
22/10/2004,26,8.2
25/10/2004,26,8.2
26/10/2004,26,8.2
27/10/2004,26,8.2
28/10/2004,26,8.2
29/10/2004,26,8.2
1/11/2004,26,8.2
2/11/2004,26,8.2
3/11/2004,26,8.2
4/11/2004,26,8.2
5/11/2004,26,8.2
8/11/2004,26,8.2
9/11/2004,26,8.2
10/11/2004,26,8.2
11/11/2004,26,8.2
12/11/2004,26,8.2
15/11/2004,26,8.2
16/11/2004,26,8.2
17/11/2004,26,8.2
18/11/2004,26,8.2
19/11/2004,26,8.2
22/11/2004,26,8.2
23/11/2004,26,8.2
24/11/2004,26,8.2
25/11/2004,26,8.2
26/11/2004,26,8.2
29/11/2004,26,8.2
30/11/2004,26,8.2
1/12/2004,26,8.2
2/12/2004,26,8.2
3/12/2004,26,8.2
6/12/2004,26,8.2
7/12/2004,26,8.2
8/12/2004,26,8.2
9/12/2004,26,8.2
10/12/2004,26,8.2
13/12/2004,26,8.2
14/12/2004,26,8.2
15/12/2004,26,8.2
16/12/2004,26,8.2
17/12/2004,26,8.2
20/12/2004,26,8.2
21/12/2004,26,8.2
22/12/2004,26,8.2
23/12/2004,26,8.2
24/12/2004,26,8.2
27/12/2004,26,8.2
28/12/2004,26,8.2
29/12/2004,26,8.2
30/12/2004,26,8.2
31/12/2004,26,8.2
3/01/2005,26,8.2
4/01/2005,26,8.2
5/01/2005,26,8.2
6/01/2005,26,8.2
7/01/2005,26,8.3
10/01/2005,26,8.3
11/01/2005,26,8.3
12/01/2005,26,8.3
13/01/2005,26,8.3
14/01/2005,26,8.4
17/01/2005,26,8.4
18/01/2005,26,8.4
19/01/2005,26,8.4
20/01/2005,26,8.4
21/01/2005,25,8.4
24/01/2005,25,8.4
25/01/2005,25,8.4
26/01/2005,25,8.4
27/01/2005,25,8.4
28/01/2005,25,8.4
31/01/2005,25,8.4
1/02/2005,25,8.4
2/02/2005,25,8.4
3/02/2005,25,8.4
4/02/2005,25,8.4
7/02/2005,25,8.4
8/02/2005,25,8.4
9/02/2005,25,8.4
10/02/2005,25,8.4
11/02/2005,25,8.4
14/02/2005,25,8.4
15/02/2005,25,8.4
16/02/2005,25,8.4
17/02/2005,25,8.4
18/02/2005,25,8.4
21/02/2005,25,8.4
22/02/2005,25,8.4
23/02/2005,25,8.4
24/02/2005,25,8.4
25/02/2005,25,8.4
28/02/2005,25,8.4
1/03/2005,25,8.4
2/03/2005,25,8.4
3/03/2005,25,8.4
4/03/2005,25,8.4
7/03/2005,25,8.4
8/03/2005,25,8.4
9/03/2005,25,8.4
10/03/2005,25,8.4
11/03/2005,25,8.4
14/03/2005,25,8.4
15/03/2005,25,8.4
16/03/2005,25,8.4
17/03/2005,25,8.4
18/03/2005,25,8.4
21/03/2005,25,8.4
22/03/2005,25,8.4
23/03/2005,25,8.4
24/03/2005,25,8.4
25/03/2005,25,8.4
28/03/2005,25,8.4
29/03/2005,25,8.4
30/03/2005,25,8.4
31/03/2005,25,8.4
1/04/2005,25,8.4
4/04/2005,25,8.4
5/04/2005,25,8.4
6/04/2005,25,8.4
7/04/2005,25,8.4
8/04/2005,25,8.4
11/04/2005,25,8.4
12/04/2005,25,8.4
13/04/2005,25,8.4
14/04/2005,25,8.4
15/04/2005,25,8.4
18/04/2005,25,8.4
19/04/2005,25,8.4
20/04/2005,25,8.4
21/04/2005,25,8.4
22/04/2005,25,8.4
25/04/2005,25,8.4
26/04/2005,25,8.4
27/04/2005,25,8.4
28/04/2005,25,8.4
29/04/2005,25,8.4
2/05/2005,25,8.4
3/05/2005,25,8.4
4/05/2005,25,8.4
5/05/2005,25,8.4
6/05/2005,25,8.4
9/05/2005,25,8.4
10/05/2005,25,8.4
11/05/2005,25,8.4
12/05/2005,25,8.4
13/05/2005,25,8.4
16/05/2005,25,8.4
17/05/2005,25,8.4
18/05/2005,25,8.4
19/05/2005,25,8.4
20/05/2005,25,8.4
23/05/2005,25,8.4
24/05/2005,25,8.4
25/05/2005,25,8.4
26/05/2005,25,8.4
27/05/2005,25,8.4
30/05/2005,25,8.4
31/05/2005,25,8.4
1/06/2005,25,8.4
2/06/2005,25,8.4
3/06/2005,25.5,8.4
6/06/2005,25.5,8.4
7/06/2005,25.5,8.4
8/06/2005,25.5,8.4
9/06/2005,25.5,8.4
10/06/2005,25.65,9.65
13/06/2005,25.65,9.65
14/06/2005,25.65,9.65
15/06/2005,25.65,9.65
16/06/2005,25.65,9.65
17/06/2005,25.65,9.65
20/06/2005,25.65,9.65
21/06/2005,25.65,9.65
22/06/2005,25.65,9.65
23/06/2005,25.65,9.65
24/06/2005,25.65,9.7
27/06/2005,25.65,9.7
28/06/2005,25.65,9.7
29/06/2005,25.65,9.7
30/06/2005,25.65,9.7
1/07/2005,25.65,9.7
4/07/2005,25.65,9.7
5/07/2005,25.65,9.7
6/07/2005,25.65,9.7
7/07/2005,25.65,9.7
8/07/2005,25.65,10
11/07/2005,25.65,10
12/07/2005,25.65,10
13/07/2005,25.65,10
14/07/2005,25.65,10
15/07/2005,25.65,10.15
18/07/2005,25.65,10.15
19/07/2005,25.65,10.15
20/07/2005,25.65,10.15
21/07/2005,25.65,10.15
22/07/2005,25.65,10.5
25/07/2005,25.65,10.5
26/07/2005,25.65,10.5
27/07/2005,25.65,10.5
28/07/2005,25.65,10.5
29/07/2005,25.75,10.5
1/08/2005,25.75,10.5
2/08/2005,25.75,10.5
3/08/2005,25.75,10.5
4/08/2005,25.75,10.5
5/08/2005,25.75,10.5
8/08/2005,25.75,10.5
9/08/2005,25.75,10.5
10/08/2005,25.75,10.5
11/08/2005,25.75,10.5
12/08/2005,25.75,11.5
15/08/2005,25.75,11.5
16/08/2005,25.75,11.5
17/08/2005,25.75,11.5
18/08/2005,25.75,11.5
19/08/2005,25.75,12
22/08/2005,25.75,12
23/08/2005,25.75,12
24/08/2005,25.75,12
25/08/2005,25.75,12
26/08/2005,25.75,12.5
29/08/2005,25.75,12.5
30/08/2005,25.75,12.5
31/08/2005,25.75,12.5
1/09/2005,25.75,12.5
2/09/2005,26.5,12.5
5/09/2005,26.5,12.5
6/09/2005,26.5,12.5
7/09/2005,26.5,12.5
8/09/2005,26.5,12.5
9/09/2005,26.5,12.5
12/09/2005,26.5,12.5
13/09/2005,26.5,12.5
14/09/2005,26.5,12.5
15/09/2005,26.5,12.5
16/09/2005,26.5,12.5
19/09/2005,26.5,12.5
20/09/2005,26.5,12.5
21/09/2005,26.5,12.5
22/09/2005,26.5,12.5
23/09/2005,26.5,13
26/09/2005,26.5,13
27/09/2005,26.5,13
28/09/2005,26.5,13
29/09/2005,26.5,13
30/09/2005,26.5,13
3/10/2005,26.5,13
4/10/2005,26.5,13
5/10/2005,26.5,13
6/10/2005,26.5,13
7/10/2005,26.5,13
10/10/2005,26.5,13
11/10/2005,26.5,13
12/10/2005,26.5,13
13/10/2005,26.5,13
14/10/2005,26.5,13
17/10/2005,26.5,13
18/10/2005,26.5,13
19/10/2005,26.5,13
20/10/2005,26.5,13
21/10/2005,26.5,13
24/10/2005,26.5,13
25/10/2005,26.5,13
26/10/2005,26.5,13
27/10/2005,26.5,13
28/10/2005,26.5,13
31/10/2005,26.5,13
1/11/2005,26.5,13
2/11/2005,26.5,13
3/11/2005,26.5,13
4/11/2005,26,13
7/11/2005,26,13
8/11/2005,26,13
9/11/2005,26,13
10/11/2005,26,13
11/11/2005,26,12.5
14/11/2005,26,12.5
15/11/2005,26,12.5
16/11/2005,26,12.5
17/11/2005,26,12.5
18/11/2005,26,12.5
21/11/2005,26,12.5
22/11/2005,26,12.5
23/11/2005,26,12.5
24/11/2005,26,12.5
25/11/2005,26,12.5
28/11/2005,26,12.5
29/11/2005,26,12.5
30/11/2005,26,12.5
1/12/2005,26,12.5
2/12/2005,26,12.5
5/12/2005,26,12.5
6/12/2005,26,12.5
7/12/2005,26,12.5
8/12/2005,26,12.5
9/12/2005,26,12.5
12/12/2005,26,12.5
13/12/2005,26,12.5
14/12/2005,26,12.5
15/12/2005,26,12.5
16/12/2005,26,12.5
19/12/2005,26,12.5
20/12/2005,26,12.5
21/12/2005,26,12.5
22/12/2005,26,12.5
23/12/2005,26,12.5
26/12/2005,26,12.5
27/12/2005,26,12.5
28/12/2005,26,12.5
29/12/2005,26,12.5
30/12/2005,26,12.5
2/01/2006,26,12.5
3/01/2006,26,12.5
4/01/2006,26,12.5
5/01/2006,26,12.5
6/01/2006,26,12.5
9/01/2006,26,12.5
10/01/2006,26,12.5
11/01/2006,26,12.5
12/01/2006,26,12.5
13/01/2006,26,12.5
16/01/2006,26,12.5
17/01/2006,26,12.5
18/01/2006,26,13
19/01/2006,26,13
20/01/2006,26,13
23/01/2006,26,13
24/01/2006,26,13
25/01/2006,26,13
26/01/2006,26,13
27/01/2006,26,13
30/01/2006,26,13
31/01/2006,26,13
1/02/2006,26,13
2/02/2006,26,13
3/02/2006,26,13
6/02/2006,26,13
7/02/2006,26,13
8/02/2006,26,13.5
9/02/2006,26,13.5
10/02/2006,26,13.5
13/02/2006,26,13.5
14/02/2006,26,13.5
15/02/2006,26,13.5
16/02/2006,26,13.5
17/02/2006,26,14
20/02/2006,26,14
21/02/2006,26,14
22/02/2006,26,14
23/02/2006,26,14
24/02/2006,26,14
27/02/2006,26,14
28/02/2006,26,14
1/03/2006,26,14
2/03/2006,26,14
3/03/2006,26,14
6/03/2006,26,14
7/03/2006,26,14
8/03/2006,26,14
9/03/2006,26,14
10/03/2006,26,14.3
13/03/2006,26,14.3
14/03/2006,26,14.3
15/03/2006,26,14.3
16/03/2006,26,14.3
17/03/2006,26,14.3
20/03/2006,26,14.3
21/03/2006,26,14.3
22/03/2006,26,14.3
23/03/2006,26,14.3
24/03/2006,26,14.5
27/03/2006,26,14.5
28/03/2006,26,14.5
29/03/2006,26,14.5
30/03/2006,26,14.5
31/03/2006,26,14.5
3/04/2006,26,14.5
4/04/2006,26,14.5
5/04/2006,26,14.5
6/04/2006,26,14.5
7/04/2006,26,15
10/04/2006,26,15
11/04/2006,26,15
12/04/2006,26,15
13/04/2006,26,15
14/04/2006,26,15
17/04/2006,26,15
18/04/2006,26,15
19/04/2006,26,15
20/04/2006,26,15
21/04/2006,26,15
24/04/2006,26,15
25/04/2006,26,15
26/04/2006,26,15
27/04/2006,26,15
28/04/2006,26,15
1/05/2006,26,15
2/05/2006,26,15
3/05/2006,26,15
4/05/2006,26,15
5/05/2006,26,15
8/05/2006,26,15
9/05/2006,26,15
10/05/2006,26,15
11/05/2006,26,15
12/05/2006,26,15
15/05/2006,26,15
16/05/2006,26,15
17/05/2006,26,15.5
18/05/2006,26,15.5
19/05/2006,26,15.5
22/05/2006,26,15.5
23/05/2006,26,15.5
24/05/2006,26,15.5
25/05/2006,26,15.5
26/05/2006,26,15.5
29/05/2006,26,15.5
30/05/2006,26,15.5
31/05/2006,26,15.5
1/06/2006,26,15.5
2/06/2006,26,15.5
5/06/2006,26,15.5
6/06/2006,26,15.5
7/06/2006,26,15.5
8/06/2006,26,15.5
9/06/2006,26,16.5
12/06/2006,26,16.5
13/06/2006,26,16.5
14/06/2006,26,16.5
15/06/2006,26,16.5
16/06/2006,26,17
19/06/2006,26,17
20/06/2006,26,17
21/06/2006,26,17
22/06/2006,26,17
23/06/2006,26,17
26/06/2006,26,17
27/06/2006,26,17
28/06/2006,26,17
29/06/2006,26,17
30/06/2006,26,17.5
3/07/2006,26,17.5
4/07/2006,26,17.5
5/07/2006,26,17.5
6/07/2006,26,17.5
7/07/2006,26,17.5
10/07/2006,26,17.5
11/07/2006,26,17.5
12/07/2006,26,17.7
13/07/2006,26,17.7
14/07/2006,26,19
17/07/2006,26,19
18/07/2006,26,19
19/07/2006,26,19.5
20/07/2006,26,19.5
21/07/2006,26,20.5
24/07/2006,26,20.5
25/07/2006,26,20.5
26/07/2006,26,21
27/07/2006,26,21
28/07/2006,26,21
31/07/2006,26,21
1/08/2006,26,21
2/08/2006,26,22.5
3/08/2006,26,22.5
4/08/2006,26,23.5
7/08/2006,26,23.5
8/08/2006,26,23.5
9/08/2006,26,25
10/08/2006,26,25
11/08/2006,26,25.5
14/08/2006,26,25.5
15/08/2006,26,25.5
16/08/2006,26,26
17/08/2006,26,26
18/08/2006,26,26
21/08/2006,26,26
22/08/2006,26,26
23/08/2006,26,26
24/08/2006,26,26
25/08/2006,26,26
28/08/2006,26,26
29/08/2006,26,26
30/08/2006,26,26
31/08/2006,26,26
1/09/2006,26,26
4/09/2006,26,26
5/09/2006,26,26
6/09/2006,26,26
7/09/2006,26,26
8/09/2006,26,26
11/09/2006,26,26
12/09/2006,26,26
13/09/2006,26,25.5
14/09/2006,26,25.5
15/09/2006,26,25.2
18/09/2006,26,25.2
19/09/2006,26,25.2
20/09/2006,26,25
21/09/2006,26,25
22/09/2006,26,25
25/09/2006,26,25
26/09/2006,26,25
27/09/2006,26,25.5
28/09/2006,26,25.5
29/09/2006,26,26
2/10/2006,26,26
3/10/2006,26,26
4/10/2006,26,26
5/10/2006,26,26
6/10/2006,26,26
9/10/2006,26,26
10/10/2006,26,26
11/10/2006,26,26
12/10/2006,26,26
13/10/2006,26,26
16/10/2006,26,26
17/10/2006,26,26
18/10/2006,26,26.5
19/10/2006,26,26.5
20/10/2006,26,27
23/10/2006,26,27
24/10/2006,26,27
25/10/2006,26,27
26/10/2006,26,27
27/10/2006,26,27
30/10/2006,26,27
31/10/2006,26,27
1/11/2006,26,27
2/11/2006,26,27
3/11/2006,26,27.5
6/11/2006,26,27.5
7/11/2006,26,27.5
8/11/2006,26,27.5
9/11/2006,26,27.5
10/11/2006,26,27.8
13/11/2006,26,27.8
14/11/2006,26,27.8
15/11/2006,26,27.8
16/11/2006,26,27.8
17/11/2006,26,27.8
20/11/2006,26,27.8
21/11/2006,26,27.8
22/11/2006,26,28
23/11/2006,26,28
24/11/2006,26,28
27/11/2006,26,28
28/11/2006,26,28
29/11/2006,26,28
30/11/2006,26,28
1/12/2006,26,28.5
4/12/2006,26,28.5
5/12/2006,26,28.5
6/12/2006,26,29
7/12/2006,26,29
8/12/2006,26,29
11/12/2006,26,29
12/12/2006,26,29
13/12/2006,26,29
14/12/2006,26,29
15/12/2006,26,29
18/12/2006,26,29
19/12/2006,26,29
20/12/2006,26,29
21/12/2006,26,29
22/12/2006,26,29
25/12/2006,26,29
26/12/2006,26,29
27/12/2006,26,29
28/12/2006,26,29
29/12/2006,26,29
1/01/2007,26,29
2/01/2007,26,29
3/01/2007,26,29
4/01/2007,26,29
5/01/2007,26,29
8/01/2007,26,29
9/01/2007,26,29
10/01/2007,26,29
11/01/2007,26,29
12/01/2007,26,29
15/01/2007,26,29
16/01/2007,26,29
17/01/2007,26,29
18/01/2007,26,29
19/01/2007,26,29
22/01/2007,26,29
23/01/2007,26,29
24/01/2007,26,29
25/01/2007,26,29
26/01/2007,26,29
29/01/2007,26,29
30/01/2007,26,29
31/01/2007,26,29
1/02/2007,26,29
2/02/2007,26,29
5/02/2007,26,29
6/02/2007,26,29
7/02/2007,26,29
8/02/2007,26,29
9/02/2007,26,29
12/02/2007,26,29
13/02/2007,26,29
14/02/2007,26,29
15/02/2007,26,29
16/02/2007,26,29.5
19/02/2007,26,29.5
20/02/2007,26,29.5
21/02/2007,26,29.5
22/02/2007,26,29.5
23/02/2007,26,29.5
26/02/2007,26,29.5
27/02/2007,26,29.5
28/02/2007,26,30
1/03/2007,26,30
2/03/2007,26,30
5/03/2007,26,30
6/03/2007,26,30
7/03/2007,26,30
8/03/2007,26,30
9/03/2007,26,30
12/03/2007,26,30
13/03/2007,26,30
14/03/2007,26,30
15/03/2007,26,30
16/03/2007,26,30
19/03/2007,26,30
20/03/2007,26,30
21/03/2007,26,30
22/03/2007,26,30
23/03/2007,26,30
26/03/2007,26,30
27/03/2007,26,30
28/03/2007,26,30
29/03/2007,26,30
30/03/2007,26,30.2
2/04/2007,26,30.2
3/04/2007,26,30.2
4/04/2007,26,30.5
5/04/2007,26,30.5
6/04/2007,26,30.5
9/04/2007,26,30.5
10/04/2007,26,30.5
11/04/2007,26,30.5
12/04/2007,26,30.5
13/04/2007,26,30.5
16/04/2007,26,30.5
17/04/2007,26,30.5
18/04/2007,26,30.8
19/04/2007,26,30.8
20/04/2007,26,30.8
23/04/2007,26,30.8
24/04/2007,26,30.8
25/04/2007,26,31
26/04/2007,26,31
27/04/2007,26,31
30/04/2007,26,31
1/05/2007,26,31
2/05/2007,26,31
3/05/2007,26,31
4/05/2007,26,31
7/05/2007,26,31
8/05/2007,26,31
9/05/2007,26,31.5
10/05/2007,26,31.5
11/05/2007,26,32.5
14/05/2007,26,32.5
15/05/2007,26,32.5
16/05/2007,26,33.5
17/05/2007,26,33.5
18/05/2007,26,33.5
21/05/2007,26,33.5
22/05/2007,26,33.5
23/05/2007,26,33.5
24/05/2007,26,33.5
25/05/2007,26,39.5
28/05/2007,26,39.5
29/05/2007,26,39.5
30/05/2007,26,40
31/05/2007,26,40
1/06/2007,27.5,42
4/06/2007,27.5,42
5/06/2007,27.5,42
6/06/2007,27.5,43
7/06/2007,27.5,43
8/06/2007,27.5,43.5
11/06/2007,27.5,43.5
12/06/2007,27.5,43.5
13/06/2007,27.5,46.5
14/06/2007,27.5,46.5
15/06/2007,27.5,47.5
18/06/2007,27.5,47.5
19/06/2007,27.5,47.5
20/06/2007,27.5,48.5
21/06/2007,27.5,48.5
22/06/2007,27.5,51.5
25/06/2007,27.5,51.5
26/06/2007,27.5,51.5
27/06/2007,27.5,51.5
28/06/2007,27.5,51.5
29/06/2007,28,51.5
2/07/2007,28,51.5
3/07/2007,28,51.5
4/07/2007,28,51.7
5/07/2007,28,51.7
6/07/2007,28,51.7
9/07/2007,28,51.7
10/07/2007,28,51.7
11/07/2007,28,51.5
12/07/2007,28,51.5
13/07/2007,28,51
16/07/2007,28,51
17/07/2007,28,51
18/07/2007,28,51
19/07/2007,28,51
20/07/2007,28,51
23/07/2007,28,51
24/07/2007,28,51
25/07/2007,28,51
26/07/2007,28,51
27/07/2007,28,51
30/07/2007,28,51
31/07/2007,28,51
1/08/2007,28,51
2/08/2007,28,51
3/08/2007,28,51
6/08/2007,28,51
7/08/2007,28,51
8/08/2007,28,51
9/08/2007,28,51
10/08/2007,28,50
13/08/2007,28,50
14/08/2007,28,50
15/08/2007,28,48.5
16/08/2007,28,48.5
17/08/2007,28,48.5
20/08/2007,28,48.5
21/08/2007,28,48.5
22/08/2007,28,48
23/08/2007,28,48
24/08/2007,28,47.5
27/08/2007,28,47.5
28/08/2007,28,47.5
29/08/2007,28,47.5
30/08/2007,28,47.5
31/08/2007,28,47
3/09/2007,28,47
4/09/2007,28,47
5/09/2007,28,44
6/09/2007,28,44
7/09/2007,28,43.5
10/09/2007,28,43.5
11/09/2007,28,43.5
12/09/2007,28,43.5
13/09/2007,28,43.5
14/09/2007,28,43.5
17/09/2007,28,43.5
18/09/2007,28,43.5
19/09/2007,28,42.5
20/09/2007,28,42.5
21/09/2007,28,40.5
24/09/2007,28,40.5
25/09/2007,28,40.5
26/09/2007,28,40.5
27/09/2007,28,40.5
28/09/2007,28,40.5
1/10/2007,28,40.5
2/10/2007,28,40.5
3/10/2007,28,40.5
4/10/2007,28,40.5
5/10/2007,28,40.5
8/10/2007,28,40.5
9/10/2007,28,40.5
10/10/2007,28,40.5
11/10/2007,28,40.5
12/10/2007,28,40.5
15/10/2007,28,40.5
16/10/2007,28,40.5
17/10/2007,28,40.5
18/10/2007,28,40.5
19/10/2007,28,40.5
22/10/2007,28,40.5
23/10/2007,28,40.5
24/10/2007,28,40.5
25/10/2007,28,40.5
26/10/2007,28,40.5
29/10/2007,28,40.5
30/10/2007,28,40.5
31/10/2007,28.5,41
1/11/2007,28.5,41
2/11/2007,28.5,41
5/11/2007,28.5,41
6/11/2007,28.5,41
7/11/2007,28.5,41
8/11/2007,28.5,41
9/11/2007,28.5,41
12/11/2007,28.5,41
13/11/2007,28.5,41
14/11/2007,28.5,41
15/11/2007,28.5,41
16/11/2007,28.5,41
19/11/2007,28.5,41
20/11/2007,28.5,41
21/11/2007,28.5,41
22/11/2007,28.5,41
23/11/2007,28.5,41
26/11/2007,28.5,41
27/11/2007,28.5,41
28/11/2007,28.5,40.5
29/11/2007,28.5,40.5
30/11/2007,28.5,40.5
3/12/2007,28.5,40.5
4/12/2007,28.5,40.5
5/12/2007,28.5,40.5
6/12/2007,28.5,40.5
7/12/2007,28.5,40.5
10/12/2007,28.5,40.5
11/12/2007,28.5,40.5
12/12/2007,28.5,40.5
13/12/2007,28.5,40.5
14/12/2007,28.5,40.5
17/12/2007,28.5,40.5
18/12/2007,28.5,40.5
19/12/2007,28.5,39.5
20/12/2007,28.5,39.5
21/12/2007,28.5,39
24/12/2007,28.5,39
25/12/2007,28.5,39
26/12/2007,28.5,39
27/12/2007,28.5,39
28/12/2007,28.5,39
31/12/2007,28.5,39
1/01/2008,28.5,39
2/01/2008,28.5,39
3/01/2008,28.5,39
4/01/2008,28.5,39
7/01/2008,28.5,39
8/01/2008,28.5,39
9/01/2008,32.5,41
10/01/2008,32.5,41
11/01/2008,32.5,41
14/01/2008,32.5,41
15/01/2008,32.5,41
16/01/2008,32.5,41
17/01/2008,32.5,41
18/01/2008,32.5,41
21/01/2008,32.5,41
22/01/2008,32.5,41
23/01/2008,32.5,41
24/01/2008,32.5,41
25/01/2008,32.5,41
28/01/2008,32.5,41
29/01/2008,32.5,41
30/01/2008,32.5,41
31/01/2008,32.5,41
1/02/2008,32.5,41
4/02/2008,32.5,41
5/02/2008,32.5,41
6/02/2008,32.5,41
7/02/2008,32.5,41
8/02/2008,32.5,41
11/02/2008,32.5,41
12/02/2008,32.5,41
13/02/2008,32.5,41.5
14/02/2008,32.5,41.5
15/02/2008,32.5,42
18/02/2008,32.5,42
19/02/2008,32.5,42
20/02/2008,32.5,44
21/02/2008,32.5,44
22/02/2008,32.5,44
25/02/2008,32.5,44
26/02/2008,32.5,44
27/02/2008,32.5,44.5
28/02/2008,32.5,44.5
29/02/2008,32.5,45
3/03/2008,32.5,45
4/03/2008,32.5,45
5/03/2008,32.5,45
6/03/2008,32.5,45
7/03/2008,32.5,45
10/03/2008,32.5,45
11/03/2008,32.5,45
12/03/2008,32.5,45.5
13/03/2008,32.5,45.5
14/03/2008,32.5,47
17/03/2008,32.5,47
18/03/2008,32.5,47
19/03/2008,34,46.5
20/03/2008,34,46.5
21/03/2008,35,46
24/03/2008,35,46
25/03/2008,35,46
26/03/2008,35,46
27/03/2008,35,46
28/03/2008,35,46
31/03/2008,35,46
1/04/2008,35,46
2/04/2008,35,46.5
3/04/2008,35,46.5
4/04/2008,35,46.5
7/04/2008,35,46.5
8/04/2008,35,46.5
9/04/2008,35,46
10/04/2008,35,46
11/04/2008,37,45.7
14/04/2008,37,45.7
15/04/2008,37,45.7
16/04/2008,39,45.5
17/04/2008,39,45.5
18/04/2008,39,45
21/04/2008,39,45
22/04/2008,39,45
23/04/2008,39,42.5
24/04/2008,39,42.5
25/04/2008,39,42.5
28/04/2008,39,42.5
29/04/2008,39,42.5
30/04/2008,40,42.5
1/05/2008,40,42.5
2/05/2008,40,42.5
5/05/2008,40,42.5
6/05/2008,40,42.5
7/05/2008,40,42.5
8/05/2008,40,42.5
9/05/2008,40,42.5
12/05/2008,40,42.5
13/05/2008,40,42.5
14/05/2008,40,42.5
15/05/2008,40,42.5
16/05/2008,40,42.5
19/05/2008,40,42.5
20/05/2008,40,42.5
21/05/2008,40,42.3
22/05/2008,40,42.3
23/05/2008,40,42.3
26/05/2008,40,42.3
27/05/2008,40,42.3
28/05/2008,40,42
29/05/2008,40,42
30/05/2008,40,42
2/06/2008,40,42
3/06/2008,40,42
4/06/2008,40,42.5
5/06/2008,40,42.5
6/06/2008,40,42.5
9/06/2008,40,42.5
10/06/2008,40,42.5
11/06/2008,40,42.5
12/06/2008,40,42.5
13/06/2008,40,42.5
16/06/2008,40,42.5
17/06/2008,40,42.5
18/06/2008,39.5,42.5
19/06/2008,39.5,42.5
20/06/2008,39.5,42
23/06/2008,39.5,42
24/06/2008,39.5,42
25/06/2008,39.5,41.5
26/06/2008,39.5,41.5
27/06/2008,39.5,41.5
30/06/2008,39.5,41.5
1/07/2008,39.5,41.5
2/07/2008,39.5,41.5
3/07/2008,39.5,41.5
4/07/2008,39.5,41.5
7/07/2008,39.5,41.5
8/07/2008,39.5,41.5
9/07/2008,39.5,41.5
10/07/2008,39.5,41.5
11/07/2008,39.5,41.5
14/07/2008,39.5,41.5
15/07/2008,39.5,41.5
16/07/2008,39.5,40.5
17/07/2008,39.5,40.5
18/07/2008,39.5,40.5
21/07/2008,39.5,40.5
22/07/2008,39.5,40.5
23/07/2008,39.5,40.5
24/07/2008,39.5,40.5
25/07/2008,39.5,40.5
28/07/2008,39.5,40.5
29/07/2008,39.5,40.5
30/07/2008,39.5,39.5
31/07/2008,39.5,39.5
1/08/2008,39.5,38.5
4/08/2008,39.5,38.5
5/08/2008,39.5,38.5
6/08/2008,39.5,36.5
7/08/2008,39.5,36.5
8/08/2008,39.5,36.5
11/08/2008,39.5,36.5
12/08/2008,39.5,36.5
13/08/2008,39.5,35.5
14/08/2008,39.5,35.5
15/08/2008,39.5,34.5
18/08/2008,39.5,34.5
19/08/2008,39.5,34.5
20/08/2008,39.5,34.5
21/08/2008,39.5,34.5
22/08/2008,39.5,33.5
25/08/2008,39.5,33.5
26/08/2008,39.5,33.5
27/08/2008,39.5,33.5
28/08/2008,39.5,33.5
29/08/2008,40,33
1/09/2008,40,33
2/09/2008,40,33
3/09/2008,41,32.3
4/09/2008,41,32.3
5/09/2008,41,32
8/09/2008,41,32
9/09/2008,41,32
10/09/2008,41,30.5
11/09/2008,41,30.5
12/09/2008,41,30.5
15/09/2008,41,30.5
16/09/2008,41,30.5
17/09/2008,41,29.5
18/09/2008,41,29.5
19/09/2008,41,29.5
22/09/2008,41,29.5
23/09/2008,41,29.5
24/09/2008,41,29.5
25/09/2008,41,29.5
26/09/2008,41,29.5
29/09/2008,41,29.5
30/09/2008,41,29.5
1/10/2008,41,29.5
2/10/2008,41,29.5
3/10/2008,41,29.5
6/10/2008,41,29.5
7/10/2008,41,29.5
8/10/2008,41,29.5
9/10/2008,41,29.5
10/10/2008,41,29.5
13/10/2008,41,29.5
14/10/2008,41,29.5
15/10/2008,41,28.5
16/10/2008,41,28.5
17/10/2008,41,28.5
20/10/2008,41,28.5
21/10/2008,41,28.5
22/10/2008,41,28.5
23/10/2008,41,28.5
24/10/2008,41,28.5
27/10/2008,41,28.5
28/10/2008,41,28.5
29/10/2008,41,28.5
30/10/2008,41,28.5
31/10/2008,41,28.5
3/11/2008,41,28.5
4/11/2008,41,28.5
5/11/2008,41,27.5
6/11/2008,41,27.5
7/11/2008,41,26.5
10/11/2008,41,26.5
11/11/2008,41,26.5
12/11/2008,41,25.5
13/11/2008,41,25.5
14/11/2008,41,25.5
17/11/2008,41,25.5
18/11/2008,41,25.5
19/11/2008,41,24.5
20/11/2008,41,24.5
21/11/2008,41,23.5
24/11/2008,41,23.5
25/11/2008,41,23.5
26/11/2008,41,22
27/11/2008,41,22
28/11/2008,41,20.5
1/12/2008,41,20.5
2/12/2008,41,20.5
3/12/2008,41,19
4/12/2008,41,19
5/12/2008,41,19
8/12/2008,41,19
9/12/2008,41,19
10/12/2008,41,18.5
11/12/2008,41,18.5
12/12/2008,41,18
15/12/2008,41,18
16/12/2008,41,18
17/12/2008,41,18
18/12/2008,41,18
19/12/2008,41,18
22/12/2008,41,18
23/12/2008,41,18
24/12/2008,41,18
25/12/2008,41,18
26/12/2008,41,18
29/12/2008,41,18
30/12/2008,41,18
31/12/2008,41,18
1/01/2009,41,18
2/01/2009,41,18
5/01/2009,41,18
6/01/2009,41,18
7/01/2009,41,18
8/01/2009,41,18
9/01/2009,41,18
12/01/2009,41,18
13/01/2009,41,18
14/01/2009,41,18
15/01/2009,41,18
16/01/2009,41,18
19/01/2009,41,18
20/01/2009,41,18
21/01/2009,41,18
22/01/2009,41,18
23/01/2009,41,18
26/01/2009,41,18
27/01/2009,41,18
28/01/2009,41,18
29/01/2009,41,18
30/01/2009,41,18
2/02/2009,41,18
3/02/2009,41,18
4/02/2009,41,18
5/02/2009,41,18
6/02/2009,41,17.5
9/02/2009,41,17.5
10/02/2009,41,17.5
11/02/2009,41,17.3
12/02/2009,41,17.3
13/02/2009,41,17
16/02/2009,41,17
17/02/2009,41,17
18/02/2009,41,17
19/02/2009,41,17
20/02/2009,41,17
23/02/2009,41,17
24/02/2009,41,17
25/02/2009,41,17
26/02/2009,41,17
27/02/2009,41,17
2/03/2009,41,17
3/03/2009,41,17
4/03/2009,41,17
5/03/2009,41,17
6/03/2009,41,17
9/03/2009,41,17
10/03/2009,41,17
11/03/2009,41,17
12/03/2009,41,17
13/03/2009,41,17
16/03/2009,41,17
17/03/2009,41,17
18/03/2009,41,17.5
19/03/2009,41,17.5
20/03/2009,41,18
23/03/2009,41,18
24/03/2009,41,18
25/03/2009,41,18
26/03/2009,41,18
27/03/2009,41,18
30/03/2009,41,18
31/03/2009,41,18
1/04/2009,41,18
2/04/2009,41,18
3/04/2009,41,18
6/04/2009,41,18
7/04/2009,41,18
8/04/2009,41,18
9/04/2009,41,18
10/04/2009,41,18
13/04/2009,41,18
14/04/2009,41,18
15/04/2009,41,18
16/04/2009,41,18
17/04/2009,41,18
20/04/2009,41,18
21/04/2009,41,18
22/04/2009,41,18
23/04/2009,41,18
24/04/2009,41,18
27/04/2009,41,18
28/04/2009,41,18
29/04/2009,41,18
30/04/2009,41,18
1/05/2009,41,18
4/05/2009,41,18
5/05/2009,41,18
6/05/2009,37,18
7/05/2009,37,18
8/05/2009,37,18
11/05/2009,37,18
12/05/2009,37,18
13/05/2009,37,18
14/05/2009,37,18
15/05/2009,37,18
18/05/2009,37,18
19/05/2009,37,18
20/05/2009,35,18
21/05/2009,35,18
22/05/2009,35,18
25/05/2009,35,18
26/05/2009,35,18
27/05/2009,35,18
28/05/2009,35,18
29/05/2009,35,18
1/06/2009,35,18
2/06/2009,35,18
3/06/2009,35,18
4/06/2009,35,18
5/06/2009,35,18
8/06/2009,35,18
9/06/2009,35,18
10/06/2009,35,18
11/06/2009,35,18
12/06/2009,35,18
15/06/2009,35,18
16/06/2009,35,18
17/06/2009,35,18
18/06/2009,35,18
19/06/2009,35,18
22/06/2009,35,18
23/06/2009,35,18
24/06/2009,35,18
25/06/2009,35,18
26/06/2009,35,18
29/06/2009,35,18
30/06/2009,35,18
1/07/2009,35,18
2/07/2009,35,18
3/07/2009,35,18
6/07/2009,35,18
7/07/2009,35,18
8/07/2009,35,18
9/07/2009,35,18
10/07/2009,35,18
13/07/2009,35,18
14/07/2009,35,18
15/07/2009,35,18
16/07/2009,35,18
17/07/2009,35,18
20/07/2009,35,18.5
21/07/2009,35,18.5
22/07/2009,35,19.5
23/07/2009,35,19.5
24/07/2009,35,19.5
27/07/2009,35,19.5
28/07/2009,35,19.5
29/07/2009,35,19.5
30/07/2009,35,19.5
31/07/2009,35,19.5
3/08/2009,35,19.5
4/08/2009,35,19.5
5/08/2009,35,19.5
6/08/2009,35,19.5
7/08/2009,35,19.5
10/08/2009,35,19.5
11/08/2009,35,19.5
12/08/2009,35,19.8
13/08/2009,35,19.8
14/08/2009,35,19.9
17/08/2009,35,19.9
18/08/2009,35,19.9
19/08/2009,35,19.9
20/08/2009,35,19.9
21/08/2009,35,19.9
24/08/2009,35,19.9
25/08/2009,35,19.9
26/08/2009,35,19.9
27/08/2009,35,19.9
28/08/2009,35,19.9
31/08/2009,35,19.9
1/09/2009,35,19.9
2/09/2009,35,19.7
3/09/2009,35,19.7
4/09/2009,35,19.7
7/09/2009,35,19.7
8/09/2009,35,19.7
9/09/2009,35,19.7
10/09/2009,35,19.7
11/09/2009,35,19.7
14/09/2009,35,19.7
15/09/2009,35,19.7
16/09/2009,35,19.7
17/09/2009,35,19.7
18/09/2009,35,19.7
21/09/2009,35,19.7
22/09/2009,35,19.7
23/09/2009,35,19.7
24/09/2009,35,19.7
25/09/2009,35,20.2
28/09/2009,35,20.5
29/09/2009,35,20.5
30/09/2009,35,20.5
1/10/2009,35,20.5
2/10/2009,35,20.5
5/10/2009,35,20.5
6/10/2009,35,20.5
7/10/2009,35,20.5
8/10/2009,35,20.5
9/10/2009,35,21
12/10/2009,35,21
13/10/2009,35,21
14/10/2009,35,21.5
15/10/2009,35,21.5
16/10/2009,35,21.5
19/10/2009,35,21.5
20/10/2009,35,21.5
21/10/2009,35,22.1
22/10/2009,35,22.1
23/10/2009,35,22.1
26/10/2009,35,22.1
27/10/2009,35,22.1
28/10/2009,35,23
29/10/2009,35,23
30/10/2009,35,25
2/11/2009,35,25.5
3/11/2009,35,25.5
4/11/2009,35,25.7
5/11/2009,35,25.7
6/11/2009,35,26
9/11/2009,35,26
10/11/2009,35,26
11/11/2009,35,26
12/11/2009,35,26
13/11/2009,35,25.9
16/11/2009,35,25.8
17/11/2009,35,25.8
18/11/2009,35,25.8
19/11/2009,35,25.8
20/11/2009,35,25.8
23/11/2009,35,25.8
24/11/2009,35,25.8
25/11/2009,35,25.8
26/11/2009,35,25.8
27/11/2009,35,25.8
30/11/2009,35,25.8
1/12/2009,35,25.8
2/12/2009,35,27
3/12/2009,35,27
4/12/2009,35,27.5
7/12/2009,35,27.5
8/12/2009,35,27.5
9/12/2009,35,27.5
10/12/2009,35,27.5
11/12/2009,35,27.5
14/12/2009,35,27.5
15/12/2009,35,27.5
16/12/2009,35,27.5
17/12/2009,35,27.5
18/12/2009,35,29
21/12/2009,35,29
22/12/2009,35,29
23/12/2009,35,29
24/12/2009,35,29
25/12/2009,35,29
28/12/2009,35,29
29/12/2009,35,29
30/12/2009,35,29
31/12/2009,35,29
1/01/2010,35,29
4/01/2010,35,29
5/01/2010,35,29
6/01/2010,35,30
7/01/2010,35,30
8/01/2010,35,31
11/01/2010,35,31.5
12/01/2010,35,31.5
13/01/2010,35,32
14/01/2010,35,32
15/01/2010,35,32.5
18/01/2010,35,32.7
19/01/2010,35,32.7
20/01/2010,35,33.5
21/01/2010,35,33.5
22/01/2010,35,33.7
25/01/2010,35,34.7
26/01/2010,35,34.7
27/01/2010,35,36.7
28/01/2010,35,36.7
29/01/2010,35,36.7
1/02/2010,35,36.7
2/02/2010,35,36.7
3/02/2010,35,38
4/02/2010,35,38
5/02/2010,35,38.3
8/02/2010,35,38.3
9/02/2010,35,38.3
10/02/2010,35,38.3
11/02/2010,35,38.3
12/02/2010,35,38.3
15/02/2010,35,38.3
16/02/2010,35,38.3
17/02/2010,35,38.3
18/02/2010,35,38.3
19/02/2010,35,38.3
22/02/2010,35,38.3
23/02/2010,35,38.3
24/02/2010,35,38.3
25/02/2010,35,38.3
26/02/2010,35,38.3
1/03/2010,35,38.3
2/03/2010,35,38.3
3/03/2010,35,38.5
4/03/2010,35,38.5
5/03/2010,35,38.5
8/03/2010,35,38.5
9/03/2010,35,38.5
10/03/2010,35,38.5
11/03/2010,35,38.5
12/03/2010,35,38.5
15/03/2010,35,39
16/03/2010,35,39
17/03/2010,35,39
18/03/2010,35,39
19/03/2010,35,39
22/03/2010,35,39.5
23/03/2010,35,39.5
24/03/2010,35,39.5
25/03/2010,35,39.5
26/03/2010,35,40.5
29/03/2010,35,41.5
30/03/2010,35,41.5
31/03/2010,35,42
1/04/2010,35,42
2/04/2010,35,42.5
5/04/2010,35,42.5
6/04/2010,35,42.5
7/04/2010,35,43
8/04/2010,35,43
9/04/2010,35,43.1
12/04/2010,35,43.1
13/04/2010,35,43.1
14/04/2010,35,43.1
15/04/2010,35,43.1
16/04/2010,35,43.1
19/04/2010,35,43.1
20/04/2010,35,43.1
21/04/2010,35,43.1
22/04/2010,35,43.1
23/04/2010,35,43.1
26/04/2010,35,43.1
27/04/2010,35,43.1
28/04/2010,35,43.1
29/04/2010,35,43.1
30/04/2010,35,43.1
3/05/2010,35,43.1
4/05/2010,35,43.1
5/05/2010,35,43.1
6/05/2010,35,43.1
7/05/2010,35,43.1
10/05/2010,35,43.1
11/05/2010,35,43.1
12/05/2010,35,43.1
13/05/2010,35,43.1
14/05/2010,35,43.1
17/05/2010,35,43.1
18/05/2010,35,43.1
19/05/2010,35,42.1
20/05/2010,35,42.1
21/05/2010,35,42.1
24/05/2010,35,42.1
25/05/2010,35,42.1
26/05/2010,35,41.5
27/05/2010,35,41.5
28/05/2010,35,41.5
31/05/2010,35,41.5
1/06/2010,35,41.5
2/06/2010,35,43.5
3/06/2010,35,43.5
4/06/2010,35,44
7/06/2010,35,44
8/06/2010,35,44
9/06/2010,35,44
10/06/2010,35,44
11/06/2010,35,44.5
14/06/2010,35,44.5
15/06/2010,35,44.5
16/06/2010,35,44.5
17/06/2010,35,44.5
18/06/2010,35,44.5
21/06/2010,35,44.5
22/06/2010,35,44.5
23/06/2010,35,44.5
24/06/2010,35,44.5
25/06/2010,35,45
28/06/2010,35,47
29/06/2010,35,47
30/06/2010,35,47
1/07/2010,35,47
2/07/2010,35,47.5
5/07/2010,35,47.5
6/07/2010,35,47.5
7/07/2010,35,48.5
8/07/2010,35,48.5
9/07/2010,35,49
12/07/2010,35,49
13/07/2010,35,49
14/07/2010,35,49.5
15/07/2010,35,49.5
16/07/2010,35,51.5
19/07/2010,35,52
20/07/2010,35,52
21/07/2010,35,52
22/07/2010,35,52
23/07/2010,35,52
26/07/2010,35,53
27/07/2010,35,53
28/07/2010,35,58
29/07/2010,35,58
30/07/2010,35,60
2/08/2010,35,61
3/08/2010,35,61
4/08/2010,35,61
5/08/2010,35,61
6/08/2010,40,61
9/08/2010,40,61
10/08/2010,40,61
11/08/2010,40,61
12/08/2010,40,61
13/08/2010,40,61
16/08/2010,45,61
17/08/2010,45,61
18/08/2010,55,73
19/08/2010,55,73
20/08/2010,60,73.5
23/08/2010,60,73.5
24/08/2010,60,73.5
25/08/2010,60,73.5
26/08/2010,60,73.5
27/08/2010,60,73.5
30/08/2010,60,73.5
31/08/2010,60,73.5
1/09/2010,60,75.5
2/09/2010,60,75.5
3/09/2010,60,76.5
6/09/2010,60,77.5
7/09/2010,60,77.5
8/09/2010,60,77.5
9/09/2010,60,77.5
10/09/2010,60,77.5
13/09/2010,60,77.5
14/09/2010,60,77.5
15/09/2010,60,77.5
16/09/2010,60,77.5
17/09/2010,60,77.5
20/09/2010,60,77.5
21/09/2010,60,77.5
22/09/2010,60,77.5
23/09/2010,60,77.5
24/09/2010,60,77.5
27/09/2010,60,77.5
28/09/2010,60,77.5
29/09/2010,60,77.5
30/09/2010,60,77.5
1/10/2010,60,77.5
4/10/2010,60,77.5
5/10/2010,60,77.5
6/10/2010,60,77.5
7/10/2010,60,77.5
8/10/2010,60,77.5
11/10/2010,60,79.5
12/10/2010,60,79.5
13/10/2010,60,79.5
14/10/2010,60,79.5
15/10/2010,60,79.5
18/10/2010,60,79.5
19/10/2010,60,79.5
20/10/2010,60,79.5
21/10/2010,60,79.5
22/10/2010,60,89.5
25/10/2010,60,89.5
26/10/2010,60,89.5
27/10/2010,60,89.5
28/10/2010,60,89.5
29/10/2010,60,89.5
1/11/2010,60,89.5
2/11/2010,60,89.5
3/11/2010,60,89.5
4/11/2010,60,89.5
5/11/2010,60,89.5
8/11/2010,60,89.5
9/11/2010,60,89.5
10/11/2010,62,89.5
11/11/2010,62,89.5
12/11/2010,62,89.5
15/11/2010,62,89.5
16/11/2010,62,89.5
17/11/2010,62,98.5
18/11/2010,62,98.5
19/11/2010,62,99.5
22/11/2010,62,99.5
23/11/2010,62,99.5
24/11/2010,62,99.5
25/11/2010,62,99.5
26/11/2010,72,109.5
29/11/2010,72,109.5
30/11/2010,72,109.5
1/12/2010,79,109.5
2/12/2010,79,109.5
3/12/2010,79,109.5
6/12/2010,79,109.5
7/12/2010,79,109.5
8/12/2010,79,109.5
9/12/2010,79,109.5
10/12/2010,79,109.5
13/12/2010,79,109.5
14/12/2010,79,109.5
15/12/2010,79,109.5
16/12/2010,79,109.5
17/12/2010,79,110.5
20/12/2010,79,110.5
21/12/2010,79,110.5
22/12/2010,79,112.5
23/12/2010,79,112.5
24/12/2010,79,112.5
27/12/2010,79,112.5
28/12/2010,79,112.5
29/12/2010,79,112.5
30/12/2010,79,112.5
31/12/2010,79,114.5
3/01/2011,79,114.5
4/01/2011,79,114.5
5/01/2011,79,114.5
6/01/2011,79,114.5
7/01/2011,79,114.5
10/01/2011,79,114.5
11/01/2011,79,124.5
12/01/2011,79,126.5
13/01/2011,79,128.5
14/01/2011,79,128.5
17/01/2011,81,138.5
18/01/2011,81,140.5
19/01/2011,81,141.5
20/01/2011,81,141.5
21/01/2011,81,141.5
24/01/2011,81,141.5
25/01/2011,81,141.5
26/01/2011,81,141.5
27/01/2011,81,141.5
28/01/2011,81,141.5
31/01/2011,81,141.5
1/02/2011,81,141.5
2/02/2011,81,141.5
3/02/2011,81,141.5
4/02/2011,81,141.5
7/02/2011,81,141.5
8/02/2011,81,141.5
9/02/2011,81,141.5
10/02/2011,81,141.5
11/02/2011,81,141.5
14/02/2011,81,141.5
15/02/2011,81,141.5
16/02/2011,81,141.5
17/02/2011,91,181.5
18/02/2011,91,189.5
21/02/2011,91,189.5
22/02/2011,101,199.5
23/02/2011,101,201.5
24/02/2011,104,204.5
25/02/2011,109,209.5
28/02/2011,109,209.5
1/03/2011,109,210.5
2/03/2011,109,214.5
3/03/2011,109,214.5
4/03/2011,109,214.5
7/03/2011,109,219.5
8/03/2011,109,224.5
9/03/2011,114,226.5
10/03/2011,114,226.5
11/03/2011,114,226.5
14/03/2011,114,226.5
15/03/2011,114,226.5
16/03/2011,114,226.5
17/03/2011,114,226.5
18/03/2011,114,226.5
21/03/2011,114,226.5
22/03/2011,114,226.5
23/03/2011,114,226.5
24/03/2011,114,236.5
25/03/2011,116,243.5
28/03/2011,116,243.5
29/03/2011,126,243.5
30/03/2011,176,253.5
31/03/2011,176,263.5
1/04/2011,176,263.5
4/04/2011,176,263.5
5/04/2011,176,263.5
6/04/2011,176,263.5
7/04/2011,176,263.5
8/04/2011,176,263.5
11/04/2011,176,263.5
12/04/2011,196,283.5
13/04/2011,196,283.5
14/04/2011,196,283.5
15/04/2011,196,283.5
18/04/2011,196,283.5
19/04/2011,196,283.5
20/04/2011,196,283.5
21/04/2011,196,283.5
22/04/2011,196,283.5
25/04/2011,196,283.5
26/04/2011,196,283.5
27/04/2011,196,283.5
28/04/2011,196,283.5
29/04/2011,196,283.5
2/05/2011,196,283.5
3/05/2011,196,283.5
4/05/2011,196,283.5
5/05/2011,196,283.5
6/05/2011,196,283.5
9/05/2011,196,283.5
10/05/2011,196,283.5
11/05/2011,196,283.5
12/05/2011,196,283.5
13/05/2011,196,283.5
16/05/2011,196,283.5
17/05/2011,196,283.5
18/05/2011,196,283.5
19/05/2011,196,283.5
20/05/2011,196,283.5
23/05/2011,196,333.5
24/05/2011,196,333.5
25/05/2011,196,333.5
26/05/2011,196,333.5
27/05/2011,196,333.5
30/05/2011,196,333.5
31/05/2011,196,333.5
1/06/2011,196,333.5
2/06/2011,196,339.5
3/06/2011,196,339.5
6/06/2011,196,339.5
7/06/2011,196,399.5
8/06/2011,196,399.5
9/06/2011,196,399.5
10/06/2011,196,399.5
13/06/2011,196,399.5
14/06/2011,196,399.5
15/06/2011,196,399.5
16/06/2011,196,399.5
17/06/2011,196,399.5
20/06/2011,196,399.5
21/06/2011,196,419.5
22/06/2011,196,419.5
23/06/2011,196,419.5
24/06/2011,196,419.5
27/06/2011,196,419.5
28/06/2011,196,419.5
29/06/2011,196,419.5
30/06/2011,196,419.5
1/07/2011,196,419.5
4/07/2011,196,419.5
5/07/2011,196,419.5
6/07/2011,196,419.5
7/07/2011,196,419.5
8/07/2011,196,419.5
11/07/2011,216,419.5
12/07/2011,216,419.5
13/07/2011,216,449.5
14/07/2011,216,449.5
15/07/2011,216,469.5
18/07/2011,216,469.5
19/07/2011,216,499.5
20/07/2011,216,499.5
21/07/2011,216,499.5
22/07/2011,216,499.5
25/07/2011,216,499.5
26/07/2011,216,499.5
27/07/2011,216,499.5
28/07/2011,216,499.5
29/07/2011,216,499.5
1/08/2011,216,499.5
2/08/2011,216,499.5
3/08/2011,216,499.5
4/08/2011,216,499.5
5/08/2011,216,499.5
8/08/2011,216,499.5
9/08/2011,216,499.5
10/08/2011,216,499.5
11/08/2011,216,499.5
12/08/2011,211,489.5
15/08/2011,211,489.5
16/08/2011,211,489.5
17/08/2011,211,489.5
18/08/2011,211,489.5
19/08/2011,211,489.5
22/08/2011,206,459.5
23/08/2011,206,459.5
24/08/2011,206,459.5
25/08/2011,206,459.5
26/08/2011,206,459.5
29/08/2011,206,449.5
30/08/2011,206,439.5
31/08/2011,206,439.5
1/09/2011,206,439.5
2/09/2011,206,439.5
5/09/2011,201,439.5
6/09/2011,201,439.5
7/09/2011,201,429.5
8/09/2011,201,409.5
9/09/2011,201,409.5
12/09/2011,201,409.5
13/09/2011,201,369.5
14/09/2011,201,369.5
15/09/2011,191,349.5
16/09/2011,191,349.5
19/09/2011,191,349.5
20/09/2011,191,349.5
21/09/2011,191,349.5
22/09/2011,191,349.5
23/09/2011,191,349.5
26/09/2011,181,349.5
27/09/2011,181,349.5
28/09/2011,181,349.5
29/09/2011,181,349.5
30/09/2011,181,349.5
3/10/2011,181,349.5
4/10/2011,181,349.5
5/10/2011,181,349.5
6/10/2011,181,349.5
7/10/2011,181,349.5
10/10/2011,181,349.5
11/10/2011,181,349.5
12/10/2011,181,349.5
13/10/2011,181,349.5
14/10/2011,181,349.5
17/10/2011,171,349.5
18/10/2011,171,345
19/10/2011,171,345
20/10/2011,171,345
21/10/2011,171,340
24/10/2011,171,340
25/10/2011,171,335
26/10/2011,171,335
27/10/2011,171,335
28/10/2011,171,335
31/10/2011,171,335
1/11/2011,171,330
2/11/2011,171,330
3/11/2011,171,330
4/11/2011,171,330
7/11/2011,171,325
8/11/2011,171,325
9/11/2011,171,325
10/11/2011,171,325
11/11/2011,171,325
14/11/2011,171,325
15/11/2011,171,325
16/11/2011,171,325
17/11/2011,171,325
18/11/2011,169.5,322.5
21/11/2011,169.5,322.5
22/11/2011,169.5,322.5
23/11/2011,169.5,322.5
24/11/2011,169.5,317.5
25/11/2011,169.5,317.5
28/11/2011,169.5,317.5
29/11/2011,169.5,315
30/11/2011,169.5,315
1/12/2011,169.5,315
2/12/2011,169.5,315
5/12/2011,169.5,315
6/12/2011,169.5,315
7/12/2011,169.5,315
8/12/2011,169.5,315
9/12/2011,169.5,305
12/12/2011,169.5,305
13/12/2011,169.5,300
14/12/2011,169.5,300
15/12/2011,169.5,300
16/12/2011,169.5,300
19/12/2011,169.5,300
20/12/2011,169.5,300
21/12/2011,169.5,300
22/12/2011,169.5,300
23/12/2011,169.5,300
26/12/2011,169.5,295
27/12/2011,169.5,295
28/12/2011,169.5,295
29/12/2011,169.5,295
30/12/2011,169.5,295
2/01/2012,169.5,295
3/01/2012,169.5,295
4/01/2012,169.5,295
5/01/2012,169.5,295
6/01/2012,169.5,295
9/01/2012,169.5,285
10/01/2012,169.5,285
11/01/2012,169.5,285
12/01/2012,169.5,285
13/01/2012,169.5,285
16/01/2012,169.5,285
17/01/2012,169.5,285
18/01/2012,169.5,285
19/01/2012,169.5,285
20/01/2012,169.5,285
23/01/2012,169.5,285
24/01/2012,169.5,285
25/01/2012,169.5,285
26/01/2012,169.5,285
27/01/2012,169.5,285
30/01/2012,169.5,275
31/01/2012,169.5,275
1/02/2012,169.5,275
2/02/2012,169.5,275
3/02/2012,169.5,265
6/02/2012,169.5,265
7/02/2012,169.5,265
8/02/2012,169.5,255
9/02/2012,169.5,255
10/02/2012,169.5,245
13/02/2012,169.5,240
14/02/2012,169.5,240
15/02/2012,169.5,235
16/02/2012,169.5,235
17/02/2012,169.5,235
20/02/2012,169.5,235
21/02/2012,176.5,225
22/02/2012,182.5,225
23/02/2012,202.5,220
24/02/2012,202.5,220
27/02/2012,212.5,215
28/02/2012,212.5,205
29/02/2012,212.5,205
1/03/2012,217.5,195
2/03/2012,222.5,195
5/03/2012,227.5,195
6/03/2012,227.5,195
7/03/2012,227.5,195
8/03/2012,227.5,195
9/03/2012,232.5,195
12/03/2012,232.5,195
13/03/2012,232.5,195
14/03/2012,232.5,195
15/03/2012,232.5,195
16/03/2012,232.5,190
19/03/2012,232.5,190
20/03/2012,232.5,190
21/03/2012,232.5,190
22/03/2012,232.5,190
23/03/2012,232.5,190
26/03/2012,232.5,190
27/03/2012,232.5,190
28/03/2012,232.5,190
29/03/2012,232.5,190
30/03/2012,232.5,190
2/04/2012,232.5,190
3/04/2012,232.5,190
4/04/2012,232.5,190
5/04/2012,232.5,190
6/04/2012,232.5,190
9/04/2012,232.5,190
10/04/2012,232.5,190
11/04/2012,232.5,190
12/04/2012,232.5,190
13/04/2012,232.5,185
16/04/2012,227.5,185
17/04/2012,227.5,180
18/04/2012,227.5,180
19/04/2012,227.5,180
20/04/2012,227.5,180
23/04/2012,227.5,180
24/04/2012,222.5,180
25/04/2012,222.5,180
26/04/2012,222.5,180
27/04/2012,217.5,180
30/04/2012,217.5,180
1/05/2012,217.5,180
2/05/2012,207.5,175
3/05/2012,207.5,175
4/05/2012,207.5,175
7/05/2012,202.5,170
8/05/2012,202.5,170
9/05/2012,202.5,170
10/05/2012,202.5,170
11/05/2012,197.5,165
14/05/2012,197.5,165
15/05/2012,197.5,165
16/05/2012,187.5,160
17/05/2012,187.5,160
18/05/2012,187.5,160
21/05/2012,182.5,155
22/05/2012,177.5,155
23/05/2012,177.5,155
24/05/2012,177.5,155
25/05/2012,177.5,155
28/05/2012,177.5,155
29/05/2012,177.5,155
30/05/2012,177.5,155
31/05/2012,177.5,155
1/06/2012,177.5,155
4/06/2012,177.5,152
5/06/2012,172.5,152
6/06/2012,172.5,152
7/06/2012,172.5,152
8/06/2012,172.5,152
11/06/2012,172.5,152
12/06/2012,172.5,152
13/06/2012,172.5,152
14/06/2012,172.5,152
15/06/2012,172.5,152
18/06/2012,167.5,152
19/06/2012,167.5,150
20/06/2012,167.5,150
21/06/2012,167.5,150
22/06/2012,167.5,150
25/06/2012,165.5,150
26/06/2012,165.5,150
27/06/2012,162.5,150
28/06/2012,162.5,150
29/06/2012,157.5,150
2/07/2012,157.5,150
3/07/2012,157.5,150
4/07/2012,152.5,145
5/07/2012,152.5,145
6/07/2012,152.5,145
9/07/2012,152.5,145
10/07/2012,152.5,145
11/07/2012,152.5,145
12/07/2012,152.5,145
13/07/2012,152.5,145
16/07/2012,152.5,145
17/07/2012,152.5,145
18/07/2012,152.5,145
19/07/2012,152.5,145
20/07/2012,152.5,145
23/07/2012,152.5,145
24/07/2012,152.5,145
25/07/2012,152.5,145
26/07/2012,152.5,145
27/07/2012,152.5,140
30/07/2012,152.5,140
31/07/2012,152.5,140
1/08/2012,152.5,140
2/08/2012,152.5,140
3/08/2012,152.5,140
6/08/2012,152.5,140
7/08/2012,152.5,140
8/08/2012,152.5,140
9/08/2012,152.5,140
10/08/2012,152.5,140
13/08/2012,152.5,140
14/08/2012,152.5,140
15/08/2012,152.5,140
16/08/2012,152.5,140
17/08/2012,152.5,140
20/08/2012,147.5,140
21/08/2012,142.5,140
22/08/2012,137.5,140
23/08/2012,137.5,140
24/08/2012,137.5,140
27/08/2012,137.5,140
28/08/2012,137.5,140
29/08/2012,132.5,140
30/08/2012,132.5,140
31/08/2012,132.5,140
3/09/2012,132.5,140
4/09/2012,127.5,140
5/09/2012,122.5,140
6/09/2012,122.5,140
7/09/2012,122.5,140
10/09/2012,122.5,140
11/09/2012,122.5,140
12/09/2012,117.5,140
13/09/2012,117.5,140
14/09/2012,117.5,140
17/09/2012,117.5,140
18/09/2012,107.5,135
19/09/2012,107.5,130
20/09/2012,107.5,130
21/09/2012,107.5,130
24/09/2012,107.5,130
25/09/2012,102.5,125
26/09/2012,102.5,125
27/09/2012,102.5,125
28/09/2012,102.5,125
1/10/2012,102.5,125
2/10/2012,102.5,125
3/10/2012,102.5,125
4/10/2012,102.5,125
5/10/2012,102.5,125
8/10/2012,102.5,125
9/10/2012,97.5,123
10/10/2012,97.5,123
11/10/2012,97.5,118
12/10/2012,97.5,118
15/10/2012,97.5,120
16/10/2012,97.5,120
17/10/2012,92.5,118
18/10/2012,92.5,118
19/10/2012,92.5,118
22/10/2012,92.5,118
23/10/2012,87.5,115
24/10/2012,87.5,115
25/10/2012,87.5,115
26/10/2012,87.5,115
29/10/2012,87.5,115
30/10/2012,87.5,113
31/10/2012,87.5,110
1/11/2012,82.5,107
2/11/2012,82.5,107
5/11/2012,82.5,107
6/11/2012,82.5,107
7/11/2012,82.5,107
8/11/2012,82.5,107
9/11/2012,82.5,107
12/11/2012,82.5,107
13/11/2012,82.5,107
14/11/2012,82.5,107
15/11/2012,82.5,107
16/11/2012,82.5,107
19/11/2012,82.5,107
20/11/2012,82.5,107
21/11/2012,82.5,107
22/11/2012,82.5,107
23/11/2012,82.5,107
26/11/2012,82.5,107
27/11/2012,82.5,107
28/11/2012,82.5,107
29/11/2012,82.5,107
30/11/2012,82.5,107
3/12/2012,82.5,107
4/12/2012,82.5,107
5/12/2012,82.5,107
6/12/2012,82.5,107
7/12/2012,77.5,103
10/12/2012,77.5,103
11/12/2012,72.5,100
12/12/2012,72.5,100
13/12/2012,67.5,100
14/12/2012,67.5,98
17/12/2012,67.5,96
18/12/2012,62.5,96
19/12/2012,62.5,93
20/12/2012,62.5,93
21/12/2012,62.5,93
24/12/2012,62.5,93
25/12/2012,62.5,93
26/12/2012,62.5,93
27/12/2012,62.5,93
28/12/2012,62.5,93
31/12/2012,62.5,93
1/01/2013,62.5,93
2/01/2013,62.5,93
3/01/2013,62.5,93
4/01/2013,62.5,93
7/01/2013,62.5,93
8/01/2013,62.5,93
9/01/2013,62.5,93
10/01/2013,62.5,93
11/01/2013,62.5,93
14/01/2013,62.5,93
15/01/2013,62.5,93
16/01/2013,62.5,93
17/01/2013,62.5,93
18/01/2013,62.5,93
21/01/2013,62.5,93
22/01/2013,62.5,93
23/01/2013,62.5,93
24/01/2013,62.5,93
25/01/2013,62.5,93
28/01/2013,62.5,93
29/01/2013,62.5,93
30/01/2013,62.5,93
31/01/2013,62.5,93
1/02/2013,62.5,93
4/02/2013,62.5,93
5/02/2013,62.5,93
6/02/2013,62.5,93
7/02/2013,62.5,93
8/02/2013,62.5,93
11/02/2013,62.5,93
12/02/2013,62.5,93
13/02/2013,62.5,93
14/02/2013,62.5,93
15/02/2013,62.5,93
18/02/2013,62.5,93
19/02/2013,62.5,93
20/02/2013,62.5,93
21/02/2013,62.5,93
22/02/2013,62.5,93
25/02/2013,62.5,93
26/02/2013,62.5,93
27/02/2013,62.5,93
28/02/2013,62.5,93
1/03/2013,62.5,93
4/03/2013,62.5,93
5/03/2013,62.5,93
6/03/2013,62.5,93
7/03/2013,62.5,93
8/03/2013,62.5,93
11/03/2013,62.5,93
12/03/2013,62.5,93
13/03/2013,62.5,93
14/03/2013,62.5,93
15/03/2013,62.5,93
18/03/2013,62.5,93
19/03/2013,62.5,93
20/03/2013,62.5,93
21/03/2013,62.5,93
22/03/2013,62.5,93
25/03/2013,62.5,93
26/03/2013,62.5,91
27/03/2013,62.5,91
28/03/2013,62.5,91
29/03/2013,62.5,91
1/04/2013,62.5,91
2/04/2013,62.5,91
3/04/2013,62.5,91
4/04/2013,62.5,91
5/04/2013,62.5,91
8/04/2013,62.5,91
9/04/2013,57.5,91
10/04/2013,57.5,91
11/04/2013,57.5,91
12/04/2013,57.5,91
15/04/2013,57.5,91
16/04/2013,57.5,90
17/04/2013,57.5,90
18/04/2013,57.5,90
19/04/2013,57.5,90
22/04/2013,57.5,88
23/04/2013,57.5,88
24/04/2013,52.5,87
25/04/2013,52.5,87
26/04/2013,52.5,87
29/04/2013,52.5,87
30/04/2013,52.5,87
1/05/2013,52.5,87
2/05/2013,52.5,87
3/05/2013,50.5,86
6/05/2013,50.5,86
7/05/2013,49.5,83
8/05/2013,49.5,83
9/05/2013,49.5,83
10/05/2013,48.5,83
13/05/2013,48.5,83
14/05/2013,47.5,81
15/05/2013,47.5,79
16/05/2013,47.5,77
17/05/2013,47.5,77
20/05/2013,47.5,77
21/05/2013,47.5,77
22/05/2013,47.5,77
23/05/2013,47.5,77
24/05/2013,47.5,77
27/05/2013,47.5,77
28/05/2013,47.5,77
29/05/2013,47.5,77
30/05/2013,47.5,77
31/05/2013,47.5,77
3/06/2013,47.5,77
4/06/2013,47.5,77
5/06/2013,47.5,77
6/06/2013,47.5,77
7/06/2013,47.5,77
10/06/2013,47.5,77
11/06/2013,47.5,77
12/06/2013,47.5,77
13/06/2013,47.5,77
14/06/2013,47.5,77
17/06/2013,47.5,77
18/06/2013,47.5,77
19/06/2013,47.5,77
20/06/2013,47.5,77
21/06/2013,47.5,74
24/06/2013,47.5,74
25/06/2013,47.5,74
26/06/2013,47.5,73
27/06/2013,47.5,73
28/06/2013,47.5,73
1/07/2013,47.5,73
2/07/2013,47.5,73
3/07/2013,47.5,73
4/07/2013,47.5,73
5/07/2013,47.5,73
8/07/2013,47.5,73
9/07/2013,47.5,73
10/07/2013,47.5,73
11/07/2013,47.5,73
12/07/2013,47.5,73
15/07/2013,47.5,73
16/07/2013,47.5,73
17/07/2013,47.5,73
18/07/2013,47.5,73
19/07/2013,47.5,73
22/07/2013,47.5,73
23/07/2013,47.5,73
24/07/2013,47.5,73
25/07/2013,47.5,73
26/07/2013,47.5,73
29/07/2013,50.5,73
30/07/2013,52.5,75
31/07/2013,54.5,76
1/08/2013,54.5,77
2/08/2013,59.5,82
5/08/2013,59.5,87
6/08/2013,59.5,87
7/08/2013,59.5,87
8/08/2013,59.5,87
9/08/2013,59.5,90
12/08/2013,59.5,90
13/08/2013,61.5,93
14/08/2013,61.5,93
15/08/2013,61.5,93
16/08/2013,61.5,93
19/08/2013,63.5,93
20/08/2013,63.5,93
21/08/2013,63.5,93
22/08/2013,63.5,93
23/08/2013,63.5,93
26/08/2013,63.5,93
27/08/2013,63.5,93
28/08/2013,63.5,93
29/08/2013,63.5,93
30/08/2013,63.5,93
2/09/2013,63.5,93
3/09/2013,63.5,93
4/09/2013,63.5,93
5/09/2013,63.5,93
6/09/2013,63.5,93
9/09/2013,63.5,93
10/09/2013,63.5,98
11/09/2013,63.5,100
12/09/2013,63.5,103
13/09/2013,63.5,103
16/09/2013,63.5,103
17/09/2013,63.5,103
18/09/2013,63.5,103
19/09/2013,63.5,103
20/09/2013,63.5,103
23/09/2013,63.5,103
24/09/2013,63.5,103
25/09/2013,63.5,103
26/09/2013,63.5,103
27/09/2013,63.5,103
30/09/2013,63.5,103
1/10/2013,63.5,103
2/10/2013,63.5,103
3/10/2013,63.5,103
4/10/2013,63.5,103
7/10/2013,63.5,103
8/10/2013,63.5,103
9/10/2013,63.5,103
10/10/2013,63.5,103
11/10/2013,63.5,102
14/10/2013,63.5,102
15/10/2013,63.5,102
16/10/2013,63.5,102
17/10/2013,63.5,102
18/10/2013,63.5,102
21/10/2013,63.5,102
22/10/2013,63.5,102
23/10/2013,63.5,102
24/10/2013,63.5,102
25/10/2013,63.5,102
28/10/2013,63.5,102
29/10/2013,63.5,102
30/10/2013,63.5,102
31/10/2013,63.5,102
1/11/2013,63.5,102
4/11/2013,63.5,102
5/11/2013,63.5,102
6/11/2013,63.5,102
7/11/2013,63.5,102
8/11/2013,63.5,102
11/11/2013,63.5,102
12/11/2013,63.5,102
13/11/2013,63.5,102
14/11/2013,63.5,102
15/11/2013,63.5,102
18/11/2013,63.5,102
19/11/2013,63.5,102
20/11/2013,63.5,102
21/11/2013,63.5,102
22/11/2013,63.5,102
25/11/2013,63.5,102
26/11/2013,63.5,102
27/11/2013,63.5,102
28/11/2013,63.5,102
29/11/2013,63.5,102
2/12/2013,63.5,102
3/12/2013,63.5,102
4/12/2013,63.5,102
5/12/2013,63.5,102
6/12/2013,63.5,101
9/12/2013,63.5,100
10/12/2013,63.5,100
11/12/2013,63.5,100
12/12/2013,63.5,100
13/12/2013,63.5,99
16/12/2013,63.5,99
17/12/2013,63.5,99
18/12/2013,63.5,99
19/12/2013,63.5,99
20/12/2013,63.5,99
23/12/2013,63.5,99
24/12/2013,63.5,99
25/12/2013,63.5,99
26/12/2013,63.5,99
27/12/2013,63.5,99
30/12/2013,63.5,99
31/12/2013,63.5,99
1/01/2014,63.5,99
2/01/2014,63.5,99
3/01/2014,62.5,99
6/01/2014,62.5,99
7/01/2014,62.5,99
8/01/2014,62.5,99
9/01/2014,62.5,98
10/01/2014,62.5,98
13/01/2014,62.5,98
14/01/2014,62.5,98
15/01/2014,62.5,98
16/01/2014,62.5,98
17/01/2014,62.5,98
20/01/2014,62.5,98
21/01/2014,62.5,98
22/01/2014,62.5,98
23/01/2014,62.5,98
24/01/2014,62.5,98
27/01/2014,62.5,98
28/01/2014,62.5,98
29/01/2014,62.5,98
30/01/2014,62.5,98
31/01/2014,62.5,98
3/02/2014,62.5,98
4/02/2014,62.5,98
5/02/2014,62.5,98
6/02/2014,62.5,98
7/02/2014,62.5,98
10/02/2014,62.5,98
11/02/2014,62.5,98
12/02/2014,62.5,98
13/02/2014,62.5,98
14/02/2014,62.5,98
17/02/2014,62.5,98
18/02/2014,62.5,98
19/02/2014,62.5,98
20/02/2014,62.5,98
21/02/2014,62.5,98
24/02/2014,62.5,99
25/02/2014,62.5,99
26/02/2014,62.5,99
27/02/2014,62.5,99
28/02/2014,62.5,99
3/03/2014,62.5,99
4/03/2014,62.5,99
5/03/2014,62.5,99
6/03/2014,62.5,99
7/03/2014,62.5,99
10/03/2014,62.5,99
11/03/2014,62.5,99
12/03/2014,62.5,99
13/03/2014,62.5,99
14/03/2014,62.5,99
17/03/2014,62.5,99
18/03/2014,62.5,99
19/03/2014,62.5,99
20/03/2014,62.5,99
21/03/2014,62.5,99
24/03/2014,62.5,99
25/03/2014,62.5,99
26/03/2014,62.5,99
27/03/2014,62.5,97
28/03/2014,62.5,97
31/03/2014,62.5,97
1/04/2014,62.5,97
2/04/2014,62.5,97
3/04/2014,62.5,97
4/04/2014,62.5,97
7/04/2014,62.5,97
8/04/2014,62.5,97
9/04/2014,62.5,97
10/04/2014,62.5,97
11/04/2014,62.5,97
14/04/2014,62.5,97
15/04/2014,62.5,97
16/04/2014,62.5,97
17/04/2014,62.5,97
18/04/2014,62.5,97
21/04/2014,62.5,97
22/04/2014,62.5,97
23/04/2014,62.5,97
24/04/2014,62.5,97
25/04/2014,62.5,97
28/04/2014,62.5,97
29/04/2014,62.5,97
30/04/2014,62.5,97
1/05/2014,62.5,97
2/05/2014,62.5,97
5/05/2014,62.5,97
6/05/2014,62.5,97
7/05/2014,62.5,97
8/05/2014,62.5,97
9/05/2014,62.5,97
12/05/2014,62.5,97
13/05/2014,62.5,97
14/05/2014,62.5,97
15/05/2014,62.5,97
16/05/2014,62.5,97
19/05/2014,62.5,97
20/05/2014,62.5,97
21/05/2014,62.5,97
22/05/2014,62.5,97
23/05/2014,62.5,97
26/05/2014,62.5,97
27/05/2014,62.5,97
28/05/2014,62.5,97
29/05/2014,62.5,97
30/05/2014,62.5,97
2/06/2014,62.5,97
3/06/2014,62.5,97
4/06/2014,62.5,97
5/06/2014,62.5,97
6/06/2014,62.5,97
9/06/2014,62.5,97
10/06/2014,62.5,97
11/06/2014,62.5,97
12/06/2014,62.5,97
13/06/2014,62.5,97
16/06/2014,62.5,97
17/06/2014,62.5,95
18/06/2014,62.5,95
19/06/2014,62.5,92
20/06/2014,62.5,92
23/06/2014,62.5,92
24/06/2014,61.5,91
25/06/2014,61.5,91
26/06/2014,61.5,91
27/06/2014,61.5,91
30/06/2014,61.5,91
1/07/2014,61.5,91
2/07/2014,60.5,90
3/07/2014,60.5,90
4/07/2014,60.5,90
7/07/2014,60.5,90
8/07/2014,60.5,90
9/07/2014,59.5,90
10/07/2014,59.5,90
11/07/2014,59.5,90
14/07/2014,59.5,90
15/07/2014,59.5,90
16/07/2014,59.5,90
17/07/2014,59.5,90
18/07/2014,59.5,90
21/07/2014,59.5,90
22/07/2014,59.5,90
23/07/2014,59.5,90
24/07/2014,59.5,90
25/07/2014,59.5,90
28/07/2014,59.5,90
29/07/2014,59.5,90
30/07/2014,59.5,90
31/07/2014,59.5,90
1/08/2014,59.5,90
4/08/2014,59.5,90
5/08/2014,59.5,90
6/08/2014,59.5,90
7/08/2014,59.5,91
8/08/2014,59.5,91
11/08/2014,59.5,91
12/08/2014,59.5,91
13/08/2014,59.5,91
14/08/2014,59.5,91
15/08/2014,59.5,91
18/08/2014,59.5,91
19/08/2014,59.5,91
20/08/2014,59.5,91
21/08/2014,59.5,91
22/08/2014,59.5,91
25/08/2014,59.5,91
26/08/2014,59.5,91
27/08/2014,59.5,91
28/08/2014,59.5,91
29/08/2014,59.5,91
1/09/2014,59.5,91
2/09/2014,59.5,91
3/09/2014,59.5,89
4/09/2014,59.5,89
5/09/2014,59.5,89
8/09/2014,59.5,89
9/09/2014,59.5,89
10/09/2014,59.5,89
11/09/2014,59.5,89
12/09/2014,59.5,89
15/09/2014,59.5,89
16/09/2014,59.5,89
17/09/2014,59.5,89
18/09/2014,58.5,88
19/09/2014,58.5,88
22/09/2014,58.5,88
23/09/2014,58.5,88
24/09/2014,58.5,88
25/09/2014,58.5,88
26/09/2014,58.5,88
29/09/2014,58.5,87
30/09/2014,58.5,87
1/10/2014,58.5,87
2/10/2014,58.5,87
3/10/2014,58.5,87
6/10/2014,58.5,87
7/10/2014,58.5,87
8/10/2014,58.5,87
9/10/2014,58.5,87
10/10/2014,58.5,87
13/10/2014,58.5,87
14/10/2014,57.5,85
15/10/2014,57.5,83
16/10/2014,57.5,83
17/10/2014,57.5,83
20/10/2014,57.5,83
21/10/2014,57.5,83
22/10/2014,57.5,83
23/10/2014,57.5,83
24/10/2014,57.5,83
27/10/2014,57.5,83
28/10/2014,56.5,82
29/10/2014,56.5,82
30/10/2014,56.5,81
31/10/2014,56.5,81
3/11/2014,56.5,81
4/11/2014,56.5,81
5/11/2014,56.5,81
6/11/2014,56.5,81
7/11/2014,56.5,81
10/11/2014,56.5,81
11/11/2014,56.5,81
12/11/2014,56.5,81
13/11/2014,56.5,81
14/11/2014,56.5,81
17/11/2014,56.5,81
18/11/2014,56.5,81
19/11/2014,56.5,81
20/11/2014,56.5,81
21/11/2014,56.5,81
24/11/2014,56.5,81
25/11/2014,56.5,81
26/11/2014,56.5,80
27/11/2014,56.5,79
28/11/2014,56.5,79
1/12/2014,56.5,79
2/12/2014,56.5,79
3/12/2014,56.5,79
4/12/2014,56.5,79
5/12/2014,56.5,79
8/12/2014,56.5,79
9/12/2014,56.5,79
10/12/2014,56.5,79
11/12/2014,56.5,79
12/12/2014,56.5,79
