Date,S&P 500 COMPOSITE
2/08/1993,450.15
3/08/1993,449.27
4/08/1993,448.54
5/08/1993,448.13
6/08/1993,448.68
9/08/1993,450.72
10/08/1993,449.45
11/08/1993,450.46
12/08/1993,448.96
13/08/1993,450.14
16/08/1993,452.38
17/08/1993,453.13
18/08/1993,456.04
19/08/1993,456.43
20/08/1993,456.16
23/08/1993,455.23
24/08/1993,459.77
25/08/1993,460.13
26/08/1993,461.04
27/08/1993,460.54
30/08/1993,461.9
31/08/1993,463.56
1/09/1993,463.15
2/09/1993,461.3
3/09/1993,461.34
6/09/1993,461.34
7/09/1993,458.52
8/09/1993,456.65
9/09/1993,457.5
10/09/1993,461.72
13/09/1993,462.06
14/09/1993,459.9
15/09/1993,461.6
16/09/1993,459.43
17/09/1993,458.83
20/09/1993,455.05
21/09/1993,452.95
22/09/1993,456.2
23/09/1993,457.74
24/09/1993,457.63
27/09/1993,461.8
28/09/1993,461.53
29/09/1993,460.11
30/09/1993,458.93
1/10/1993,461.29
4/10/1993,461.34
5/10/1993,461.2
6/10/1993,460.74
7/10/1993,459.18
8/10/1993,460.31
11/10/1993,460.88
12/10/1993,461.12
13/10/1993,461.49
14/10/1993,466.83
15/10/1993,469.5
18/10/1993,468.45
19/10/1993,466.21
20/10/1993,466.07
21/10/1993,465.36
22/10/1993,463.27
25/10/1993,464.2
26/10/1993,464.3
27/10/1993,464.61
28/10/1993,467.73
29/10/1993,467.83
1/11/1993,469.1
2/11/1993,468.44
3/11/1993,463.02
4/11/1993,457.49
5/11/1993,459.57
8/11/1993,460.21
9/11/1993,460.33
10/11/1993,463.72
11/11/1993,462.64
12/11/1993,465.39
15/11/1993,463.75
16/11/1993,466.74
17/11/1993,464.81
18/11/1993,463.62
19/11/1993,462.6
22/11/1993,459.13
23/11/1993,461.03
24/11/1993,462.36
25/11/1993,462.36
26/11/1993,463.06
29/11/1993,461.9
30/11/1993,461.79
1/12/1993,461.89
2/12/1993,463.11
3/12/1993,464.89
6/12/1993,466.43
7/12/1993,466.76
8/12/1993,466.29
9/12/1993,464.18
10/12/1993,463.93
13/12/1993,465.7
14/12/1993,463.06
15/12/1993,461.84
16/12/1993,463.34
17/12/1993,466.38
20/12/1993,465.85
21/12/1993,465.3
22/12/1993,467.32
23/12/1993,467.38
24/12/1993,467.38
27/12/1993,470.54
28/12/1993,470.94
29/12/1993,470.58
30/12/1993,468.64
31/12/1993,466.45
3/01/1994,465.44
4/01/1994,466.89
5/01/1994,467.55
6/01/1994,467.12
7/01/1994,469.9
10/01/1994,475.27
11/01/1994,474.13
12/01/1994,474.17
13/01/1994,472.47
14/01/1994,474.91
17/01/1994,473.3
18/01/1994,474.25
19/01/1994,474.3
20/01/1994,474.98
21/01/1994,474.72
24/01/1994,471.97
25/01/1994,470.92
26/01/1994,473.2
27/01/1994,477.05
28/01/1994,478.7
31/01/1994,481.61
1/02/1994,479.62
2/02/1994,482
3/02/1994,480.71
4/02/1994,469.81
7/02/1994,471.76
8/02/1994,471.05
9/02/1994,472.77
10/02/1994,468.93
11/02/1994,470.18
14/02/1994,470.23
15/02/1994,472.52
16/02/1994,472.79
17/02/1994,470.34
18/02/1994,467.69
21/02/1994,467.69
22/02/1994,471.46
23/02/1994,470.69
24/02/1994,464.26
25/02/1994,466.07
28/02/1994,467.14
1/03/1994,464.44
2/03/1994,464.81
3/03/1994,463.01
4/03/1994,464.74
7/03/1994,466.91
8/03/1994,465.88
9/03/1994,467.06
10/03/1994,463.9
11/03/1994,466.44
14/03/1994,467.39
15/03/1994,467.01
16/03/1994,469.42
17/03/1994,470.9
18/03/1994,471.06
21/03/1994,468.54
22/03/1994,468.8
23/03/1994,468.54
24/03/1994,464.35
25/03/1994,460.58
28/03/1994,460
29/03/1994,452.48
30/03/1994,445.55
31/03/1994,445.77
1/04/1994,445.77
4/04/1994,438.92
5/04/1994,448.29
6/04/1994,448.05
7/04/1994,450.88
8/04/1994,447.1
11/04/1994,449.87
12/04/1994,447.57
13/04/1994,446.26
14/04/1994,446.38
15/04/1994,446.18
18/04/1994,442.46
19/04/1994,442.54
20/04/1994,441.96
21/04/1994,448.73
22/04/1994,447.63
25/04/1994,452.71
26/04/1994,451.87
27/04/1994,451.87
28/04/1994,449.1
29/04/1994,450.91
2/05/1994,453.02
3/05/1994,453.03
4/05/1994,451.72
5/05/1994,451.38
6/05/1994,447.82
9/05/1994,442.32
10/05/1994,446.01
11/05/1994,441.49
12/05/1994,443.75
13/05/1994,444.14
16/05/1994,444.49
17/05/1994,449.37
18/05/1994,453.69
19/05/1994,456.48
20/05/1994,454.92
23/05/1994,453.2
24/05/1994,454.81
25/05/1994,456.34
26/05/1994,457.06
27/05/1994,457.33
30/05/1994,457.33
31/05/1994,456.5
1/06/1994,457.63
2/06/1994,457.65
3/06/1994,460.13
6/06/1994,458.88
7/06/1994,458.21
8/06/1994,457.06
9/06/1994,457.86
10/06/1994,458.67
13/06/1994,459.1
14/06/1994,462.37
15/06/1994,460.61
16/06/1994,461.93
17/06/1994,458.45
20/06/1994,455.48
21/06/1994,451.34
22/06/1994,453.09
23/06/1994,449.63
24/06/1994,442.8
27/06/1994,447.31
28/06/1994,446.07
29/06/1994,447.63
30/06/1994,444.27
1/07/1994,446.2
4/07/1994,446.2
5/07/1994,446.37
6/07/1994,446.13
7/07/1994,448.38
8/07/1994,449.55
11/07/1994,448.06
12/07/1994,447.95
13/07/1994,448.73
14/07/1994,453.41
15/07/1994,454.16
18/07/1994,455.22
19/07/1994,453.86
20/07/1994,451.6
21/07/1994,452.61
22/07/1994,453.11
25/07/1994,454.25
26/07/1994,453.36
27/07/1994,452.57
28/07/1994,454.23
29/07/1994,458.26
1/08/1994,461.01
2/08/1994,460.56
3/08/1994,461.45
4/08/1994,458.4
5/08/1994,457.09
8/08/1994,457.89
9/08/1994,457.93
10/08/1994,460.3
11/08/1994,458.88
12/08/1994,461.94
15/08/1994,461.23
16/08/1994,465.01
17/08/1994,465.17
18/08/1994,463.17
19/08/1994,463.68
22/08/1994,462.32
23/08/1994,464.51
24/08/1994,469.03
25/08/1994,468.08
26/08/1994,473.8
29/08/1994,474.59
30/08/1994,476.07
31/08/1994,475.49
1/09/1994,473.17
2/09/1994,470.99
5/09/1994,470.99
6/09/1994,471.86
7/09/1994,470.96
8/09/1994,473.14
9/09/1994,468.18
12/09/1994,466.21
13/09/1994,467.51
14/09/1994,468.8
15/09/1994,474.81
16/09/1994,471.19
19/09/1994,470.85
20/09/1994,463.36
21/09/1994,461.46
22/09/1994,461.27
23/09/1994,459.67
26/09/1994,460.82
27/09/1994,462.05
28/09/1994,464.84
29/09/1994,462.24
30/09/1994,462.69
3/10/1994,461.74
4/10/1994,454.59
5/10/1994,453.52
6/10/1994,452.36
7/10/1994,455.1
10/10/1994,459.04
11/10/1994,465.79
12/10/1994,465.47
13/10/1994,467.77
14/10/1994,469.1
17/10/1994,468.96
18/10/1994,467.66
19/10/1994,470.28
20/10/1994,466.85
21/10/1994,464.89
24/10/1994,460.83
25/10/1994,461.53
26/10/1994,462.62
27/10/1994,465.85
28/10/1994,473.77
31/10/1994,472.35
1/11/1994,468.42
2/11/1994,466.5
3/11/1994,467.91
4/11/1994,462.28
7/11/1994,463.07
8/11/1994,465.65
9/11/1994,465.4
10/11/1994,464.37
11/11/1994,462.35
14/11/1994,466.04
15/11/1994,465.03
16/11/1994,465.6
17/11/1994,463.56
18/11/1994,461.47
21/11/1994,458.3
22/11/1994,450.09
23/11/1994,449.93
24/11/1994,449.93
25/11/1994,452.29
28/11/1994,454.16
29/11/1994,455.17
30/11/1994,453.69
1/12/1994,448.92
2/12/1994,453.3
5/12/1994,453.32
6/12/1994,453.11
7/12/1994,451.23
8/12/1994,445.45
9/12/1994,446.96
12/12/1994,449.47
13/12/1994,450.15
14/12/1994,454.97
15/12/1994,455.34
16/12/1994,458.8
19/12/1994,457.91
20/12/1994,457.1
21/12/1994,459.61
22/12/1994,459.67
23/12/1994,459.83
26/12/1994,459.83
27/12/1994,462.47
28/12/1994,460.86
29/12/1994,461.16
30/12/1994,459.27
2/01/1995,459.27
3/01/1995,459.11
4/01/1995,460.71
5/01/1995,460.34
6/01/1995,460.68
9/01/1995,460.83
10/01/1995,461.68
11/01/1995,461.66
12/01/1995,461.64
13/01/1995,465.97
16/01/1995,469.38
17/01/1995,470.05
18/01/1995,469.72
19/01/1995,466.95
20/01/1995,464.78
23/01/1995,465.81
24/01/1995,465.86
25/01/1995,467.44
26/01/1995,468.32
27/01/1995,470.39
30/01/1995,468.51
31/01/1995,470.42
1/02/1995,470.4
2/02/1995,472.78
3/02/1995,478.64
6/02/1995,481.14
7/02/1995,480.81
8/02/1995,481.19
9/02/1995,480.19
10/02/1995,481.46
13/02/1995,481.65
14/02/1995,482.55
15/02/1995,484.54
16/02/1995,485.22
17/02/1995,481.97
20/02/1995,481.97
21/02/1995,482.74
22/02/1995,485.07
23/02/1995,486.91
24/02/1995,488.11
27/02/1995,483.81
28/02/1995,487.39
1/03/1995,485.65
2/03/1995,485.13
3/03/1995,485.42
6/03/1995,485.63
7/03/1995,482.12
8/03/1995,483.14
9/03/1995,483.16
10/03/1995,489.57
13/03/1995,490.05
14/03/1995,492.89
15/03/1995,491.88
16/03/1995,495.41
17/03/1995,495.52
20/03/1995,496.15
21/03/1995,495.07
22/03/1995,495.67
23/03/1995,495.95
24/03/1995,500.97
27/03/1995,503.2
28/03/1995,503.9
29/03/1995,503.12
30/03/1995,502.22
31/03/1995,500.71
3/04/1995,501.85
4/04/1995,505.24
5/04/1995,505.57
6/04/1995,506.08
7/04/1995,506.42
10/04/1995,507.01
11/04/1995,505.53
12/04/1995,507.17
13/04/1995,509.23
14/04/1995,509.23
17/04/1995,506.13
18/04/1995,505.37
19/04/1995,504.92
20/04/1995,505.29
21/04/1995,508.49
24/04/1995,512.89
25/04/1995,512.1
26/04/1995,512.66
27/04/1995,513.55
28/04/1995,514.71
1/05/1995,514.26
2/05/1995,514.86
3/05/1995,520.48
4/05/1995,520.54
5/05/1995,520.12
8/05/1995,523.96
9/05/1995,523.56
10/05/1995,524.36
11/05/1995,524.37
12/05/1995,525.55
15/05/1995,527.74
16/05/1995,528.19
17/05/1995,527.07
18/05/1995,519.58
19/05/1995,519.19
22/05/1995,523.65
23/05/1995,528.59
24/05/1995,528.61
25/05/1995,528.59
26/05/1995,523.65
29/05/1995,523.65
30/05/1995,523.58
31/05/1995,533.4
1/06/1995,533.49
2/06/1995,532.51
5/06/1995,535.6
6/06/1995,535.55
7/06/1995,533.13
8/06/1995,532.35
9/06/1995,527.94
12/06/1995,530.88
13/06/1995,536.05
14/06/1995,536.47
15/06/1995,537.12
16/06/1995,539.83
19/06/1995,545.22
20/06/1995,544.98
21/06/1995,543.98
22/06/1995,551.07
23/06/1995,549.71
26/06/1995,544.13
27/06/1995,542.43
28/06/1995,544.73
29/06/1995,543.87
30/06/1995,544.75
3/07/1995,547.09
4/07/1995,547.09
5/07/1995,547.26
6/07/1995,553.99
7/07/1995,556.37
10/07/1995,557.19
11/07/1995,554.78
12/07/1995,560.89
13/07/1995,561
14/07/1995,559.89
17/07/1995,562.72
18/07/1995,558.46
19/07/1995,550.98
20/07/1995,553.54
21/07/1995,553.62
24/07/1995,556.63
25/07/1995,561.1
26/07/1995,561.61
27/07/1995,565.22
28/07/1995,562.93
31/07/1995,562.06
1/08/1995,559.64
2/08/1995,558.8
3/08/1995,558.75
4/08/1995,558.94
7/08/1995,560.03
8/08/1995,560.39
9/08/1995,559.71
10/08/1995,557.45
11/08/1995,555.11
14/08/1995,559.74
15/08/1995,558.57
16/08/1995,559.97
17/08/1995,559.04
18/08/1995,559.21
21/08/1995,558.11
22/08/1995,559.52
23/08/1995,557.14
24/08/1995,557.46
25/08/1995,560.1
28/08/1995,559.05
29/08/1995,560
30/08/1995,560.92
31/08/1995,561.88
1/09/1995,563.84
4/09/1995,563.84
5/09/1995,569.17
6/09/1995,570.17
7/09/1995,570.29
8/09/1995,572.68
11/09/1995,573.91
12/09/1995,576.51
13/09/1995,578.77
14/09/1995,583.61
15/09/1995,583.35
18/09/1995,582.77
19/09/1995,584.2
20/09/1995,586.77
21/09/1995,583
22/09/1995,581.73
25/09/1995,581.81
26/09/1995,581.41
27/09/1995,581.04
28/09/1995,585.87
29/09/1995,584.41
2/10/1995,581.72
3/10/1995,582.34
4/10/1995,581.47
5/10/1995,582.63
6/10/1995,582.49
9/10/1995,578.37
10/10/1995,577.52
11/10/1995,579.46
12/10/1995,583.1
13/10/1995,584.5
16/10/1995,583.03
17/10/1995,586.78
18/10/1995,587.44
19/10/1995,590.65
20/10/1995,587.46
23/10/1995,585.06
24/10/1995,586.54
25/10/1995,582.47
26/10/1995,576.72
27/10/1995,579.7
30/10/1995,583.25
31/10/1995,581.5
1/11/1995,584.22
2/11/1995,589.72
3/11/1995,590.57
6/11/1995,588.46
7/11/1995,586.32
8/11/1995,591.71
9/11/1995,593.26
10/11/1995,592.72
13/11/1995,592.3
14/11/1995,589.29
15/11/1995,593.96
16/11/1995,597.34
17/11/1995,600.07
20/11/1995,596.85
21/11/1995,600.24
22/11/1995,598.4
23/11/1995,598.4
24/11/1995,599.97
27/11/1995,601.32
28/11/1995,606.45
29/11/1995,607.64
30/11/1995,605.37
1/12/1995,606.98
4/12/1995,613.68
5/12/1995,617.68
6/12/1995,620.18
7/12/1995,616.17
8/12/1995,617.48
11/12/1995,619.52
12/12/1995,618.78
13/12/1995,621.69
14/12/1995,616.92
15/12/1995,616.34
18/12/1995,606.81
19/12/1995,611.93
20/12/1995,605.94
21/12/1995,610.49
22/12/1995,611.96
25/12/1995,611.96
26/12/1995,614.3
27/12/1995,614.53
28/12/1995,614.12
29/12/1995,615.93
1/01/1996,615.93
2/01/1996,620.73
3/01/1996,621.32
4/01/1996,617.7
5/01/1996,616.71
8/01/1996,618.46
9/01/1996,609.45
10/01/1996,598.48
11/01/1996,602.69
12/01/1996,601.81
15/01/1996,599.82
16/01/1996,608.44
17/01/1996,606.37
18/01/1996,608.24
19/01/1996,611.83
22/01/1996,613.4
23/01/1996,612.79
24/01/1996,619.96
25/01/1996,617.03
26/01/1996,621.62
29/01/1996,624.22
30/01/1996,630.15
31/01/1996,636.02
1/02/1996,638.46
2/02/1996,635.84
5/02/1996,641.43
6/02/1996,646.33
7/02/1996,649.93
8/02/1996,656.07
9/02/1996,656.37
12/02/1996,661.45
13/02/1996,660.51
14/02/1996,655.58
15/02/1996,651.32
16/02/1996,647.98
19/02/1996,647.98
20/02/1996,640.65
21/02/1996,648.1
22/02/1996,658.86
23/02/1996,659.08
26/02/1996,650.46
27/02/1996,647.24
28/02/1996,644.75
29/02/1996,640.43
1/03/1996,644.37
4/03/1996,650.81
5/03/1996,655.79
6/03/1996,652
7/03/1996,653.65
8/03/1996,633.5
11/03/1996,640.02
12/03/1996,637.09
13/03/1996,638.55
14/03/1996,640.87
15/03/1996,641.43
18/03/1996,652.65
19/03/1996,651.69
20/03/1996,649.98
21/03/1996,649.19
22/03/1996,650.62
25/03/1996,650.04
26/03/1996,652.97
27/03/1996,648.91
28/03/1996,648.94
29/03/1996,645.5
1/04/1996,653.73
2/04/1996,655.26
3/04/1996,655.88
4/04/1996,655.86
5/04/1996,655.86
8/04/1996,644.24
9/04/1996,642.19
10/04/1996,633.5
11/04/1996,631.18
12/04/1996,636.71
15/04/1996,642.49
16/04/1996,645
17/04/1996,641.61
18/04/1996,643.61
19/04/1996,645.07
22/04/1996,647.89
23/04/1996,651.58
24/04/1996,650.17
25/04/1996,652.87
26/04/1996,653.46
29/04/1996,654.16
30/04/1996,654.17
1/05/1996,654.58
2/05/1996,643.38
3/05/1996,641.63
6/05/1996,640.81
7/05/1996,638.26
8/05/1996,644.77
9/05/1996,645.44
10/05/1996,652.09
13/05/1996,661.51
14/05/1996,665.6
15/05/1996,665.42
16/05/1996,664.85
17/05/1996,668.91
20/05/1996,673.15
21/05/1996,672.76
22/05/1996,678.42
23/05/1996,676
24/05/1996,678.51
27/05/1996,678.51
28/05/1996,672.23
29/05/1996,667.93
30/05/1996,671.7
31/05/1996,669.12
3/06/1996,667.68
4/06/1996,672.56
5/06/1996,678.44
6/06/1996,673.03
7/06/1996,673.31
10/06/1996,672.16
11/06/1996,670.97
12/06/1996,669.04
13/06/1996,667.92
14/06/1996,665.85
17/06/1996,665.16
18/06/1996,662.06
19/06/1996,661.96
20/06/1996,662.1
21/06/1996,666.84
24/06/1996,668.85
25/06/1996,668.48
26/06/1996,664.39
27/06/1996,668.55
28/06/1996,670.63
1/07/1996,675.88
2/07/1996,673.61
3/07/1996,672.4
4/07/1996,672.4
5/07/1996,657.44
8/07/1996,652.54
9/07/1996,654.75
10/07/1996,656.06
11/07/1996,645.67
12/07/1996,646.19
15/07/1996,629.8
16/07/1996,628.37
17/07/1996,634.07
18/07/1996,643.56
19/07/1996,638.73
22/07/1996,633.77
23/07/1996,626.87
24/07/1996,626.65
25/07/1996,631.17
26/07/1996,635.9
29/07/1996,630.91
30/07/1996,635.26
31/07/1996,639.95
1/08/1996,650.02
2/08/1996,662.49
5/08/1996,660.23
6/08/1996,662.38
7/08/1996,664.16
8/08/1996,662.59
9/08/1996,662.1
12/08/1996,665.77
13/08/1996,660.2
14/08/1996,662.05
15/08/1996,662.28
16/08/1996,665.21
19/08/1996,666.58
20/08/1996,665.69
21/08/1996,665.07
22/08/1996,670.68
23/08/1996,667.03
26/08/1996,663.88
27/08/1996,666.4
28/08/1996,664.81
29/08/1996,657.4
30/08/1996,651.99
2/09/1996,651.99
3/09/1996,654.72
4/09/1996,655.61
5/09/1996,649.44
6/09/1996,655.68
9/09/1996,663.76
10/09/1996,663.81
11/09/1996,667.28
12/09/1996,671.15
13/09/1996,680.54
16/09/1996,683.98
17/09/1996,682.94
18/09/1996,681.47
19/09/1996,683
20/09/1996,687.03
23/09/1996,686.48
24/09/1996,685.61
25/09/1996,685.83
26/09/1996,685.86
27/09/1996,686.19
30/09/1996,687.31
1/10/1996,689.08
2/10/1996,694.01
3/10/1996,692.78
4/10/1996,701.46
7/10/1996,703.34
8/10/1996,700.64
9/10/1996,696.74
10/10/1996,694.61
11/10/1996,700.66
14/10/1996,703.54
15/10/1996,702.57
16/10/1996,704.41
17/10/1996,706.99
18/10/1996,710.82
21/10/1996,709.85
22/10/1996,706.57
23/10/1996,707.27
24/10/1996,702.29
25/10/1996,700.92
28/10/1996,697.26
29/10/1996,701.5
30/10/1996,700.9
31/10/1996,705.27
1/11/1996,703.77
4/11/1996,706.73
5/11/1996,714.14
6/11/1996,724.59
7/11/1996,727.65
8/11/1996,730.82
11/11/1996,731.87
12/11/1996,729.56
13/11/1996,731.13
14/11/1996,735.88
15/11/1996,737.62
18/11/1996,737.02
19/11/1996,742.16
20/11/1996,743.95
21/11/1996,742.75
22/11/1996,748.73
25/11/1996,757.03
26/11/1996,755.96
27/11/1996,755
28/11/1996,755
29/11/1996,757.02
2/12/1996,756.56
3/12/1996,748.28
4/12/1996,745.1
5/12/1996,744.38
6/12/1996,739.6
9/12/1996,749.81
10/12/1996,747.54
11/12/1996,740.73
12/12/1996,729.33
13/12/1996,728.64
16/12/1996,720.98
17/12/1996,726.04
18/12/1996,731.54
19/12/1996,745.76
20/12/1996,748.87
23/12/1996,746.92
24/12/1996,751.03
25/12/1996,751.03
26/12/1996,755.82
27/12/1996,756.79
30/12/1996,753.85
31/12/1996,740.74
1/01/1997,740.74
2/01/1997,737.01
3/01/1997,748.03
6/01/1997,747.65
7/01/1997,753.23
8/01/1997,748.41
9/01/1997,754.85
10/01/1997,759.5
13/01/1997,759.51
14/01/1997,768.86
15/01/1997,767.2
16/01/1997,769.75
17/01/1997,776.17
20/01/1997,776.7
21/01/1997,782.72
22/01/1997,786.23
23/01/1997,777.56
24/01/1997,770.52
27/01/1997,765.02
28/01/1997,765.02
29/01/1997,772.5
30/01/1997,784.17
31/01/1997,786.16
3/02/1997,786.73
4/02/1997,789.26
5/02/1997,778.28
6/02/1997,780.15
7/02/1997,789.56
10/02/1997,785.43
11/02/1997,789.59
12/02/1997,802.77
13/02/1997,811.82
14/02/1997,808.48
17/02/1997,808.48
18/02/1997,816.29
19/02/1997,812.49
20/02/1997,802.8
21/02/1997,801.77
24/02/1997,810.28
25/02/1997,812.1
26/02/1997,805.68
27/02/1997,795.07
28/02/1997,790.82
3/03/1997,795.31
4/03/1997,790.95
5/03/1997,801.99
6/03/1997,798.56
7/03/1997,804.97
10/03/1997,813.65
11/03/1997,811.34
12/03/1997,804.26
13/03/1997,789.56
14/03/1997,793.17
17/03/1997,795.71
18/03/1997,789.66
19/03/1997,785.77
20/03/1997,782.65
21/03/1997,784.1
24/03/1997,790.89
25/03/1997,789.07
26/03/1997,790.5
27/03/1997,773.88
28/03/1997,773.88
31/03/1997,757.12
1/04/1997,759.64
2/04/1997,750.11
3/04/1997,750.32
4/04/1997,757.9
7/04/1997,762.13
8/04/1997,766.12
9/04/1997,760.6
10/04/1997,758.34
11/04/1997,737.65
14/04/1997,743.73
15/04/1997,754.72
16/04/1997,763.53
17/04/1997,761.77
18/04/1997,766.34
21/04/1997,760.37
22/04/1997,774.61
23/04/1997,773.64
24/04/1997,771.18
25/04/1997,765.37
28/04/1997,772.96
29/04/1997,794.05
30/04/1997,801.34
1/05/1997,798.53
2/05/1997,812.97
5/05/1997,830.24
6/05/1997,827.76
7/05/1997,815.62
8/05/1997,820.26
9/05/1997,824.78
12/05/1997,837.66
13/05/1997,833.13
14/05/1997,836.04
15/05/1997,841.88
16/05/1997,829.75
19/05/1997,833.27
20/05/1997,841.66
21/05/1997,839.35
22/05/1997,835.66
23/05/1997,847.03
26/05/1997,847.03
27/05/1997,849.71
28/05/1997,847.21
29/05/1997,844.08
30/05/1997,848.28
2/06/1997,846.36
3/06/1997,845.48
4/06/1997,840.11
5/06/1997,843.43
6/06/1997,858.01
9/06/1997,862.91
10/06/1997,865.27
11/06/1997,869.57
12/06/1997,883.48
13/06/1997,893.27
16/06/1997,893.9
17/06/1997,894.42
18/06/1997,889.06
19/06/1997,897.99
20/06/1997,898.7
23/06/1997,878.62
24/06/1997,896.34
25/06/1997,888.99
26/06/1997,883.68
27/06/1997,887.3
30/06/1997,885.14
1/07/1997,891.03
2/07/1997,904.03
3/07/1997,916.92
4/07/1997,916.92
7/07/1997,912.2
8/07/1997,918.75
9/07/1997,907.54
10/07/1997,913.78
11/07/1997,916.68
14/07/1997,918.38
15/07/1997,925.76
16/07/1997,936.59
17/07/1997,931.61
18/07/1997,915.3
21/07/1997,912.94
22/07/1997,933.98
23/07/1997,936.56
24/07/1997,940.3
25/07/1997,938.79
28/07/1997,936.45
29/07/1997,942.29
30/07/1997,952.29
31/07/1997,954.29
1/08/1997,947.14
4/08/1997,950.3
5/08/1997,952.37
6/08/1997,960.32
7/08/1997,951.19
8/08/1997,933.54
11/08/1997,937
12/08/1997,926.53
13/08/1997,922.02
14/08/1997,924.77
15/08/1997,900.81
18/08/1997,912.49
19/08/1997,926.01
20/08/1997,939.35
21/08/1997,925.05
22/08/1997,923.55
25/08/1997,920.16
26/08/1997,913.02
27/08/1997,913.7
28/08/1997,903.67
29/08/1997,899.47
1/09/1997,899.47
2/09/1997,927.58
3/09/1997,927.86
4/09/1997,930.87
5/09/1997,929.05
8/09/1997,931.2
9/09/1997,933.62
10/09/1997,919.03
11/09/1997,912.59
12/09/1997,923.91
15/09/1997,919.77
16/09/1997,945.64
17/09/1997,943
18/09/1997,947.29
19/09/1997,950.51
22/09/1997,955.43
23/09/1997,951.93
24/09/1997,944.48
25/09/1997,937.91
26/09/1997,945.22
29/09/1997,953.34
30/09/1997,947.28
1/10/1997,955.41
2/10/1997,960.46
3/10/1997,965.03
6/10/1997,972.69
7/10/1997,983.12
8/10/1997,973.84
9/10/1997,970.62
10/10/1997,966.98
13/10/1997,968.1
14/10/1997,970.28
15/10/1997,965.72
16/10/1997,955.23
17/10/1997,944.16
20/10/1997,955.61
21/10/1997,972.28
22/10/1997,968.49
23/10/1997,950.69
24/10/1997,941.64
27/10/1997,876.99
28/10/1997,921.85
29/10/1997,919.16
30/10/1997,903.68
31/10/1997,914.62
3/11/1997,938.99
4/11/1997,940.76
5/11/1997,942.76
6/11/1997,938.03
7/11/1997,927.51
10/11/1997,921.13
11/11/1997,923.78
12/11/1997,905.96
13/11/1997,916.66
14/11/1997,928.35
17/11/1997,946.2
18/11/1997,938.23
19/11/1997,944.59
20/11/1997,958.98
21/11/1997,963.09
24/11/1997,946.67
25/11/1997,950.82
26/11/1997,951.64
27/11/1997,951.64
28/11/1997,955.4
1/12/1997,974.78
2/12/1997,971.68
3/12/1997,976.77
4/12/1997,973.1
5/12/1997,983.79
8/12/1997,982.37
9/12/1997,975.78
10/12/1997,969.79
11/12/1997,954.94
12/12/1997,953.39
15/12/1997,963.39
16/12/1997,968.04
17/12/1997,965.54
18/12/1997,955.3
19/12/1997,946.78
22/12/1997,953.7
23/12/1997,939.13
24/12/1997,932.7
25/12/1997,932.7
26/12/1997,936.46
29/12/1997,953.35
30/12/1997,970.84
31/12/1997,970.43
1/01/1998,970.43
2/01/1998,975.04
5/01/1998,977.07
6/01/1998,966.58
7/01/1998,964
8/01/1998,956.05
9/01/1998,927.69
12/01/1998,939.21
13/01/1998,952.12
14/01/1998,957.94
15/01/1998,950.73
16/01/1998,961.51
19/01/1998,961.51
20/01/1998,978.6
21/01/1998,970.81
22/01/1998,963.04
23/01/1998,957.59
26/01/1998,956.95
27/01/1998,969.02
28/01/1998,977.46
29/01/1998,985.49
30/01/1998,980.28
2/02/1998,1001.27
3/02/1998,1006
4/02/1998,1006.9
5/02/1998,1003.54
6/02/1998,1012.46
9/02/1998,1010.74
10/02/1998,1019.01
11/02/1998,1020.01
12/02/1998,1024.14
13/02/1998,1020.09
16/02/1998,1020.09
17/02/1998,1022.76
18/02/1998,1032.08
19/02/1998,1028.28
20/02/1998,1034.21
23/02/1998,1038.14
24/02/1998,1030.56
25/02/1998,1042.9
26/02/1998,1048.67
27/02/1998,1049.34
2/03/1998,1047.7
3/03/1998,1052.02
4/03/1998,1047.33
5/03/1998,1035.05
6/03/1998,1055.69
9/03/1998,1052.31
10/03/1998,1064.25
11/03/1998,1068.47
12/03/1998,1069.92
13/03/1998,1068.61
16/03/1998,1079.27
17/03/1998,1080.45
18/03/1998,1085.52
19/03/1998,1089.74
20/03/1998,1099.16
23/03/1998,1095.55
24/03/1998,1105.65
25/03/1998,1101.93
26/03/1998,1100.8
27/03/1998,1095.44
30/03/1998,1093.55
31/03/1998,1101.75
1/04/1998,1108.15
2/04/1998,1120.01
3/04/1998,1122.7
6/04/1998,1121.38
7/04/1998,1109.54
8/04/1998,1101.65
9/04/1998,1110.67
10/04/1998,1110.67
13/04/1998,1109.69
14/04/1998,1115.75
15/04/1998,1119.32
16/04/1998,1108.17
17/04/1998,1122.72
20/04/1998,1123.65
21/04/1998,1126.67
22/04/1998,1130.54
23/04/1998,1119.58
24/04/1998,1107.9
27/04/1998,1086.54
28/04/1998,1085.11
29/04/1998,1094.63
30/04/1998,1111.75
1/05/1998,1121
4/05/1998,1122.07
5/05/1998,1115.5
6/05/1998,1104.92
7/05/1998,1095.14
8/05/1998,1108.14
11/05/1998,1106.64
12/05/1998,1115.79
13/05/1998,1118.86
14/05/1998,1117.37
15/05/1998,1108.73
18/05/1998,1105.82
19/05/1998,1109.52
20/05/1998,1119.06
21/05/1998,1114.64
22/05/1998,1110.47
25/05/1998,1110.47
26/05/1998,1094.02
27/05/1998,1092.23
28/05/1998,1097.6
29/05/1998,1090.82
1/06/1998,1090.98
2/06/1998,1093.22
3/06/1998,1082.73
4/06/1998,1094.83
5/06/1998,1113.86
8/06/1998,1115.72
9/06/1998,1118.41
10/06/1998,1112.28
11/06/1998,1094.58
12/06/1998,1098.84
15/06/1998,1077.01
16/06/1998,1087.59
17/06/1998,1107.11
18/06/1998,1106.37
19/06/1998,1100.65
22/06/1998,1103.21
23/06/1998,1119.49
24/06/1998,1132.88
25/06/1998,1129.28
26/06/1998,1133.2
29/06/1998,1138.49
30/06/1998,1133.84
1/07/1998,1148.56
2/07/1998,1146.42
3/07/1998,1146.42
6/07/1998,1157.33
7/07/1998,1154.66
8/07/1998,1166.38
9/07/1998,1158.56
10/07/1998,1164.33
13/07/1998,1165.19
14/07/1998,1177.58
15/07/1998,1174.81
16/07/1998,1183.99
17/07/1998,1186.75
20/07/1998,1184.1
21/07/1998,1165.07
22/07/1998,1164.08
23/07/1998,1139.75
24/07/1998,1140.8
27/07/1998,1147.27
28/07/1998,1130.24
29/07/1998,1125.21
30/07/1998,1142.95
31/07/1998,1120.67
3/08/1998,1112.44
4/08/1998,1072.12
5/08/1998,1081.43
6/08/1998,1089.63
7/08/1998,1089.45
10/08/1998,1083.14
11/08/1998,1068.98
12/08/1998,1084.22
13/08/1998,1074.91
14/08/1998,1062.75
17/08/1998,1083.67
18/08/1998,1101.2
19/08/1998,1098.06
20/08/1998,1091.6
21/08/1998,1081.24
24/08/1998,1088.14
25/08/1998,1092.85
26/08/1998,1084.19
27/08/1998,1042.59
28/08/1998,1027.14
31/08/1998,957.28
1/09/1998,994.26
2/09/1998,990.47
3/09/1998,982.26
4/09/1998,973.89
7/09/1998,973.89
8/09/1998,1023.46
9/09/1998,1006.2
10/09/1998,980.19
11/09/1998,1009.06
14/09/1998,1029.72
15/09/1998,1037.68
16/09/1998,1045.48
17/09/1998,1018.87
18/09/1998,1020.09
21/09/1998,1023.89
22/09/1998,1029.63
23/09/1998,1066.09
24/09/1998,1042.72
25/09/1998,1044.75
28/09/1998,1048.69
29/09/1998,1049.02
30/09/1998,1017.01
1/10/1998,986.39
2/10/1998,1002.6
5/10/1998,988.56
6/10/1998,984.59
7/10/1998,970.68
8/10/1998,959.44
9/10/1998,984.39
12/10/1998,997.71
13/10/1998,994.8
14/10/1998,1005.53
15/10/1998,1047.49
16/10/1998,1056.42
19/10/1998,1062.39
20/10/1998,1063.93
21/10/1998,1069.92
22/10/1998,1078.48
23/10/1998,1070.67
26/10/1998,1072.32
27/10/1998,1065.34
28/10/1998,1068.09
29/10/1998,1085.93
30/10/1998,1098.67
2/11/1998,1111.6
3/11/1998,1110.84
4/11/1998,1118.67
5/11/1998,1133.85
6/11/1998,1141.01
9/11/1998,1130.2
10/11/1998,1128.26
11/11/1998,1120.97
12/11/1998,1117.69
13/11/1998,1125.72
16/11/1998,1135.87
17/11/1998,1139.32
18/11/1998,1144.48
19/11/1998,1152.61
20/11/1998,1163.55
23/11/1998,1188.21
24/11/1998,1182.99
25/11/1998,1186.87
26/11/1998,1186.87
27/11/1998,1192.33
30/11/1998,1163.63
1/12/1998,1175.28
2/12/1998,1171.25
3/12/1998,1150.14
4/12/1998,1176.74
7/12/1998,1187.7
8/12/1998,1181.38
9/12/1998,1183.49
10/12/1998,1165.02
11/12/1998,1166.46
14/12/1998,1141.2
15/12/1998,1162.83
16/12/1998,1161.94
17/12/1998,1179.98
18/12/1998,1188.03
21/12/1998,1202.84
22/12/1998,1203.57
23/12/1998,1228.54
24/12/1998,1226.27
25/12/1998,1226.27
28/12/1998,1225.49
29/12/1998,1241.81
30/12/1998,1231.93
31/12/1998,1229.23
1/01/1999,1229.23
4/01/1999,1228.1
5/01/1999,1244.78
6/01/1999,1272.34
7/01/1999,1269.73
8/01/1999,1275.09
11/01/1999,1263.88
12/01/1999,1239.51
13/01/1999,1234.4
14/01/1999,1212.19
15/01/1999,1243.26
18/01/1999,1243.26
19/01/1999,1252
20/01/1999,1256.62
21/01/1999,1235.16
22/01/1999,1225.19
25/01/1999,1233.98
26/01/1999,1252.31
27/01/1999,1243.17
28/01/1999,1265.37
29/01/1999,1279.64
1/02/1999,1273
2/02/1999,1261.99
3/02/1999,1272.07
4/02/1999,1248.49
5/02/1999,1239.4
8/02/1999,1243.77
9/02/1999,1216.14
10/02/1999,1223.55
11/02/1999,1254.04
12/02/1999,1230.13
15/02/1999,1230.13
16/02/1999,1241.87
17/02/1999,1224.03
18/02/1999,1237.28
19/02/1999,1239.22
22/02/1999,1272.14
23/02/1999,1271.18
24/02/1999,1253.41
25/02/1999,1245.02
26/02/1999,1238.33
1/03/1999,1236.16
2/03/1999,1225.5
3/03/1999,1227.7
4/03/1999,1246.64
5/03/1999,1275.47
8/03/1999,1282.73
9/03/1999,1279.84
10/03/1999,1286.84
11/03/1999,1297.68
12/03/1999,1294.59
15/03/1999,1307.26
16/03/1999,1306.38
17/03/1999,1297.82
18/03/1999,1316.55
19/03/1999,1299.29
22/03/1999,1297.01
23/03/1999,1262.14
24/03/1999,1268.59
25/03/1999,1289.99
26/03/1999,1282.8
29/03/1999,1310.17
30/03/1999,1300.75
31/03/1999,1286.37
1/04/1999,1293.72
2/04/1999,1293.72
5/04/1999,1321.12
6/04/1999,1317.89
7/04/1999,1326.89
8/04/1999,1343.98
9/04/1999,1348.35
12/04/1999,1358.64
13/04/1999,1349.82
14/04/1999,1328.44
15/04/1999,1322.86
16/04/1999,1319
19/04/1999,1289.48
20/04/1999,1306.17
21/04/1999,1336.12
22/04/1999,1358.82
23/04/1999,1356.85
26/04/1999,1360.04
27/04/1999,1362.8
28/04/1999,1350.91
29/04/1999,1342.83
30/04/1999,1335.18
3/05/1999,1354.63
4/05/1999,1332
5/05/1999,1347.31
6/05/1999,1332.05
7/05/1999,1345
10/05/1999,1340.3
11/05/1999,1355.61
12/05/1999,1364
13/05/1999,1367.56
14/05/1999,1337.8
17/05/1999,1339.49
18/05/1999,1333.32
19/05/1999,1344.23
20/05/1999,1338.83
21/05/1999,1330.29
24/05/1999,1306.65
25/05/1999,1284.4
26/05/1999,1304.76
27/05/1999,1281.41
28/05/1999,1301.84
31/05/1999,1301.84
1/06/1999,1294.26
2/06/1999,1294.81
3/06/1999,1299.54
4/06/1999,1327.75
7/06/1999,1334.52
8/06/1999,1317.33
9/06/1999,1318.64
10/06/1999,1302.82
11/06/1999,1293.64
14/06/1999,1294
15/06/1999,1301.16
16/06/1999,1330.41
17/06/1999,1339.9
18/06/1999,1342.84
21/06/1999,1349
22/06/1999,1335.88
23/06/1999,1333.06
24/06/1999,1315.78
25/06/1999,1315.31
28/06/1999,1331.35
29/06/1999,1351.45
30/06/1999,1372.71
1/07/1999,1380.96
2/07/1999,1391.22
5/07/1999,1391.22
6/07/1999,1388.12
7/07/1999,1395.86
8/07/1999,1394.42
9/07/1999,1403.28
12/07/1999,1399.1
13/07/1999,1393.56
14/07/1999,1398.17
15/07/1999,1409.62
16/07/1999,1418.78
19/07/1999,1407.65
20/07/1999,1377.1
21/07/1999,1379.29
22/07/1999,1360.97
23/07/1999,1356.94
26/07/1999,1347.76
27/07/1999,1362.84
28/07/1999,1365.4
29/07/1999,1341.03
30/07/1999,1328.72
2/08/1999,1328.05
3/08/1999,1322.18
4/08/1999,1305.33
5/08/1999,1313.71
6/08/1999,1300.29
9/08/1999,1297.8
10/08/1999,1281.43
11/08/1999,1301.93
12/08/1999,1298.16
13/08/1999,1327.68
16/08/1999,1330.77
17/08/1999,1344.16
18/08/1999,1332.84
19/08/1999,1323.59
20/08/1999,1336.61
23/08/1999,1360.22
24/08/1999,1363.5
25/08/1999,1381.79
26/08/1999,1362.01
27/08/1999,1348.27
30/08/1999,1324.02
31/08/1999,1320.41
1/09/1999,1331.07
2/09/1999,1319.11
3/09/1999,1357.24
6/09/1999,1357.24
7/09/1999,1350.45
8/09/1999,1344.15
9/09/1999,1347.66
10/09/1999,1351.66
13/09/1999,1344.13
14/09/1999,1336.29
15/09/1999,1317.97
16/09/1999,1318.48
17/09/1999,1335.42
20/09/1999,1335.53
21/09/1999,1307.58
22/09/1999,1310.51
23/09/1999,1280.41
24/09/1999,1277.36
27/09/1999,1283.31
28/09/1999,1282.2
29/09/1999,1268.37
30/09/1999,1282.71
1/10/1999,1282.81
4/10/1999,1304.6
5/10/1999,1301.35
6/10/1999,1325.4
7/10/1999,1317.64
8/10/1999,1336.02
11/10/1999,1335.21
12/10/1999,1313.04
13/10/1999,1285.55
14/10/1999,1283.42
15/10/1999,1247.41
18/10/1999,1254.13
19/10/1999,1261.32
20/10/1999,1289.43
21/10/1999,1283.61
22/10/1999,1301.65
25/10/1999,1293.63
26/10/1999,1281.91
27/10/1999,1296.71
28/10/1999,1342.44
29/10/1999,1362.93
1/11/1999,1354.12
2/11/1999,1347.74
3/11/1999,1354.93
4/11/1999,1362.64
5/11/1999,1370.23
8/11/1999,1377.01
9/11/1999,1365.28
10/11/1999,1373.46
11/11/1999,1381.46
12/11/1999,1396.06
15/11/1999,1394.39
16/11/1999,1420.07
17/11/1999,1410.71
18/11/1999,1424.94
19/11/1999,1422
22/11/1999,1420.94
23/11/1999,1404.64
24/11/1999,1417.08
25/11/1999,1417.08
26/11/1999,1416.62
29/11/1999,1407.83
30/11/1999,1388.91
1/12/1999,1397.72
2/12/1999,1409.04
3/12/1999,1433.3
6/12/1999,1423.33
7/12/1999,1409.17
8/12/1999,1403.88
9/12/1999,1408.11
10/12/1999,1417.04
13/12/1999,1415.22
14/12/1999,1403.17
15/12/1999,1413.32
16/12/1999,1418.78
17/12/1999,1421.03
20/12/1999,1418.09
21/12/1999,1433.43
22/12/1999,1436.13
23/12/1999,1458.34
24/12/1999,1458.34
27/12/1999,1457.1
28/12/1999,1457.66
29/12/1999,1463.46
30/12/1999,1464.47
31/12/1999,1469.25
3/01/2000,1455.22
4/01/2000,1399.42
5/01/2000,1402.11
6/01/2000,1403.45
7/01/2000,1441.47
10/01/2000,1457.6
11/01/2000,1438.56
12/01/2000,1432.25
13/01/2000,1449.68
14/01/2000,1465.15
17/01/2000,1465.15
18/01/2000,1455.14
19/01/2000,1455.9
20/01/2000,1445.57
21/01/2000,1441.36
24/01/2000,1401.53
25/01/2000,1410.03
26/01/2000,1404.09
27/01/2000,1398.56
28/01/2000,1360.16
31/01/2000,1394.46
1/02/2000,1409.28
2/02/2000,1409.12
3/02/2000,1424.97
4/02/2000,1424.37
7/02/2000,1424.24
8/02/2000,1441.72
9/02/2000,1411.7
10/02/2000,1416.83
11/02/2000,1387.12
14/02/2000,1389.94
15/02/2000,1402.05
16/02/2000,1387.67
17/02/2000,1388.26
18/02/2000,1346.09
21/02/2000,1346.09
22/02/2000,1352.17
23/02/2000,1360.69
24/02/2000,1353.43
25/02/2000,1333.36
28/02/2000,1348.05
29/02/2000,1366.42
1/03/2000,1379.19
2/03/2000,1381.76
3/03/2000,1409.17
6/03/2000,1391.28
7/03/2000,1355.62
8/03/2000,1366.7
9/03/2000,1401.69
10/03/2000,1395.07
13/03/2000,1383.62
14/03/2000,1359.15
15/03/2000,1392.15
16/03/2000,1458.47
17/03/2000,1464.47
20/03/2000,1456.63
21/03/2000,1493.87
22/03/2000,1500.64
23/03/2000,1527.35
24/03/2000,1527.46
27/03/2000,1523.86
28/03/2000,1507.73
29/03/2000,1508.52
30/03/2000,1487.92
31/03/2000,1498.58
3/04/2000,1505.97
4/04/2000,1494.73
5/04/2000,1487.37
6/04/2000,1501.34
7/04/2000,1516.35
10/04/2000,1504.46
11/04/2000,1500.59
12/04/2000,1467.17
13/04/2000,1440.51
14/04/2000,1356.56
17/04/2000,1401.44
18/04/2000,1441.61
19/04/2000,1427.47
20/04/2000,1434.54
21/04/2000,1434.54
24/04/2000,1429.86
25/04/2000,1477.44
26/04/2000,1460.99
27/04/2000,1464.92
28/04/2000,1452.43
1/05/2000,1468.25
2/05/2000,1446.29
3/05/2000,1415.1
4/05/2000,1409.57
5/05/2000,1432.63
8/05/2000,1424.17
9/05/2000,1412.14
10/05/2000,1383.05
11/05/2000,1407.81
12/05/2000,1420.96
15/05/2000,1452.36
16/05/2000,1466.04
17/05/2000,1447.8
18/05/2000,1437.21
19/05/2000,1406.95
22/05/2000,1400.72
23/05/2000,1373.86
24/05/2000,1399.05
25/05/2000,1381.52
26/05/2000,1378.02
29/05/2000,1378.02
30/05/2000,1422.45
31/05/2000,1420.6
1/06/2000,1448.81
2/06/2000,1477.26
5/06/2000,1467.63
6/06/2000,1457.84
7/06/2000,1471.36
8/06/2000,1461.67
9/06/2000,1456.95
12/06/2000,1446
13/06/2000,1469.44
14/06/2000,1470.54
15/06/2000,1478.73
16/06/2000,1464.46
19/06/2000,1486
20/06/2000,1475.95
21/06/2000,1479.13
22/06/2000,1452.18
23/06/2000,1441.48
26/06/2000,1455.31
27/06/2000,1450.55
28/06/2000,1454.82
29/06/2000,1442.39
30/06/2000,1454.6
3/07/2000,1469.54
4/07/2000,1469.54
5/07/2000,1446.23
6/07/2000,1456.67
7/07/2000,1478.9
10/07/2000,1475.62
11/07/2000,1480.88
12/07/2000,1492.92
13/07/2000,1495.84
14/07/2000,1509.98
17/07/2000,1510.49
18/07/2000,1493.74
19/07/2000,1481.96
20/07/2000,1495.57
21/07/2000,1480.19
24/07/2000,1464.29
25/07/2000,1474.47
26/07/2000,1452.42
27/07/2000,1449.62
28/07/2000,1419.89
31/07/2000,1430.83
1/08/2000,1438.1
2/08/2000,1438.7
3/08/2000,1452.56
4/08/2000,1462.93
7/08/2000,1479.32
8/08/2000,1482.8
9/08/2000,1472.87
10/08/2000,1460.25
11/08/2000,1471.84
14/08/2000,1491.56
15/08/2000,1484.43
16/08/2000,1479.85
17/08/2000,1496.07
18/08/2000,1491.72
21/08/2000,1499.48
22/08/2000,1498.13
23/08/2000,1505.97
24/08/2000,1508.31
25/08/2000,1506.45
28/08/2000,1514.09
29/08/2000,1509.84
30/08/2000,1502.59
31/08/2000,1517.68
1/09/2000,1520.77
4/09/2000,1520.77
5/09/2000,1507.08
6/09/2000,1492.25
7/09/2000,1502.51
8/09/2000,1494.5
11/09/2000,1489.26
12/09/2000,1481.99
13/09/2000,1484.91
14/09/2000,1480.87
15/09/2000,1465.81
18/09/2000,1444.51
19/09/2000,1459.9
20/09/2000,1451.34
21/09/2000,1449.05
22/09/2000,1448.72
25/09/2000,1439.03
26/09/2000,1427.21
27/09/2000,1426.57
28/09/2000,1458.29
29/09/2000,1436.51
2/10/2000,1436.23
3/10/2000,1426.46
4/10/2000,1434.32
5/10/2000,1436.28
6/10/2000,1408.99
9/10/2000,1402.03
10/10/2000,1387.02
11/10/2000,1364.59
12/10/2000,1329.78
13/10/2000,1374.17
16/10/2000,1374.62
17/10/2000,1349.97
18/10/2000,1342.13
19/10/2000,1388.76
20/10/2000,1396.93
23/10/2000,1395.78
24/10/2000,1398.13
25/10/2000,1364.9
26/10/2000,1364.44
27/10/2000,1379.58
30/10/2000,1398.66
31/10/2000,1429.4
1/11/2000,1421.22
2/11/2000,1428.32
3/11/2000,1426.69
6/11/2000,1432.19
7/11/2000,1431.87
8/11/2000,1409.28
9/11/2000,1400.14
10/11/2000,1365.98
13/11/2000,1351.26
14/11/2000,1382.95
15/11/2000,1389.81
16/11/2000,1372.32
17/11/2000,1367.72
20/11/2000,1342.62
21/11/2000,1347.35
22/11/2000,1322.36
23/11/2000,1322.36
24/11/2000,1341.77
27/11/2000,1348.97
28/11/2000,1336.09
29/11/2000,1341.91
30/11/2000,1314.95
1/12/2000,1315.23
4/12/2000,1324.97
5/12/2000,1376.54
6/12/2000,1351.46
7/12/2000,1343.55
8/12/2000,1369.89
11/12/2000,1380.2
12/12/2000,1371.18
13/12/2000,1359.99
14/12/2000,1340.93
15/12/2000,1312.15
18/12/2000,1322.74
19/12/2000,1305.6
20/12/2000,1264.74
21/12/2000,1274.86
22/12/2000,1305.97
25/12/2000,1305.97
26/12/2000,1315.19
27/12/2000,1328.92
28/12/2000,1334.22
29/12/2000,1320.28
1/01/2001,1320.28
2/01/2001,1283.27
3/01/2001,1347.56
4/01/2001,1333.34
5/01/2001,1298.35
8/01/2001,1295.86
9/01/2001,1300.8
10/01/2001,1313.27
11/01/2001,1326.82
12/01/2001,1318.32
15/01/2001,1318.32
16/01/2001,1326.65
17/01/2001,1329.47
18/01/2001,1347.97
19/01/2001,1342.54
22/01/2001,1342.9
23/01/2001,1360.4
24/01/2001,1364.3
25/01/2001,1357.51
26/01/2001,1354.95
29/01/2001,1364.17
30/01/2001,1373.73
31/01/2001,1366.01
1/02/2001,1373.47
2/02/2001,1349.47
5/02/2001,1354.31
6/02/2001,1352.26
7/02/2001,1340.89
8/02/2001,1332.53
9/02/2001,1314.76
12/02/2001,1330.31
13/02/2001,1318.8
14/02/2001,1315.92
15/02/2001,1326.61
16/02/2001,1301.53
19/02/2001,1301.53
20/02/2001,1278.94
21/02/2001,1255.27
22/02/2001,1252.82
23/02/2001,1245.86
26/02/2001,1267.65
27/02/2001,1257.94
28/02/2001,1239.94
1/03/2001,1241.23
2/03/2001,1234.18
5/03/2001,1241.41
6/03/2001,1253.8
7/03/2001,1261.89
8/03/2001,1264.74
9/03/2001,1233.42
12/03/2001,1180.16
13/03/2001,1197.66
14/03/2001,1166.71
15/03/2001,1173.56
16/03/2001,1150.53
19/03/2001,1170.81
20/03/2001,1142.62
21/03/2001,1122.14
22/03/2001,1117.58
23/03/2001,1139.83
26/03/2001,1152.69
27/03/2001,1182.17
28/03/2001,1153.29
29/03/2001,1147.95
30/03/2001,1160.33
2/04/2001,1145.87
3/04/2001,1106.46
4/04/2001,1103.25
5/04/2001,1151.44
6/04/2001,1128.43
9/04/2001,1137.59
10/04/2001,1168.38
11/04/2001,1165.89
12/04/2001,1183.5
13/04/2001,1183.5
16/04/2001,1179.68
17/04/2001,1191.81
18/04/2001,1238.16
19/04/2001,1253.7
20/04/2001,1242.98
23/04/2001,1224.36
24/04/2001,1209.47
25/04/2001,1228.75
26/04/2001,1234.52
27/04/2001,1253.05
30/04/2001,1249.46
1/05/2001,1266.44
2/05/2001,1267.43
3/05/2001,1248.58
4/05/2001,1266.61
7/05/2001,1263.51
8/05/2001,1261.2
9/05/2001,1255.54
10/05/2001,1255.18
11/05/2001,1245.67
14/05/2001,1248.92
15/05/2001,1249.44
16/05/2001,1284.99
17/05/2001,1288.49
18/05/2001,1291.96
21/05/2001,1312.83
22/05/2001,1309.38
23/05/2001,1289.05
24/05/2001,1293.17
25/05/2001,1277.89
28/05/2001,1277.89
29/05/2001,1267.93
30/05/2001,1248.08
31/05/2001,1255.82
1/06/2001,1260.67
4/06/2001,1267.11
5/06/2001,1283.57
6/06/2001,1270.03
7/06/2001,1276.96
8/06/2001,1264.96
11/06/2001,1254.39
12/06/2001,1255.85
13/06/2001,1241.6
14/06/2001,1219.87
15/06/2001,1214.36
18/06/2001,1208.43
19/06/2001,1212.58
20/06/2001,1223.14
21/06/2001,1237.04
22/06/2001,1225.35
25/06/2001,1218.6
26/06/2001,1216.76
27/06/2001,1211.07
28/06/2001,1226.2
29/06/2001,1224.42
2/07/2001,1236.71
3/07/2001,1234.45
4/07/2001,1234.45
5/07/2001,1219.24
6/07/2001,1190.59
9/07/2001,1198.78
10/07/2001,1181.52
11/07/2001,1180.18
12/07/2001,1208.14
13/07/2001,1215.68
16/07/2001,1202.45
17/07/2001,1214.44
18/07/2001,1207.71
19/07/2001,1215.02
20/07/2001,1210.85
23/07/2001,1191.03
24/07/2001,1171.65
25/07/2001,1190.49
26/07/2001,1202.93
27/07/2001,1205.82
30/07/2001,1204.52
31/07/2001,1211.23
1/08/2001,1215.93
2/08/2001,1220.75
3/08/2001,1214.35
6/08/2001,1200.48
7/08/2001,1204.4
8/08/2001,1183.53
9/08/2001,1183.43
10/08/2001,1190.16
13/08/2001,1191.29
14/08/2001,1186.73
15/08/2001,1178.02
16/08/2001,1181.66
17/08/2001,1161.97
20/08/2001,1171.41
21/08/2001,1157.26
22/08/2001,1165.31
23/08/2001,1162.09
24/08/2001,1184.93
27/08/2001,1179.21
28/08/2001,1161.51
29/08/2001,1148.6
30/08/2001,1129.03
31/08/2001,1133.58
3/09/2001,1133.58
4/09/2001,1132.94
5/09/2001,1131.74
6/09/2001,1106.4
7/09/2001,1085.78
10/09/2001,1092.54
11/09/2001,1092.54
12/09/2001,1092.54
13/09/2001,1092.54
14/09/2001,1092.54
17/09/2001,1038.77
18/09/2001,1032.74
19/09/2001,1016.1
20/09/2001,984.54
21/09/2001,965.8
24/09/2001,1003.45
25/09/2001,1012.27
26/09/2001,1007.04
27/09/2001,1018.61
28/09/2001,1040.94
1/10/2001,1038.55
2/10/2001,1051.33
3/10/2001,1072.28
4/10/2001,1069.63
5/10/2001,1071.38
8/10/2001,1062.44
9/10/2001,1056.75
10/10/2001,1080.99
11/10/2001,1097.43
12/10/2001,1091.65
15/10/2001,1089.98
16/10/2001,1097.54
17/10/2001,1077.09
18/10/2001,1068.61
19/10/2001,1073.48
22/10/2001,1089.9
23/10/2001,1084.78
24/10/2001,1085.2
25/10/2001,1100.09
26/10/2001,1104.61
29/10/2001,1078.3
30/10/2001,1059.79
31/10/2001,1059.78
1/11/2001,1084.1
2/11/2001,1087.2
5/11/2001,1102.84
6/11/2001,1118.86
7/11/2001,1115.8
8/11/2001,1118.54
9/11/2001,1120.31
12/11/2001,1118.33
13/11/2001,1139.09
14/11/2001,1141.21
15/11/2001,1142.24
16/11/2001,1138.65
19/11/2001,1151.06
20/11/2001,1142.66
21/11/2001,1137.03
22/11/2001,1137.03
23/11/2001,1150.34
26/11/2001,1157.42
27/11/2001,1149.5
28/11/2001,1128.52
29/11/2001,1140.2
30/11/2001,1139.45
3/12/2001,1129.9
4/12/2001,1144.8
5/12/2001,1170.35
6/12/2001,1167.1
7/12/2001,1158.31
10/12/2001,1139.93
11/12/2001,1136.76
12/12/2001,1137.07
13/12/2001,1119.38
14/12/2001,1123.09
17/12/2001,1134.36
18/12/2001,1142.92
19/12/2001,1149.56
20/12/2001,1139.93
21/12/2001,1144.89
24/12/2001,1144.65
25/12/2001,1144.65
26/12/2001,1149.37
27/12/2001,1157.13
28/12/2001,1161.02
31/12/2001,1148.08
1/01/2002,1148.08
2/01/2002,1154.67
3/01/2002,1165.27
4/01/2002,1172.51
7/01/2002,1164.89
8/01/2002,1160.71
9/01/2002,1155.14
10/01/2002,1156.55
11/01/2002,1145.6
14/01/2002,1138.41
15/01/2002,1146.19
16/01/2002,1127.57
17/01/2002,1138.88
18/01/2002,1127.58
21/01/2002,1127.58
22/01/2002,1119.31
23/01/2002,1128.18
24/01/2002,1132.15
25/01/2002,1133.28
28/01/2002,1133.06
29/01/2002,1100.64
30/01/2002,1113.57
31/01/2002,1130.2
1/02/2002,1122.2
4/02/2002,1094.44
5/02/2002,1090.02
6/02/2002,1083.51
7/02/2002,1080.17
8/02/2002,1096.22
11/02/2002,1111.94
12/02/2002,1107.5
13/02/2002,1118.51
14/02/2002,1116.48
15/02/2002,1104.18
18/02/2002,1104.18
19/02/2002,1083.34
20/02/2002,1097.98
21/02/2002,1080.95
22/02/2002,1089.84
25/02/2002,1109.43
26/02/2002,1109.38
27/02/2002,1109.89
28/02/2002,1106.73
1/03/2002,1131.78
4/03/2002,1153.84
5/03/2002,1146.14
6/03/2002,1162.77
7/03/2002,1157.54
8/03/2002,1164.31
11/03/2002,1168.26
12/03/2002,1165.58
13/03/2002,1154.09
14/03/2002,1153.04
15/03/2002,1166.16
18/03/2002,1165.55
19/03/2002,1170.29
20/03/2002,1151.85
21/03/2002,1153.59
22/03/2002,1148.7
25/03/2002,1131.87
26/03/2002,1138.49
27/03/2002,1144.58
28/03/2002,1147.39
29/03/2002,1147.39
1/04/2002,1146.54
2/04/2002,1136.76
3/04/2002,1125.4
4/04/2002,1126.34
5/04/2002,1122.73
8/04/2002,1125.29
9/04/2002,1117.8
10/04/2002,1130.47
11/04/2002,1103.69
12/04/2002,1111.01
15/04/2002,1102.55
16/04/2002,1128.37
17/04/2002,1126.07
18/04/2002,1124.47
19/04/2002,1125.17
22/04/2002,1107.83
23/04/2002,1100.96
24/04/2002,1093.14
25/04/2002,1091.48
26/04/2002,1076.32
29/04/2002,1065.45
30/04/2002,1076.92
1/05/2002,1086.46
2/05/2002,1084.56
3/05/2002,1073.43
6/05/2002,1052.67
7/05/2002,1049.49
8/05/2002,1088.85
9/05/2002,1073.01
10/05/2002,1054.99
13/05/2002,1074.56
14/05/2002,1097.28
15/05/2002,1091.07
16/05/2002,1098.23
17/05/2002,1106.59
20/05/2002,1091.88
21/05/2002,1079.88
22/05/2002,1086.02
23/05/2002,1097.08
24/05/2002,1083.82
27/05/2002,1083.82
28/05/2002,1074.55
29/05/2002,1067.66
30/05/2002,1064.66
31/05/2002,1067.14
3/06/2002,1040.68
4/06/2002,1040.69
5/06/2002,1049.9
6/06/2002,1029.15
7/06/2002,1027.53
10/06/2002,1030.74
11/06/2002,1013.6
12/06/2002,1020.26
13/06/2002,1009.56
14/06/2002,1007.27
17/06/2002,1036.17
18/06/2002,1037.14
19/06/2002,1019.99
20/06/2002,1006.29
21/06/2002,989.14
24/06/2002,992.72
25/06/2002,976.14
26/06/2002,973.53
27/06/2002,990.64
28/06/2002,989.81
1/07/2002,968.65
2/07/2002,948.09
3/07/2002,953.99
4/07/2002,953.99
5/07/2002,989.03
8/07/2002,976.98
9/07/2002,952.83
10/07/2002,920.47
11/07/2002,927.37
12/07/2002,921.39
15/07/2002,917.93
16/07/2002,901.05
17/07/2002,906.04
18/07/2002,881.56
19/07/2002,847.76
22/07/2002,819.85
23/07/2002,797.7
24/07/2002,843.42
25/07/2002,838.68
26/07/2002,852.84
29/07/2002,898.96
30/07/2002,902.78
31/07/2002,911.62
1/08/2002,884.66
2/08/2002,864.24
5/08/2002,834.6
6/08/2002,859.57
7/08/2002,876.77
8/08/2002,905.46
9/08/2002,908.64
12/08/2002,903.8
13/08/2002,884.21
14/08/2002,919.62
15/08/2002,930.25
16/08/2002,928.77
19/08/2002,950.72
20/08/2002,937.43
21/08/2002,949.36
22/08/2002,962.7
23/08/2002,940.86
26/08/2002,947.95
27/08/2002,934.82
28/08/2002,917.87
29/08/2002,917.8
30/08/2002,916.07
2/09/2002,916.07
3/09/2002,878.02
4/09/2002,893.4
5/09/2002,879.15
6/09/2002,893.92
9/09/2002,902.96
10/09/2002,909.58
11/09/2002,909.45
12/09/2002,886.91
13/09/2002,889.81
16/09/2002,891.1
17/09/2002,873.52
18/09/2002,869.46
19/09/2002,843.32
20/09/2002,845.39
23/09/2002,833.7
24/09/2002,819.29
25/09/2002,839.66
26/09/2002,854.95
27/09/2002,827.37
30/09/2002,815.28
1/10/2002,847.91
2/10/2002,827.91
3/10/2002,818.95
4/10/2002,800.58
7/10/2002,785.28
8/10/2002,798.55
9/10/2002,776.76
10/10/2002,803.92
11/10/2002,835.32
14/10/2002,841.44
15/10/2002,881.27
16/10/2002,860.02
17/10/2002,879.2
18/10/2002,884.39
21/10/2002,899.72
22/10/2002,890.16
23/10/2002,896.14
24/10/2002,882.5
25/10/2002,897.65
28/10/2002,890.23
29/10/2002,882.15
30/10/2002,890.71
31/10/2002,885.76
1/11/2002,900.96
4/11/2002,908.35
5/11/2002,915.39
6/11/2002,923.76
7/11/2002,902.65
8/11/2002,894.74
11/11/2002,876.19
12/11/2002,882.95
13/11/2002,882.53
14/11/2002,904.27
15/11/2002,909.83
18/11/2002,900.36
19/11/2002,896.74
20/11/2002,914.15
21/11/2002,933.76
22/11/2002,930.55
25/11/2002,932.88
26/11/2002,913.31
27/11/2002,938.87
28/11/2002,938.87
29/11/2002,936.31
2/12/2002,934.53
3/12/2002,920.75
4/12/2002,917.57
5/12/2002,906.55
6/12/2002,912.23
9/12/2002,892
10/12/2002,904.45
11/12/2002,904.96
12/12/2002,901.59
13/12/2002,889.48
16/12/2002,910.4
17/12/2002,902.99
18/12/2002,891.12
19/12/2002,884.25
20/12/2002,895.75
23/12/2002,897.38
24/12/2002,892.47
25/12/2002,892.47
26/12/2002,889.66
27/12/2002,875.4
30/12/2002,879.39
31/12/2002,879.82
1/01/2003,879.82
2/01/2003,909.03
3/01/2003,908.59
6/01/2003,929.01
7/01/2003,922.93
8/01/2003,909.93
9/01/2003,927.58
10/01/2003,927.57
13/01/2003,926.26
14/01/2003,931.66
15/01/2003,918.22
16/01/2003,914.6
17/01/2003,901.78
20/01/2003,901.78
21/01/2003,887.62
22/01/2003,878.36
23/01/2003,887.34
24/01/2003,861.4
27/01/2003,847.48
28/01/2003,858.54
29/01/2003,864.36
30/01/2003,844.61
31/01/2003,855.7
3/02/2003,860.32
4/02/2003,848.2
5/02/2003,843.59
6/02/2003,838.15
7/02/2003,829.69
10/02/2003,835.97
11/02/2003,829.2
12/02/2003,818.68
13/02/2003,817.37
14/02/2003,834.89
17/02/2003,834.89
18/02/2003,851.17
19/02/2003,845.13
20/02/2003,837.1
21/02/2003,848.17
24/02/2003,832.58
25/02/2003,838.57
26/02/2003,827.55
27/02/2003,837.28
28/02/2003,841.15
3/03/2003,834.81
4/03/2003,821.99
5/03/2003,829.85
6/03/2003,822.1
7/03/2003,828.89
10/03/2003,807.48
11/03/2003,800.73
12/03/2003,804.19
13/03/2003,831.9
14/03/2003,833.27
17/03/2003,862.79
18/03/2003,866.45
19/03/2003,874.02
20/03/2003,875.67
21/03/2003,895.79
24/03/2003,864.23
25/03/2003,874.74
26/03/2003,869.95
27/03/2003,868.52
28/03/2003,863.5
31/03/2003,848.18
1/04/2003,858.48
2/04/2003,880.9
3/04/2003,876.45
4/04/2003,878.85
7/04/2003,879.93
8/04/2003,878.29
9/04/2003,865.99
10/04/2003,871.58
11/04/2003,868.3
14/04/2003,885.23
15/04/2003,890.81
16/04/2003,879.91
17/04/2003,893.58
18/04/2003,893.58
21/04/2003,892.01
22/04/2003,911.37
23/04/2003,919.02
24/04/2003,911.43
25/04/2003,898.81
28/04/2003,914.84
29/04/2003,917.84
30/04/2003,916.92
1/05/2003,916.3
2/05/2003,930.08
5/05/2003,926.55
6/05/2003,934.39
7/05/2003,929.62
8/05/2003,920.27
9/05/2003,933.41
12/05/2003,945.11
13/05/2003,942.3
14/05/2003,939.28
15/05/2003,946.67
16/05/2003,944.3
19/05/2003,920.77
20/05/2003,919.73
21/05/2003,923.42
22/05/2003,931.87
23/05/2003,933.22
26/05/2003,933.22
27/05/2003,951.48
28/05/2003,953.22
29/05/2003,949.64
30/05/2003,963.59
2/06/2003,967
3/06/2003,971.56
4/06/2003,986.24
5/06/2003,990.14
6/06/2003,987.76
9/06/2003,975.93
10/06/2003,984.84
11/06/2003,997.48
12/06/2003,998.51
13/06/2003,988.61
16/06/2003,1010.74
17/06/2003,1011.66
18/06/2003,1010.09
19/06/2003,994.7
20/06/2003,995.69
23/06/2003,981.64
24/06/2003,983.45
25/06/2003,975.32
26/06/2003,985.82
27/06/2003,976.22
30/06/2003,974.5
1/07/2003,982.32
2/07/2003,993.75
3/07/2003,985.7
4/07/2003,985.7
7/07/2003,1004.42
8/07/2003,1007.84
9/07/2003,1002.21
10/07/2003,988.7
11/07/2003,998.14
14/07/2003,1003.86
15/07/2003,1000.42
16/07/2003,994
17/07/2003,981.73
18/07/2003,993.32
21/07/2003,978.8
22/07/2003,988.11
23/07/2003,988.61
24/07/2003,981.6
25/07/2003,998.68
28/07/2003,996.52
29/07/2003,989.28
30/07/2003,987.49
31/07/2003,990.31
1/08/2003,980.15
4/08/2003,982.82
5/08/2003,965.46
6/08/2003,967.08
7/08/2003,974.12
8/08/2003,977.59
11/08/2003,980.59
12/08/2003,990.35
13/08/2003,984.03
14/08/2003,990.51
15/08/2003,990.67
18/08/2003,999.74
19/08/2003,1002.35
20/08/2003,1000.3
21/08/2003,1003.27
22/08/2003,993.06
25/08/2003,993.71
26/08/2003,996.73
27/08/2003,996.79
28/08/2003,1002.84
29/08/2003,1008.01
1/09/2003,1008.01
2/09/2003,1021.99
3/09/2003,1026.27
4/09/2003,1027.97
5/09/2003,1021.39
8/09/2003,1031.64
9/09/2003,1023.17
10/09/2003,1010.92
11/09/2003,1016.42
12/09/2003,1018.63
15/09/2003,1014.81
16/09/2003,1029.32
17/09/2003,1025.97
18/09/2003,1039.58
19/09/2003,1036.3
22/09/2003,1022.82
23/09/2003,1029.03
24/09/2003,1009.38
25/09/2003,1003.27
26/09/2003,996.85
29/09/2003,1006.58
30/09/2003,995.97
1/10/2003,1018.22
2/10/2003,1020.24
3/10/2003,1029.85
6/10/2003,1034.35
7/10/2003,1039.25
8/10/2003,1033.78
9/10/2003,1038.73
10/10/2003,1038.06
13/10/2003,1045.35
14/10/2003,1049.48
15/10/2003,1046.76
16/10/2003,1050.07
17/10/2003,1039.32
20/10/2003,1044.68
21/10/2003,1046.03
22/10/2003,1030.36
23/10/2003,1033.77
24/10/2003,1028.91
27/10/2003,1031.13
28/10/2003,1046.79
29/10/2003,1048.11
30/10/2003,1046.94
31/10/2003,1050.71
3/11/2003,1059.02
4/11/2003,1053.25
5/11/2003,1051.81
6/11/2003,1058.05
7/11/2003,1053.21
10/11/2003,1047.11
11/11/2003,1046.57
12/11/2003,1058.56
13/11/2003,1058.41
14/11/2003,1050.35
17/11/2003,1043.63
18/11/2003,1034.15
19/11/2003,1042.44
20/11/2003,1033.65
21/11/2003,1035.28
24/11/2003,1052.08
25/11/2003,1053.89
26/11/2003,1058.45
27/11/2003,1058.45
28/11/2003,1058.2
1/12/2003,1070.12
2/12/2003,1066.62
3/12/2003,1064.73
4/12/2003,1069.72
5/12/2003,1061.5
8/12/2003,1069.3
9/12/2003,1060.18
10/12/2003,1059.05
11/12/2003,1071.21
12/12/2003,1074.14
15/12/2003,1068.04
16/12/2003,1075.13
17/12/2003,1076.48
18/12/2003,1089.18
19/12/2003,1088.67
22/12/2003,1092.94
23/12/2003,1096.02
24/12/2003,1094.04
25/12/2003,1094.04
26/12/2003,1095.89
29/12/2003,1109.48
30/12/2003,1109.64
31/12/2003,1111.92
1/01/2004,1111.92
2/01/2004,1108.48
5/01/2004,1122.22
6/01/2004,1123.67
7/01/2004,1126.33
8/01/2004,1131.92
9/01/2004,1121.86
12/01/2004,1127.23
13/01/2004,1121.22
14/01/2004,1130.52
15/01/2004,1132.05
16/01/2004,1139.83
19/01/2004,1139.83
20/01/2004,1138.77
21/01/2004,1147.62
22/01/2004,1143.94
23/01/2004,1141.55
26/01/2004,1155.37
27/01/2004,1144.05
28/01/2004,1128.48
29/01/2004,1134.11
30/01/2004,1131.13
2/02/2004,1135.26
3/02/2004,1136.03
4/02/2004,1126.52
5/02/2004,1128.59
6/02/2004,1142.76
9/02/2004,1139.81
10/02/2004,1145.54
11/02/2004,1157.76
12/02/2004,1152.11
13/02/2004,1145.81
16/02/2004,1145.81
17/02/2004,1156.99
18/02/2004,1151.82
19/02/2004,1147.06
20/02/2004,1144.11
23/02/2004,1140.99
24/02/2004,1139.09
25/02/2004,1143.67
26/02/2004,1144.91
27/02/2004,1144.94
1/03/2004,1155.96
2/03/2004,1149.1
3/03/2004,1151.04
4/03/2004,1154.88
5/03/2004,1156.87
8/03/2004,1147.21
9/03/2004,1140.58
10/03/2004,1123.89
11/03/2004,1106.78
12/03/2004,1120.57
15/03/2004,1104.49
16/03/2004,1110.7
17/03/2004,1123.75
18/03/2004,1122.32
19/03/2004,1109.78
22/03/2004,1095.4
23/03/2004,1093.95
24/03/2004,1091.33
25/03/2004,1109.19
26/03/2004,1108.06
29/03/2004,1122.47
30/03/2004,1127
31/03/2004,1126.21
1/04/2004,1132.17
2/04/2004,1141.81
5/04/2004,1150.57
6/04/2004,1148.16
7/04/2004,1140.53
8/04/2004,1139.32
9/04/2004,1139.32
12/04/2004,1145.2
13/04/2004,1129.44
14/04/2004,1128.17
15/04/2004,1128.84
16/04/2004,1134.61
19/04/2004,1135.82
20/04/2004,1118.15
21/04/2004,1124.09
22/04/2004,1139.93
23/04/2004,1140.6
26/04/2004,1135.53
27/04/2004,1138.11
28/04/2004,1122.41
29/04/2004,1113.89
30/04/2004,1107.3
3/05/2004,1117.49
4/05/2004,1119.55
5/05/2004,1121.53
6/05/2004,1113.99
7/05/2004,1098.7
10/05/2004,1087.12
11/05/2004,1095.45
12/05/2004,1097.28
13/05/2004,1096.44
14/05/2004,1095.7
17/05/2004,1084.1
18/05/2004,1091.49
19/05/2004,1088.68
20/05/2004,1089.19
21/05/2004,1093.56
24/05/2004,1095.41
25/05/2004,1113.05
26/05/2004,1114.94
27/05/2004,1121.28
28/05/2004,1120.68
31/05/2004,1120.68
1/06/2004,1121.2
2/06/2004,1124.99
3/06/2004,1116.64
4/06/2004,1122.5
7/06/2004,1140.42
8/06/2004,1142.18
9/06/2004,1131.33
10/06/2004,1136.47
11/06/2004,1136.47
14/06/2004,1125.29
15/06/2004,1132.01
16/06/2004,1133.56
17/06/2004,1132.05
18/06/2004,1135.02
21/06/2004,1130.3
22/06/2004,1134.41
23/06/2004,1144.06
24/06/2004,1140.65
25/06/2004,1134.43
28/06/2004,1133.35
29/06/2004,1136.2
30/06/2004,1140.84
1/07/2004,1128.94
2/07/2004,1125.38
5/07/2004,1125.38
6/07/2004,1116.21
7/07/2004,1118.33
8/07/2004,1109.11
9/07/2004,1112.81
12/07/2004,1114.35
13/07/2004,1115.14
14/07/2004,1111.47
15/07/2004,1106.69
16/07/2004,1101.39
19/07/2004,1100.9
20/07/2004,1108.67
21/07/2004,1093.88
22/07/2004,1096.84
23/07/2004,1086.2
26/07/2004,1084.07
27/07/2004,1094.83
28/07/2004,1095.42
29/07/2004,1100.43
30/07/2004,1101.72
2/08/2004,1106.62
3/08/2004,1099.69
4/08/2004,1098.63
5/08/2004,1080.7
6/08/2004,1063.97
9/08/2004,1065.22
10/08/2004,1079.04
11/08/2004,1075.79
12/08/2004,1063.23
13/08/2004,1064.8
16/08/2004,1079.34
17/08/2004,1081.71
18/08/2004,1095.17
19/08/2004,1091.23
20/08/2004,1098.35
23/08/2004,1095.68
24/08/2004,1096.19
25/08/2004,1104.96
26/08/2004,1105.09
27/08/2004,1107.77
30/08/2004,1099.15
31/08/2004,1104.24
1/09/2004,1105.91
2/09/2004,1118.31
3/09/2004,1113.63
6/09/2004,1113.63
7/09/2004,1121.3
8/09/2004,1116.27
9/09/2004,1118.38
10/09/2004,1123.92
13/09/2004,1125.82
14/09/2004,1128.33
15/09/2004,1120.37
16/09/2004,1123.5
17/09/2004,1128.55
20/09/2004,1122.2
21/09/2004,1129.3
22/09/2004,1113.56
23/09/2004,1108.36
24/09/2004,1110.11
27/09/2004,1103.52
28/09/2004,1110.06
29/09/2004,1114.8
30/09/2004,1114.58
1/10/2004,1131.5
4/10/2004,1135.17
5/10/2004,1134.48
6/10/2004,1142.05
7/10/2004,1130.65
8/10/2004,1122.14
11/10/2004,1124.39
12/10/2004,1121.84
13/10/2004,1113.65
14/10/2004,1103.29
15/10/2004,1108.2
18/10/2004,1114.02
19/10/2004,1103.23
20/10/2004,1103.66
21/10/2004,1106.49
22/10/2004,1095.74
25/10/2004,1094.81
26/10/2004,1111.09
27/10/2004,1125.4
28/10/2004,1127.44
29/10/2004,1130.2
1/11/2004,1130.51
2/11/2004,1130.54
3/11/2004,1143.2
4/11/2004,1161.67
5/11/2004,1166.17
8/11/2004,1164.89
9/11/2004,1164.08
10/11/2004,1162.91
11/11/2004,1173.48
12/11/2004,1184.17
15/11/2004,1183.81
16/11/2004,1175.43
17/11/2004,1181.94
18/11/2004,1183.55
19/11/2004,1170.34
22/11/2004,1177.24
23/11/2004,1176.94
24/11/2004,1181.76
25/11/2004,1181.76
26/11/2004,1182.65
29/11/2004,1178.57
30/11/2004,1173.82
1/12/2004,1191.37
2/12/2004,1190.33
3/12/2004,1191.17
6/12/2004,1190.25
7/12/2004,1177.07
8/12/2004,1182.81
9/12/2004,1189.24
10/12/2004,1188
13/12/2004,1198.68
14/12/2004,1203.38
15/12/2004,1205.72
16/12/2004,1203.21
17/12/2004,1194.22
20/12/2004,1194.65
21/12/2004,1205.45
22/12/2004,1209.57
23/12/2004,1210.13
24/12/2004,1210.13
27/12/2004,1204.92
28/12/2004,1213.54
29/12/2004,1213.45
30/12/2004,1213.55
31/12/2004,1211.92
3/01/2005,1202.08
4/01/2005,1188.05
5/01/2005,1183.74
6/01/2005,1187.89
7/01/2005,1186.19
10/01/2005,1190.25
11/01/2005,1182.99
12/01/2005,1187.7
13/01/2005,1177.45
14/01/2005,1184.52
17/01/2005,1184.52
18/01/2005,1195.98
19/01/2005,1184.63
20/01/2005,1175.41
21/01/2005,1167.87
24/01/2005,1163.75
25/01/2005,1168.41
26/01/2005,1174.07
27/01/2005,1174.55
28/01/2005,1171.36
31/01/2005,1181.27
1/02/2005,1189.41
2/02/2005,1193.19
3/02/2005,1189.89
4/02/2005,1203.03
7/02/2005,1201.72
8/02/2005,1202.3
9/02/2005,1191.99
10/02/2005,1197.01
11/02/2005,1205.3
14/02/2005,1206.14
15/02/2005,1210.12
16/02/2005,1210.34
17/02/2005,1200.75
18/02/2005,1201.59
21/02/2005,1201.59
22/02/2005,1184.16
23/02/2005,1190.8
24/02/2005,1200.2
25/02/2005,1211.37
28/02/2005,1203.6
1/03/2005,1210.41
2/03/2005,1210.08
3/03/2005,1210.47
4/03/2005,1222.12
7/03/2005,1225.31
8/03/2005,1219.43
9/03/2005,1207.01
10/03/2005,1209.25
11/03/2005,1200.08
14/03/2005,1206.83
15/03/2005,1197.75
16/03/2005,1188.07
17/03/2005,1190.21
18/03/2005,1189.65
21/03/2005,1183.78
22/03/2005,1171.71
23/03/2005,1172.53
24/03/2005,1171.42
25/03/2005,1171.42
28/03/2005,1174.28
29/03/2005,1165.36
30/03/2005,1181.41
31/03/2005,1180.59
1/04/2005,1172.92
4/04/2005,1176.12
5/04/2005,1181.39
6/04/2005,1184.07
7/04/2005,1191.14
8/04/2005,1181.2
11/04/2005,1181.21
12/04/2005,1187.76
13/04/2005,1173.79
14/04/2005,1162.05
15/04/2005,1142.62
18/04/2005,1145.98
19/04/2005,1152.78
20/04/2005,1137.5
21/04/2005,1159.95
22/04/2005,1152.12
25/04/2005,1162.1
26/04/2005,1151.74
27/04/2005,1156.38
28/04/2005,1143.22
29/04/2005,1156.85
2/05/2005,1162.16
3/05/2005,1161.17
4/05/2005,1175.65
5/05/2005,1172.63
6/05/2005,1171.35
9/05/2005,1178.84
10/05/2005,1166.22
11/05/2005,1171.11
12/05/2005,1159.36
13/05/2005,1154.05
16/05/2005,1165.69
17/05/2005,1173.8
18/05/2005,1185.56
19/05/2005,1191.08
20/05/2005,1189.28
23/05/2005,1193.86
24/05/2005,1194.07
25/05/2005,1190.01
26/05/2005,1197.62
27/05/2005,1198.78
30/05/2005,1198.78
31/05/2005,1191.5
1/06/2005,1202.27
2/06/2005,1204.29
3/06/2005,1196.02
6/06/2005,1197.51
7/06/2005,1197.26
8/06/2005,1194.67
9/06/2005,1200.93
10/06/2005,1198.11
13/06/2005,1200.82
14/06/2005,1203.91
15/06/2005,1206.58
16/06/2005,1210.96
17/06/2005,1216.96
20/06/2005,1216.1
21/06/2005,1213.61
22/06/2005,1213.88
23/06/2005,1200.73
24/06/2005,1191.57
27/06/2005,1190.69
28/06/2005,1201.57
29/06/2005,1199.85
30/06/2005,1191.33
1/07/2005,1194.44
4/07/2005,1194.44
5/07/2005,1204.99
6/07/2005,1194.94
7/07/2005,1197.87
8/07/2005,1211.86
11/07/2005,1219.44
12/07/2005,1222.21
13/07/2005,1223.29
14/07/2005,1226.5
15/07/2005,1227.92
18/07/2005,1221.13
19/07/2005,1229.35
20/07/2005,1235.2
21/07/2005,1227.04
22/07/2005,1233.68
25/07/2005,1229.03
26/07/2005,1231.16
27/07/2005,1236.79
28/07/2005,1243.72
29/07/2005,1234.18
1/08/2005,1235.35
2/08/2005,1244.12
3/08/2005,1245.04
4/08/2005,1235.86
5/08/2005,1226.42
8/08/2005,1223.13
9/08/2005,1231.38
10/08/2005,1229.13
11/08/2005,1237.81
12/08/2005,1230.39
15/08/2005,1233.87
16/08/2005,1219.34
17/08/2005,1220.24
18/08/2005,1219.02
19/08/2005,1219.71
22/08/2005,1221.73
23/08/2005,1217.57
24/08/2005,1209.59
25/08/2005,1212.39
26/08/2005,1205.1
29/08/2005,1212.28
30/08/2005,1208.41
31/08/2005,1220.33
1/09/2005,1221.59
2/09/2005,1218.02
5/09/2005,1218.02
6/09/2005,1233.39
7/09/2005,1236.36
8/09/2005,1231.67
9/09/2005,1241.48
12/09/2005,1240.56
13/09/2005,1231.2
14/09/2005,1227.16
15/09/2005,1227.73
16/09/2005,1237.91
19/09/2005,1231.02
20/09/2005,1221.34
21/09/2005,1210.2
22/09/2005,1214.62
23/09/2005,1215.29
26/09/2005,1215.63
27/09/2005,1215.66
28/09/2005,1216.89
29/09/2005,1227.68
30/09/2005,1228.81
3/10/2005,1226.7
4/10/2005,1214.47
5/10/2005,1196.39
6/10/2005,1191.49
7/10/2005,1195.9
10/10/2005,1187.33
11/10/2005,1184.87
12/10/2005,1177.68
13/10/2005,1176.84
14/10/2005,1186.57
17/10/2005,1190.1
18/10/2005,1178.14
19/10/2005,1195.76
20/10/2005,1177.8
21/10/2005,1179.59
24/10/2005,1199.38
25/10/2005,1196.54
26/10/2005,1191.38
27/10/2005,1178.9
28/10/2005,1198.41
31/10/2005,1207.01
1/11/2005,1202.76
2/11/2005,1214.76
3/11/2005,1219.94
4/11/2005,1220.14
7/11/2005,1222.81
8/11/2005,1218.59
9/11/2005,1220.65
10/11/2005,1230.96
11/11/2005,1234.72
14/11/2005,1233.76
15/11/2005,1229.01
16/11/2005,1231.21
17/11/2005,1242.8
18/11/2005,1248.27
21/11/2005,1254.85
22/11/2005,1261.23
23/11/2005,1265.61
24/11/2005,1265.61
25/11/2005,1268.25
28/11/2005,1257.46
29/11/2005,1257.48
30/11/2005,1249.48
1/12/2005,1264.67
2/12/2005,1265.08
5/12/2005,1262.09
6/12/2005,1263.7
7/12/2005,1257.37
8/12/2005,1255.84
9/12/2005,1259.37
12/12/2005,1260.43
13/12/2005,1267.43
14/12/2005,1272.74
15/12/2005,1270.94
16/12/2005,1267.32
19/12/2005,1259.92
20/12/2005,1259.62
21/12/2005,1262.79
22/12/2005,1268.12
23/12/2005,1268.66
26/12/2005,1268.66
27/12/2005,1256.54
28/12/2005,1258.17
29/12/2005,1254.42
30/12/2005,1248.29
2/01/2006,1248.29
3/01/2006,1268.8
4/01/2006,1273.46
5/01/2006,1273.48
6/01/2006,1285.45
9/01/2006,1290.15
10/01/2006,1289.69
11/01/2006,1294.18
12/01/2006,1286.06
13/01/2006,1287.61
16/01/2006,1287.61
17/01/2006,1282.93
18/01/2006,1277.93
19/01/2006,1285.04
20/01/2006,1261.49
23/01/2006,1263.82
24/01/2006,1266.86
25/01/2006,1264.68
26/01/2006,1273.83
27/01/2006,1283.72
30/01/2006,1285.2
31/01/2006,1280.08
1/02/2006,1282.46
2/02/2006,1270.84
3/02/2006,1264.03
6/02/2006,1265.02
7/02/2006,1254.78
8/02/2006,1265.65
9/02/2006,1263.78
10/02/2006,1266.99
13/02/2006,1262.86
14/02/2006,1275.53
15/02/2006,1280
16/02/2006,1289.38
17/02/2006,1287.24
20/02/2006,1287.24
21/02/2006,1283.03
22/02/2006,1292.67
23/02/2006,1287.79
24/02/2006,1289.43
27/02/2006,1294.12
28/02/2006,1280.66
1/03/2006,1291.24
2/03/2006,1289.14
3/03/2006,1287.23
6/03/2006,1278.26
7/03/2006,1275.88
8/03/2006,1278.47
9/03/2006,1272.23
10/03/2006,1281.58
13/03/2006,1284.13
14/03/2006,1297.48
15/03/2006,1303.02
16/03/2006,1305.33
17/03/2006,1307.25
20/03/2006,1305.08
21/03/2006,1297.23
22/03/2006,1305.04
23/03/2006,1301.67
24/03/2006,1302.95
27/03/2006,1301.61
28/03/2006,1293.23
29/03/2006,1302.89
30/03/2006,1300.25
31/03/2006,1294.83
3/04/2006,1297.81
4/04/2006,1305.93
5/04/2006,1311.56
6/04/2006,1309.04
7/04/2006,1295.5
10/04/2006,1296.6
11/04/2006,1286.57
12/04/2006,1288.12
13/04/2006,1289.12
14/04/2006,1289.12
17/04/2006,1285.33
18/04/2006,1307.65
19/04/2006,1309.93
20/04/2006,1311.46
21/04/2006,1311.28
24/04/2006,1308.11
25/04/2006,1301.74
26/04/2006,1305.41
27/04/2006,1309.72
28/04/2006,1310.61
1/05/2006,1305.19
2/05/2006,1313.21
3/05/2006,1307.85
4/05/2006,1312.25
5/05/2006,1325.76
8/05/2006,1324.66
9/05/2006,1325.14
10/05/2006,1322.85
11/05/2006,1305.92
12/05/2006,1291.24
15/05/2006,1294.5
16/05/2006,1292.08
17/05/2006,1270.32
18/05/2006,1261.81
19/05/2006,1267.03
22/05/2006,1262.07
23/05/2006,1256.58
24/05/2006,1258.57
25/05/2006,1272.88
26/05/2006,1280.16
29/05/2006,1280.16
30/05/2006,1259.84
31/05/2006,1270.09
1/06/2006,1285.71
2/06/2006,1288.22
5/06/2006,1265.29
6/06/2006,1263.85
7/06/2006,1256.15
8/06/2006,1257.93
9/06/2006,1252.3
12/06/2006,1236.4
13/06/2006,1223.69
14/06/2006,1230.04
15/06/2006,1256.16
16/06/2006,1251.54
19/06/2006,1240.14
20/06/2006,1240.12
21/06/2006,1252.2
22/06/2006,1245.6
23/06/2006,1244.5
26/06/2006,1250.56
27/06/2006,1239.2
28/06/2006,1246
29/06/2006,1272.87
30/06/2006,1270.2
3/07/2006,1280.19
4/07/2006,1280.19
5/07/2006,1270.91
6/07/2006,1274.08
7/07/2006,1265.48
10/07/2006,1267.34
11/07/2006,1272.52
12/07/2006,1258.6
13/07/2006,1242.29
14/07/2006,1236.2
17/07/2006,1234.49
18/07/2006,1236.86
19/07/2006,1259.81
20/07/2006,1249.13
21/07/2006,1240.29
24/07/2006,1260.91
25/07/2006,1268.88
26/07/2006,1268.4
27/07/2006,1263.2
28/07/2006,1278.55
31/07/2006,1276.66
1/08/2006,1270.92
2/08/2006,1278.55
3/08/2006,1280.27
4/08/2006,1279.36
7/08/2006,1275.77
8/08/2006,1271.48
9/08/2006,1265.95
10/08/2006,1271.81
11/08/2006,1266.74
14/08/2006,1268.21
15/08/2006,1285.58
16/08/2006,1295.43
17/08/2006,1297.48
18/08/2006,1302.3
21/08/2006,1297.52
22/08/2006,1298.82
23/08/2006,1292.99
24/08/2006,1296.06
25/08/2006,1295.09
28/08/2006,1301.78
29/08/2006,1304.28
30/08/2006,1304.27
31/08/2006,1303.82
1/09/2006,1311.01
4/09/2006,1311.01
5/09/2006,1313.25
6/09/2006,1300.26
7/09/2006,1294.02
8/09/2006,1298.92
11/09/2006,1299.54
12/09/2006,1313.11
13/09/2006,1318.07
14/09/2006,1316.28
15/09/2006,1319.87
18/09/2006,1321.18
19/09/2006,1318.31
20/09/2006,1325.18
21/09/2006,1318.03
22/09/2006,1314.78
25/09/2006,1326.37
26/09/2006,1336.34
27/09/2006,1336.59
28/09/2006,1339.15
29/09/2006,1335.85
2/10/2006,1331.32
3/10/2006,1334.11
4/10/2006,1350.22
5/10/2006,1353.22
6/10/2006,1349.58
9/10/2006,1350.66
10/10/2006,1353.42
11/10/2006,1349.95
12/10/2006,1362.83
13/10/2006,1365.62
16/10/2006,1369.05
17/10/2006,1364.05
18/10/2006,1365.96
19/10/2006,1366.96
20/10/2006,1368.6
23/10/2006,1377.02
24/10/2006,1377.38
25/10/2006,1382.22
26/10/2006,1389.08
27/10/2006,1377.34
30/10/2006,1377.93
31/10/2006,1377.94
1/11/2006,1367.81
2/11/2006,1367.34
3/11/2006,1364.3
6/11/2006,1379.78
7/11/2006,1382.84
8/11/2006,1385.72
9/11/2006,1378.33
10/11/2006,1380.9
13/11/2006,1384.42
14/11/2006,1393.22
15/11/2006,1396.57
16/11/2006,1399.76
17/11/2006,1401.2
20/11/2006,1400.5
21/11/2006,1402.81
22/11/2006,1406.09
23/11/2006,1406.09
24/11/2006,1400.95
27/11/2006,1381.9
28/11/2006,1386.72
29/11/2006,1399.48
30/11/2006,1400.63
1/12/2006,1396.71
4/12/2006,1409.12
5/12/2006,1414.76
6/12/2006,1412.9
7/12/2006,1407.29
8/12/2006,1409.84
11/12/2006,1413.04
12/12/2006,1411.56
13/12/2006,1413.21
14/12/2006,1425.49
15/12/2006,1427.09
18/12/2006,1422.48
19/12/2006,1425.55
20/12/2006,1423.53
21/12/2006,1418.3
22/12/2006,1410.76
25/12/2006,1410.76
26/12/2006,1416.9
27/12/2006,1426.84
28/12/2006,1424.73
29/12/2006,1418.3
1/01/2007,1418.3
2/01/2007,1418.3
3/01/2007,1416.6
4/01/2007,1418.34
5/01/2007,1409.71
8/01/2007,1412.84
9/01/2007,1412.11
10/01/2007,1414.85
11/01/2007,1423.82
12/01/2007,1430.73
15/01/2007,1430.73
16/01/2007,1431.9
17/01/2007,1430.62
18/01/2007,1426.37
19/01/2007,1430.5
22/01/2007,1422.95
23/01/2007,1427.99
24/01/2007,1440.13
25/01/2007,1423.9
26/01/2007,1422.18
29/01/2007,1420.62
30/01/2007,1428.82
31/01/2007,1438.24
1/02/2007,1445.94
2/02/2007,1448.39
5/02/2007,1446.99
6/02/2007,1448
7/02/2007,1450.02
8/02/2007,1448.31
9/02/2007,1438.06
12/02/2007,1433.37
13/02/2007,1444.26
14/02/2007,1455.3
15/02/2007,1456.81
16/02/2007,1455.54
19/02/2007,1455.54
20/02/2007,1459.68
21/02/2007,1457.63
22/02/2007,1456.38
23/02/2007,1451.19
26/02/2007,1449.37
27/02/2007,1399.04
28/02/2007,1406.82
1/03/2007,1403.17
2/03/2007,1387.17
5/03/2007,1374.12
6/03/2007,1395.41
7/03/2007,1391.97
8/03/2007,1401.89
9/03/2007,1402.85
12/03/2007,1406.6
13/03/2007,1377.95
14/03/2007,1387.17
15/03/2007,1392.28
16/03/2007,1386.95
19/03/2007,1402.06
20/03/2007,1410.94
21/03/2007,1435.04
22/03/2007,1434.54
23/03/2007,1436.11
26/03/2007,1437.5
27/03/2007,1428.61
28/03/2007,1417.23
29/03/2007,1422.53
30/03/2007,1420.86
2/04/2007,1424.55
3/04/2007,1437.77
4/04/2007,1439.37
5/04/2007,1443.76
6/04/2007,1443.76
9/04/2007,1444.61
10/04/2007,1448.39
11/04/2007,1438.87
12/04/2007,1447.8
13/04/2007,1452.85
16/04/2007,1468.47
17/04/2007,1471.48
18/04/2007,1472.5
19/04/2007,1470.73
20/04/2007,1484.35
23/04/2007,1480.93
24/04/2007,1480.41
25/04/2007,1495.42
26/04/2007,1494.25
27/04/2007,1494.07
30/04/2007,1482.37
1/05/2007,1486.3
2/05/2007,1495.92
3/05/2007,1502.39
4/05/2007,1505.62
7/05/2007,1509.48
8/05/2007,1507.72
9/05/2007,1512.58
10/05/2007,1491.47
11/05/2007,1505.85
14/05/2007,1503.15
15/05/2007,1501.19
16/05/2007,1514.14
17/05/2007,1512.75
18/05/2007,1522.75
21/05/2007,1525.1
22/05/2007,1524.12
23/05/2007,1522.28
24/05/2007,1507.51
25/05/2007,1515.73
28/05/2007,1515.73
29/05/2007,1518.11
30/05/2007,1530.23
31/05/2007,1530.62
1/06/2007,1536.34
4/06/2007,1539.18
5/06/2007,1530.95
6/06/2007,1517.38
7/06/2007,1490.72
8/06/2007,1507.67
11/06/2007,1509.12
12/06/2007,1493
13/06/2007,1515.67
14/06/2007,1522.97
15/06/2007,1532.91
18/06/2007,1531.05
19/06/2007,1533.7
20/06/2007,1512.84
21/06/2007,1522.19
22/06/2007,1502.56
25/06/2007,1497.74
26/06/2007,1492.89
27/06/2007,1506.34
28/06/2007,1505.71
29/06/2007,1503.35
2/07/2007,1519.43
3/07/2007,1524.87
4/07/2007,1524.87
5/07/2007,1525.4
6/07/2007,1530.44
9/07/2007,1531.85
10/07/2007,1510.12
11/07/2007,1518.76
12/07/2007,1547.7
13/07/2007,1552.5
16/07/2007,1549.52
17/07/2007,1549.37
18/07/2007,1546.17
19/07/2007,1553.08
20/07/2007,1534.1
23/07/2007,1541.57
24/07/2007,1511.04
25/07/2007,1518.09
26/07/2007,1482.66
27/07/2007,1458.95
30/07/2007,1473.91
31/07/2007,1455.27
1/08/2007,1465.81
2/08/2007,1472.2
3/08/2007,1433.06
6/08/2007,1467.67
7/08/2007,1476.71
8/08/2007,1497.49
9/08/2007,1453.09
10/08/2007,1453.64
13/08/2007,1452.92
14/08/2007,1426.54
15/08/2007,1406.7
16/08/2007,1411.27
17/08/2007,1445.94
20/08/2007,1445.55
21/08/2007,1447.12
22/08/2007,1464.07
23/08/2007,1462.5
24/08/2007,1479.37
27/08/2007,1466.79
28/08/2007,1432.36
29/08/2007,1463.76
30/08/2007,1457.64
31/08/2007,1473.99
3/09/2007,1473.99
4/09/2007,1489.42
5/09/2007,1472.29
6/09/2007,1478.55
7/09/2007,1453.55
10/09/2007,1451.7
11/09/2007,1471.49
12/09/2007,1471.56
13/09/2007,1483.95
14/09/2007,1484.25
17/09/2007,1476.65
18/09/2007,1519.78
19/09/2007,1529.03
20/09/2007,1518.75
21/09/2007,1525.75
24/09/2007,1517.73
25/09/2007,1517.21
26/09/2007,1525.42
27/09/2007,1531.38
28/09/2007,1526.75
1/10/2007,1547.04
2/10/2007,1546.63
3/10/2007,1539.59
4/10/2007,1542.84
5/10/2007,1557.59
8/10/2007,1552.58
9/10/2007,1565.15
10/10/2007,1562.47
11/10/2007,1554.41
12/10/2007,1561.8
15/10/2007,1548.71
16/10/2007,1538.53
17/10/2007,1541.24
18/10/2007,1540.08
19/10/2007,1500.63
22/10/2007,1506.33
23/10/2007,1519.59
24/10/2007,1515.88
25/10/2007,1514.4
26/10/2007,1535.28
29/10/2007,1540.98
30/10/2007,1531.02
31/10/2007,1549.38
1/11/2007,1508.44
2/11/2007,1509.65
5/11/2007,1502.17
6/11/2007,1520.27
7/11/2007,1475.62
8/11/2007,1474.77
9/11/2007,1453.7
12/11/2007,1439.18
13/11/2007,1481.05
14/11/2007,1470.58
15/11/2007,1451.15
16/11/2007,1458.74
19/11/2007,1433.27
20/11/2007,1439.7
21/11/2007,1416.77
22/11/2007,1416.77
23/11/2007,1440.7
26/11/2007,1407.22
27/11/2007,1428.23
28/11/2007,1469.02
29/11/2007,1469.72
30/11/2007,1481.14
3/12/2007,1472.42
4/12/2007,1462.79
5/12/2007,1485.01
6/12/2007,1507.34
7/12/2007,1504.66
10/12/2007,1515.96
11/12/2007,1477.65
12/12/2007,1486.59
13/12/2007,1488.41
14/12/2007,1467.95
17/12/2007,1445.9
18/12/2007,1454.98
19/12/2007,1453
20/12/2007,1460.12
21/12/2007,1484.46
24/12/2007,1496.45
25/12/2007,1496.45
26/12/2007,1497.66
27/12/2007,1476.37
28/12/2007,1478.49
31/12/2007,1468.36
1/01/2008,1468.36
2/01/2008,1447.16
3/01/2008,1447.16
4/01/2008,1411.63
7/01/2008,1416.18
8/01/2008,1390.19
9/01/2008,1409.13
10/01/2008,1420.33
11/01/2008,1401.02
14/01/2008,1416.25
15/01/2008,1380.95
16/01/2008,1373.2
17/01/2008,1333.25
18/01/2008,1325.19
21/01/2008,1325.19
22/01/2008,1310.5
23/01/2008,1338.6
24/01/2008,1352.07
25/01/2008,1330.61
28/01/2008,1353.97
29/01/2008,1362.3
30/01/2008,1355.81
31/01/2008,1378.55
1/02/2008,1395.42
4/02/2008,1380.82
5/02/2008,1336.64
6/02/2008,1326.45
7/02/2008,1336.91
8/02/2008,1331.29
11/02/2008,1339.13
12/02/2008,1348.86
13/02/2008,1367.21
14/02/2008,1348.86
15/02/2008,1349.99
18/02/2008,1349.99
19/02/2008,1348.78
20/02/2008,1360.03
21/02/2008,1342.53
22/02/2008,1353.11
25/02/2008,1371.8
26/02/2008,1381.29
27/02/2008,1380.02
28/02/2008,1367.68
29/02/2008,1330.63
3/03/2008,1331.34
4/03/2008,1326.75
5/03/2008,1333.7
6/03/2008,1304.34
7/03/2008,1293.37
10/03/2008,1273.37
11/03/2008,1320.65
12/03/2008,1308.77
13/03/2008,1315.48
14/03/2008,1288.14
17/03/2008,1276.6
18/03/2008,1330.74
19/03/2008,1298.42
20/03/2008,1329.51
21/03/2008,1329.51
24/03/2008,1349.88
25/03/2008,1352.99
26/03/2008,1341.13
27/03/2008,1325.76
28/03/2008,1315.22
31/03/2008,1322.7
1/04/2008,1370.18
2/04/2008,1367.53
3/04/2008,1369.31
4/04/2008,1370.4
7/04/2008,1372.54
8/04/2008,1365.54
9/04/2008,1354.49
10/04/2008,1360.55
11/04/2008,1332.83
14/04/2008,1328.32
15/04/2008,1334.43
16/04/2008,1364.71
17/04/2008,1365.56
18/04/2008,1390.33
21/04/2008,1388.17
22/04/2008,1375.94
23/04/2008,1379.93
24/04/2008,1388.82
25/04/2008,1397.84
28/04/2008,1396.37
29/04/2008,1390.94
30/04/2008,1385.59
1/05/2008,1409.34
2/05/2008,1413.9
5/05/2008,1407.49
6/05/2008,1418.26
7/05/2008,1392.57
8/05/2008,1397.68
9/05/2008,1388.28
12/05/2008,1403.58
13/05/2008,1403.04
14/05/2008,1408.66
15/05/2008,1423.57
16/05/2008,1425.35
19/05/2008,1426.63
20/05/2008,1413.4
21/05/2008,1390.71
22/05/2008,1394.35
23/05/2008,1375.93
26/05/2008,1375.93
27/05/2008,1385.35
28/05/2008,1390.84
29/05/2008,1398.26
30/05/2008,1400.38
2/06/2008,1385.67
3/06/2008,1377.65
4/06/2008,1377.2
5/06/2008,1404.05
6/06/2008,1360.68
9/06/2008,1361.76
10/06/2008,1358.44
11/06/2008,1335.49
12/06/2008,1339.87
13/06/2008,1360.03
16/06/2008,1360.14
17/06/2008,1350.93
18/06/2008,1337.81
19/06/2008,1342.83
20/06/2008,1317.93
23/06/2008,1318
24/06/2008,1314.29
25/06/2008,1321.97
26/06/2008,1283.15
27/06/2008,1278.38
30/06/2008,1280
1/07/2008,1284.91
2/07/2008,1261.52
3/07/2008,1262.9
4/07/2008,1262.9
7/07/2008,1252.31
8/07/2008,1273.7
9/07/2008,1244.69
10/07/2008,1253.39
11/07/2008,1239.49
14/07/2008,1228.3
15/07/2008,1214.91
16/07/2008,1245.36
17/07/2008,1260.32
18/07/2008,1260.68
21/07/2008,1260
22/07/2008,1277
23/07/2008,1282.19
24/07/2008,1252.54
25/07/2008,1257.76
28/07/2008,1234.37
29/07/2008,1263.2
30/07/2008,1284.26
31/07/2008,1267.38
1/08/2008,1260.31
4/08/2008,1249.01
5/08/2008,1284.88
6/08/2008,1289.19
7/08/2008,1266.07
8/08/2008,1296.32
11/08/2008,1305.32
12/08/2008,1289.59
13/08/2008,1285.83
14/08/2008,1292.93
15/08/2008,1298.2
18/08/2008,1278.6
19/08/2008,1266.69
20/08/2008,1274.54
21/08/2008,1277.72
22/08/2008,1292.2
25/08/2008,1266.84
26/08/2008,1271.51
27/08/2008,1281.66
28/08/2008,1300.68
29/08/2008,1282.83
1/09/2008,1282.83
2/09/2008,1277.58
3/09/2008,1274.98
4/09/2008,1236.83
5/09/2008,1242.31
8/09/2008,1267.79
9/09/2008,1224.51
10/09/2008,1232.04
11/09/2008,1249.05
12/09/2008,1251.7
15/09/2008,1192.7
16/09/2008,1213.59
17/09/2008,1156.39
18/09/2008,1206.51
19/09/2008,1255.08
22/09/2008,1207.09
23/09/2008,1188.22
24/09/2008,1185.87
25/09/2008,1209.18
26/09/2008,1213.01
29/09/2008,1106.39
30/09/2008,1166.36
1/10/2008,1161.06
2/10/2008,1114.28
3/10/2008,1099.23
6/10/2008,1056.89
7/10/2008,996.23
8/10/2008,984.94
9/10/2008,909.92
10/10/2008,899.22
13/10/2008,1003.35
14/10/2008,998.01
15/10/2008,907.84
16/10/2008,946.43
17/10/2008,940.55
20/10/2008,985.4
21/10/2008,955.05
22/10/2008,896.78
23/10/2008,908.11
24/10/2008,876.77
27/10/2008,848.92
28/10/2008,940.51
29/10/2008,930.09
30/10/2008,954.09
31/10/2008,968.75
3/11/2008,966.3
4/11/2008,1005.75
5/11/2008,952.77
6/11/2008,904.88
7/11/2008,930.99
10/11/2008,919.21
11/11/2008,898.95
12/11/2008,852.3
13/11/2008,911.29
14/11/2008,873.29
17/11/2008,850.75
18/11/2008,859.12
19/11/2008,806.58
20/11/2008,752.44
21/11/2008,800.03
24/11/2008,851.81
25/11/2008,857.39
26/11/2008,887.68
27/11/2008,887.68
28/11/2008,896.24
1/12/2008,816.21
2/12/2008,848.81
3/12/2008,870.74
4/12/2008,845.22
5/12/2008,876.07
8/12/2008,909.7
9/12/2008,888.67
10/12/2008,899.24
11/12/2008,873.59
12/12/2008,879.73
15/12/2008,868.57
16/12/2008,913.18
17/12/2008,904.42
18/12/2008,885.28
19/12/2008,887.88
22/12/2008,871.63
23/12/2008,863.16
24/12/2008,868.15
25/12/2008,868.15
26/12/2008,872.8
29/12/2008,869.42
30/12/2008,890.64
31/12/2008,903.25
1/01/2009,903.25
2/01/2009,931.8
5/01/2009,927.45
6/01/2009,934.7
7/01/2009,906.65
8/01/2009,909.73
9/01/2009,890.35
12/01/2009,870.26
13/01/2009,871.79
14/01/2009,842.62
15/01/2009,843.74
16/01/2009,850.12
19/01/2009,850.12
20/01/2009,805.22
21/01/2009,840.24
22/01/2009,827.5
23/01/2009,831.95
26/01/2009,836.57
27/01/2009,845.71
28/01/2009,874.09
29/01/2009,845.14
30/01/2009,825.88
2/02/2009,825.44
3/02/2009,838.51
4/02/2009,832.23
5/02/2009,845.85
6/02/2009,868.6
9/02/2009,869.89
10/02/2009,827.16
11/02/2009,833.74
12/02/2009,835.19
13/02/2009,826.84
16/02/2009,826.84
17/02/2009,789.17
18/02/2009,788.42
19/02/2009,778.94
20/02/2009,770.05
23/02/2009,743.33
24/02/2009,773.14
25/02/2009,764.9
26/02/2009,752.83
27/02/2009,735.09
2/03/2009,700.82
3/03/2009,696.33
4/03/2009,712.87
5/03/2009,682.55
6/03/2009,683.38
9/03/2009,676.53
10/03/2009,719.6
11/03/2009,721.36
12/03/2009,750.74
13/03/2009,756.55
16/03/2009,753.89
17/03/2009,778.12
18/03/2009,794.35
19/03/2009,784.04
20/03/2009,768.54
23/03/2009,822.92
24/03/2009,806.12
25/03/2009,813.88
26/03/2009,832.86
27/03/2009,815.94
30/03/2009,787.53
31/03/2009,797.87
1/04/2009,811.08
2/04/2009,834.38
3/04/2009,842.5
6/04/2009,835.48
7/04/2009,815.55
8/04/2009,825.16
9/04/2009,856.56
10/04/2009,856.56
13/04/2009,858.73
14/04/2009,841.5
15/04/2009,852.06
16/04/2009,865.3
17/04/2009,869.6
20/04/2009,832.39
21/04/2009,850.08
22/04/2009,843.55
23/04/2009,851.92
24/04/2009,866.23
27/04/2009,857.51
28/04/2009,855.16
29/04/2009,873.64
30/04/2009,872.81
1/05/2009,877.52
4/05/2009,907.24
5/05/2009,903.8
6/05/2009,919.53
7/05/2009,907.39
8/05/2009,929.23
11/05/2009,909.24
12/05/2009,908.35
13/05/2009,883.92
14/05/2009,893.07
15/05/2009,882.88
18/05/2009,909.71
19/05/2009,908.13
20/05/2009,903.47
21/05/2009,888.33
22/05/2009,887
25/05/2009,887
26/05/2009,910.33
27/05/2009,893.06
28/05/2009,906.83
29/05/2009,919.14
1/06/2009,942.87
2/06/2009,944.74
3/06/2009,931.76
4/06/2009,942.46
5/06/2009,940.09
8/06/2009,939.14
9/06/2009,942.43
10/06/2009,939.15
11/06/2009,944.89
12/06/2009,946.21
15/06/2009,923.72
16/06/2009,911.97
17/06/2009,910.71
18/06/2009,918.37
19/06/2009,921.23
22/06/2009,893.04
23/06/2009,895.1
24/06/2009,900.94
25/06/2009,920.26
26/06/2009,918.9
29/06/2009,927.23
30/06/2009,919.32
1/07/2009,923.33
2/07/2009,896.42
3/07/2009,896.42
6/07/2009,898.72
7/07/2009,881.03
8/07/2009,879.56
9/07/2009,882.68
10/07/2009,879.13
13/07/2009,901.05
14/07/2009,905.84
15/07/2009,932.68
16/07/2009,940.74
17/07/2009,940.38
20/07/2009,951.13
21/07/2009,954.58
22/07/2009,954.07
23/07/2009,976.29
24/07/2009,979.26
27/07/2009,982.18
28/07/2009,979.62
29/07/2009,975.15
30/07/2009,986.75
31/07/2009,987.48
3/08/2009,1002.63
4/08/2009,1005.65
5/08/2009,1002.72
6/08/2009,997.08
7/08/2009,1010.48
10/08/2009,1007.1
11/08/2009,994.35
12/08/2009,1005.81
13/08/2009,1012.73
14/08/2009,1004.09
17/08/2009,979.73
18/08/2009,989.67
19/08/2009,996.46
20/08/2009,1007.37
21/08/2009,1026.13
24/08/2009,1025.57
25/08/2009,1028
26/08/2009,1028.12
27/08/2009,1030.98
28/08/2009,1028.93
31/08/2009,1020.62
1/09/2009,998.04
2/09/2009,994.75
3/09/2009,1003.24
4/09/2009,1016.4
7/09/2009,1016.4
8/09/2009,1025.39
9/09/2009,1033.37
10/09/2009,1044.14
11/09/2009,1042.73
14/09/2009,1049.34
15/09/2009,1052.63
16/09/2009,1068.76
17/09/2009,1065.49
18/09/2009,1068.3
21/09/2009,1064.66
22/09/2009,1071.66
23/09/2009,1060.87
24/09/2009,1050.78
25/09/2009,1044.38
28/09/2009,1062.98
29/09/2009,1060.61
30/09/2009,1057.08
1/10/2009,1029.85
2/10/2009,1025.21
5/10/2009,1040.46
6/10/2009,1054.72
7/10/2009,1057.58
8/10/2009,1065.48
9/10/2009,1071.49
12/10/2009,1076.19
13/10/2009,1073.19
14/10/2009,1092.02
15/10/2009,1096.56
16/10/2009,1087.68
19/10/2009,1097.91
20/10/2009,1091.06
21/10/2009,1081.4
22/10/2009,1092.91
23/10/2009,1079.6
26/10/2009,1066.95
27/10/2009,1063.41
28/10/2009,1042.63
29/10/2009,1066.11
30/10/2009,1036.19
2/11/2009,1042.88
3/11/2009,1045.41
4/11/2009,1046.5
5/11/2009,1066.63
6/11/2009,1069.3
9/11/2009,1093.08
10/11/2009,1093.01
11/11/2009,1098.51
12/11/2009,1087.24
13/11/2009,1093.48
16/11/2009,1109.3
17/11/2009,1110.32
18/11/2009,1109.8
19/11/2009,1094.9
20/11/2009,1091.38
23/11/2009,1106.24
24/11/2009,1105.65
25/11/2009,1110.63
26/11/2009,1110.63
27/11/2009,1091.49
30/11/2009,1095.63
1/12/2009,1108.86
2/12/2009,1109.24
3/12/2009,1099.92
4/12/2009,1105.98
7/12/2009,1103.25
8/12/2009,1091.94
9/12/2009,1095.95
10/12/2009,1102.35
11/12/2009,1106.41
14/12/2009,1114.11
15/12/2009,1107.93
16/12/2009,1109.18
17/12/2009,1096.08
18/12/2009,1102.47
21/12/2009,1114.05
22/12/2009,1118.02
23/12/2009,1120.59
24/12/2009,1126.48
25/12/2009,1126.48
28/12/2009,1127.78
29/12/2009,1126.2
30/12/2009,1126.42
31/12/2009,1115.1
1/01/2010,1115.1
4/01/2010,1132.99
5/01/2010,1136.52
6/01/2010,1137.14
7/01/2010,1141.7
8/01/2010,1144.98
11/01/2010,1146.98
12/01/2010,1136.22
13/01/2010,1145.68
14/01/2010,1148.46
15/01/2010,1136.03
18/01/2010,1136.03
19/01/2010,1150.23
20/01/2010,1138.04
21/01/2010,1116.48
22/01/2010,1091.76
25/01/2010,1096.79
26/01/2010,1092.17
27/01/2010,1097.5
28/01/2010,1084.53
29/01/2010,1073.87
1/02/2010,1089.19
2/02/2010,1103.32
3/02/2010,1097.28
4/02/2010,1063.11
5/02/2010,1066.19
8/02/2010,1056.75
9/02/2010,1070.52
10/02/2010,1068.14
11/02/2010,1078.47
12/02/2010,1075.51
15/02/2010,1075.51
16/02/2010,1094.87
17/02/2010,1099.51
18/02/2010,1106.75
19/02/2010,1109.17
22/02/2010,1108.02
23/02/2010,1094.6
24/02/2010,1105.24
25/02/2010,1102.94
26/02/2010,1104.49
1/03/2010,1115.71
2/03/2010,1118.31
3/03/2010,1118.79
4/03/2010,1122.97
5/03/2010,1138.7
8/03/2010,1138.51
9/03/2010,1140.45
10/03/2010,1145.61
11/03/2010,1150.24
12/03/2010,1149.99
15/03/2010,1150.51
16/03/2010,1159.46
17/03/2010,1166.21
18/03/2010,1165.83
19/03/2010,1159.9
22/03/2010,1165.81
23/03/2010,1174.17
24/03/2010,1167.72
25/03/2010,1165.73
26/03/2010,1166.59
29/03/2010,1173.22
30/03/2010,1173.27
31/03/2010,1169.43
1/04/2010,1178.1
2/04/2010,1178.1
5/04/2010,1187.44
6/04/2010,1189.44
7/04/2010,1182.45
8/04/2010,1186.44
9/04/2010,1194.37
12/04/2010,1196.48
13/04/2010,1197.3
14/04/2010,1210.65
15/04/2010,1211.67
16/04/2010,1192.13
19/04/2010,1197.52
20/04/2010,1207.18
21/04/2010,1205.95
22/04/2010,1208.67
23/04/2010,1217.28
26/04/2010,1212.05
27/04/2010,1183.71
28/04/2010,1191.36
29/04/2010,1206.78
30/04/2010,1186.69
3/05/2010,1202.26
4/05/2010,1173.6
5/05/2010,1165.9
6/05/2010,1128.15
7/05/2010,1110.89
10/05/2010,1159.73
11/05/2010,1155.79
12/05/2010,1171.67
13/05/2010,1157.44
14/05/2010,1135.68
17/05/2010,1136.94
18/05/2010,1120.8
19/05/2010,1115.05
20/05/2010,1071.59
21/05/2010,1087.69
24/05/2010,1073.65
25/05/2010,1074.03
26/05/2010,1067.95
27/05/2010,1103.06
28/05/2010,1089.41
31/05/2010,1089.41
1/06/2010,1070.71
2/06/2010,1098.38
3/06/2010,1102.83
4/06/2010,1064.88
7/06/2010,1050.48
8/06/2010,1062
9/06/2010,1055.69
10/06/2010,1086.84
11/06/2010,1091.6
14/06/2010,1089.63
15/06/2010,1115.23
16/06/2010,1114.61
17/06/2010,1116.04
18/06/2010,1117.51
21/06/2010,1113.2
22/06/2010,1095.31
23/06/2010,1092.04
24/06/2010,1073.69
25/06/2010,1076.77
28/06/2010,1074.57
29/06/2010,1041.24
30/06/2010,1030.71
1/07/2010,1027.37
2/07/2010,1022.58
5/07/2010,1022.58
6/07/2010,1028.06
7/07/2010,1060.27
8/07/2010,1070.25
9/07/2010,1077.96
12/07/2010,1078.75
13/07/2010,1095.34
14/07/2010,1095.17
15/07/2010,1096.48
16/07/2010,1064.88
19/07/2010,1071.25
20/07/2010,1083.48
21/07/2010,1069.59
22/07/2010,1093.67
23/07/2010,1102.66
26/07/2010,1115.01
27/07/2010,1113.84
28/07/2010,1106.13
29/07/2010,1101.53
30/07/2010,1101.6
2/08/2010,1125.86
3/08/2010,1120.46
4/08/2010,1127.24
5/08/2010,1125.82
6/08/2010,1121.64
9/08/2010,1127.79
10/08/2010,1121.06
11/08/2010,1089.47
12/08/2010,1083.61
13/08/2010,1079.25
16/08/2010,1079.38
17/08/2010,1092.54
18/08/2010,1094.16
19/08/2010,1075.63
20/08/2010,1071.69
23/08/2010,1067.36
24/08/2010,1051.87
25/08/2010,1055.33
26/08/2010,1047.22
27/08/2010,1064.59
30/08/2010,1048.92
31/08/2010,1049.33
1/09/2010,1080.29
2/09/2010,1090.1
3/09/2010,1104.51
6/09/2010,1104.51
7/09/2010,1091.84
8/09/2010,1098.87
9/09/2010,1104.18
10/09/2010,1109.55
13/09/2010,1121.9
14/09/2010,1121.1
15/09/2010,1125.07
16/09/2010,1124.66
17/09/2010,1125.59
20/09/2010,1142.71
21/09/2010,1139.78
22/09/2010,1134.28
23/09/2010,1124.83
24/09/2010,1148.67
27/09/2010,1142.16
28/09/2010,1147.7
29/09/2010,1144.73
30/09/2010,1141.2
1/10/2010,1146.24
4/10/2010,1137.03
5/10/2010,1160.75
6/10/2010,1159.97
7/10/2010,1158.06
8/10/2010,1165.15
11/10/2010,1165.32
12/10/2010,1169.77
13/10/2010,1178.1
14/10/2010,1173.81
15/10/2010,1176.19
18/10/2010,1184.71
19/10/2010,1165.9
20/10/2010,1178.17
21/10/2010,1180.27
22/10/2010,1183.08
25/10/2010,1185.62
26/10/2010,1185.64
27/10/2010,1182.45
28/10/2010,1183.78
29/10/2010,1183.26
1/11/2010,1184.39
2/11/2010,1193.57
3/11/2010,1197.96
4/11/2010,1221.06
5/11/2010,1225.85
8/11/2010,1223.25
9/11/2010,1213.4
10/11/2010,1218.71
11/11/2010,1213.54
12/11/2010,1199.21
15/11/2010,1197.75
16/11/2010,1178.34
17/11/2010,1178.59
18/11/2010,1196.69
19/11/2010,1199.73
22/11/2010,1197.84
23/11/2010,1180.73
24/11/2010,1198.35
25/11/2010,1198.35
26/11/2010,1189.4
29/11/2010,1187.76
30/11/2010,1180.55
1/12/2010,1206.07
2/12/2010,1221.53
3/12/2010,1224.71
6/12/2010,1223.12
7/12/2010,1223.75
8/12/2010,1228.28
9/12/2010,1233
10/12/2010,1240.4
13/12/2010,1240.46
14/12/2010,1241.59
15/12/2010,1235.23
16/12/2010,1242.87
17/12/2010,1243.91
20/12/2010,1247.08
21/12/2010,1254.6
22/12/2010,1258.84
23/12/2010,1256.77
24/12/2010,1256.77
27/12/2010,1257.54
28/12/2010,1258.51
29/12/2010,1259.78
30/12/2010,1257.88
31/12/2010,1257.64
3/01/2011,1271.87
4/01/2011,1270.2
5/01/2011,1276.56
6/01/2011,1273.85
7/01/2011,1271.5
10/01/2011,1269.75
11/01/2011,1274.48
12/01/2011,1285.96
13/01/2011,1283.76
14/01/2011,1293.24
17/01/2011,1293.24
18/01/2011,1295.02
19/01/2011,1281.92
20/01/2011,1280.26
21/01/2011,1283.35
24/01/2011,1290.84
25/01/2011,1291.18
26/01/2011,1296.63
27/01/2011,1299.54
28/01/2011,1276.34
31/01/2011,1286.12
1/02/2011,1307.59
2/02/2011,1304.03
3/02/2011,1307.1
4/02/2011,1310.87
7/02/2011,1319.05
8/02/2011,1324.57
9/02/2011,1320.88
10/02/2011,1321.87
11/02/2011,1329.15
14/02/2011,1332.32
15/02/2011,1328.01
16/02/2011,1336.32
17/02/2011,1340.43
18/02/2011,1343.01
21/02/2011,1343.01
22/02/2011,1315.44
23/02/2011,1307.4
24/02/2011,1306.1
25/02/2011,1319.88
28/02/2011,1327.22
1/03/2011,1306.33
2/03/2011,1308.44
3/03/2011,1330.97
4/03/2011,1321.15
7/03/2011,1310.13
8/03/2011,1321.82
9/03/2011,1320.02
10/03/2011,1295.11
11/03/2011,1304.28
14/03/2011,1296.39
15/03/2011,1281.87
16/03/2011,1256.88
17/03/2011,1273.72
18/03/2011,1279.2
21/03/2011,1298.38
22/03/2011,1293.77
23/03/2011,1297.54
24/03/2011,1309.66
25/03/2011,1313.8
28/03/2011,1310.19
29/03/2011,1319.44
30/03/2011,1328.26
31/03/2011,1325.83
1/04/2011,1332.41
4/04/2011,1332.87
5/04/2011,1332.63
6/04/2011,1335.54
7/04/2011,1333.51
8/04/2011,1328.17
11/04/2011,1324.46
12/04/2011,1314.16
13/04/2011,1314.41
14/04/2011,1314.52
15/04/2011,1319.68
18/04/2011,1305.14
19/04/2011,1312.62
20/04/2011,1330.36
21/04/2011,1337.38
22/04/2011,1337.38
25/04/2011,1335.25
26/04/2011,1347.24
27/04/2011,1355.66
28/04/2011,1360.48
29/04/2011,1363.61
2/05/2011,1361.22
3/05/2011,1356.62
4/05/2011,1347.32
5/05/2011,1335.1
6/05/2011,1340.2
9/05/2011,1346.29
10/05/2011,1357.16
11/05/2011,1342.08
12/05/2011,1348.65
13/05/2011,1337.77
16/05/2011,1329.47
17/05/2011,1328.98
18/05/2011,1340.68
19/05/2011,1343.6
20/05/2011,1333.27
23/05/2011,1317.37
24/05/2011,1316.28
25/05/2011,1320.47
26/05/2011,1325.69
27/05/2011,1331.1
30/05/2011,1331.1
31/05/2011,1345.2
1/06/2011,1314.55
2/06/2011,1312.94
3/06/2011,1300.16
6/06/2011,1286.17
7/06/2011,1284.94
8/06/2011,1279.56
9/06/2011,1289
10/06/2011,1270.98
13/06/2011,1271.83
14/06/2011,1287.87
15/06/2011,1265.42
16/06/2011,1267.64
17/06/2011,1271.5
20/06/2011,1278.36
21/06/2011,1295.52
22/06/2011,1287.14
23/06/2011,1283.5
24/06/2011,1268.45
27/06/2011,1280.1
28/06/2011,1296.67
29/06/2011,1307.41
30/06/2011,1320.64
1/07/2011,1339.67
4/07/2011,1339.67
5/07/2011,1337.88
6/07/2011,1339.22
7/07/2011,1353.22
8/07/2011,1343.8
11/07/2011,1319.49
12/07/2011,1313.64
13/07/2011,1317.72
14/07/2011,1308.87
15/07/2011,1316.14
18/07/2011,1305.44
19/07/2011,1326.73
20/07/2011,1325.84
21/07/2011,1343.8
22/07/2011,1345.02
25/07/2011,1337.43
26/07/2011,1331.94
27/07/2011,1304.89
28/07/2011,1300.67
29/07/2011,1292.28
1/08/2011,1286.94
2/08/2011,1254.05
3/08/2011,1260.34
4/08/2011,1200.07
5/08/2011,1199.38
8/08/2011,1119.46
9/08/2011,1172.53
10/08/2011,1120.76
11/08/2011,1172.64
12/08/2011,1178.81
15/08/2011,1204.49
16/08/2011,1192.76
17/08/2011,1193.89
18/08/2011,1140.65
19/08/2011,1123.53
22/08/2011,1123.82
23/08/2011,1162.35
24/08/2011,1177.6
25/08/2011,1159.27
26/08/2011,1176.8
29/08/2011,1210.08
30/08/2011,1212.92
31/08/2011,1218.89
1/09/2011,1204.42
2/09/2011,1173.97
5/09/2011,1173.97
6/09/2011,1165.24
7/09/2011,1198.62
8/09/2011,1185.9
9/09/2011,1154.23
12/09/2011,1162.27
13/09/2011,1172.87
14/09/2011,1188.68
15/09/2011,1209.11
16/09/2011,1216.01
19/09/2011,1204.09
20/09/2011,1202.09
21/09/2011,1166.76
22/09/2011,1129.56
23/09/2011,1136.43
26/09/2011,1162.95
27/09/2011,1175.38
28/09/2011,1151.06
29/09/2011,1160.4
30/09/2011,1131.42
3/10/2011,1099.23
4/10/2011,1123.95
5/10/2011,1144.03
6/10/2011,1164.97
7/10/2011,1155.46
10/10/2011,1194.89
11/10/2011,1195.54
12/10/2011,1207.25
13/10/2011,1203.66
14/10/2011,1224.58
17/10/2011,1200.86
18/10/2011,1225.38
19/10/2011,1209.88
20/10/2011,1215.39
21/10/2011,1238.25
24/10/2011,1254.19
25/10/2011,1229.05
26/10/2011,1242
27/10/2011,1284.59
28/10/2011,1285.09
31/10/2011,1253.3
1/11/2011,1218.28
2/11/2011,1237.9
3/11/2011,1261.15
4/11/2011,1253.23
7/11/2011,1261.12
8/11/2011,1275.92
9/11/2011,1229.1
10/11/2011,1239.69
11/11/2011,1263.85
14/11/2011,1251.78
15/11/2011,1257.81
16/11/2011,1236.91
17/11/2011,1216.13
18/11/2011,1215.65
21/11/2011,1192.98
22/11/2011,1188.04
23/11/2011,1161.79
24/11/2011,1161.79
25/11/2011,1158.67
28/11/2011,1192.55
29/11/2011,1195.19
30/11/2011,1246.96
1/12/2011,1244.58
2/12/2011,1244.28
5/12/2011,1257.08
6/12/2011,1258.47
7/12/2011,1261.01
8/12/2011,1234.35
9/12/2011,1255.19
12/12/2011,1236.47
13/12/2011,1225.73
14/12/2011,1211.82
15/12/2011,1215.75
16/12/2011,1219.66
19/12/2011,1205.35
20/12/2011,1241.3
21/12/2011,1243.72
22/12/2011,1254
23/12/2011,1265.33
26/12/2011,1265.33
27/12/2011,1265.43
28/12/2011,1249.64
29/12/2011,1263.02
30/12/2011,1257.6
2/01/2012,1257.6
3/01/2012,1277.06
4/01/2012,1277.3
5/01/2012,1281.06
6/01/2012,1277.81
9/01/2012,1280.7
10/01/2012,1292.08
11/01/2012,1292.48
12/01/2012,1295.5
13/01/2012,1289.09
16/01/2012,1289.09
17/01/2012,1293.67
18/01/2012,1308.04
19/01/2012,1314.5
20/01/2012,1315.38
23/01/2012,1316
24/01/2012,1314.65
25/01/2012,1326.05
26/01/2012,1318.43
27/01/2012,1316.33
30/01/2012,1313.01
31/01/2012,1312.41
1/02/2012,1324.09
2/02/2012,1325.54
3/02/2012,1344.9
6/02/2012,1344.33
7/02/2012,1347.05
8/02/2012,1349.96
9/02/2012,1351.95
10/02/2012,1342.64
13/02/2012,1351.77
14/02/2012,1350.5
15/02/2012,1343.23
16/02/2012,1358.04
17/02/2012,1361.23
20/02/2012,1361.23
21/02/2012,1362.21
22/02/2012,1357.66
23/02/2012,1363.46
24/02/2012,1365.74
27/02/2012,1367.59
28/02/2012,1372.18
29/02/2012,1365.68
1/03/2012,1374.09
2/03/2012,1369.63
5/03/2012,1364.33
6/03/2012,1343.36
7/03/2012,1352.63
8/03/2012,1365.91
9/03/2012,1370.87
12/03/2012,1371.09
13/03/2012,1395.95
14/03/2012,1394.28
15/03/2012,1402.6
16/03/2012,1404.17
19/03/2012,1409.75
20/03/2012,1405.52
21/03/2012,1402.89
22/03/2012,1392.78
23/03/2012,1397.11
26/03/2012,1416.51
27/03/2012,1412.52
28/03/2012,1405.54
29/03/2012,1403.28
30/03/2012,1408.47
2/04/2012,1419.04
3/04/2012,1413.38
4/04/2012,1398.96
5/04/2012,1398.08
6/04/2012,1398.08
9/04/2012,1382.2
10/04/2012,1358.59
11/04/2012,1368.71
12/04/2012,1387.57
13/04/2012,1370.26
16/04/2012,1369.57
17/04/2012,1390.78
18/04/2012,1385.14
19/04/2012,1376.92
20/04/2012,1378.53
23/04/2012,1366.94
24/04/2012,1371.97
25/04/2012,1390.69
26/04/2012,1399.98
27/04/2012,1403.36
30/04/2012,1397.91
1/05/2012,1405.82
2/05/2012,1402.31
3/05/2012,1391.57
4/05/2012,1369.1
7/05/2012,1369.58
8/05/2012,1363.72
9/05/2012,1354.58
10/05/2012,1357.99
11/05/2012,1353.39
14/05/2012,1338.35
15/05/2012,1330.66
16/05/2012,1324.8
17/05/2012,1304.86
18/05/2012,1295.22
21/05/2012,1315.99
22/05/2012,1316.63
23/05/2012,1318.86
24/05/2012,1320.68
25/05/2012,1317.82
28/05/2012,1317.82
29/05/2012,1332.42
30/05/2012,1313.32
31/05/2012,1310.33
1/06/2012,1278.04
4/06/2012,1278.18
5/06/2012,1285.5
6/06/2012,1315.13
7/06/2012,1314.99
8/06/2012,1325.66
11/06/2012,1308.93
12/06/2012,1324.18
13/06/2012,1314.88
14/06/2012,1329.1
15/06/2012,1342.84
18/06/2012,1344.78
19/06/2012,1357.98
20/06/2012,1355.69
21/06/2012,1325.51
22/06/2012,1335.02
25/06/2012,1313.72
26/06/2012,1319.99
27/06/2012,1331.85
28/06/2012,1329.04
29/06/2012,1362.16
2/07/2012,1365.51
3/07/2012,1374.02
4/07/2012,1374.02
5/07/2012,1367.58
6/07/2012,1354.68
9/07/2012,1352.46
10/07/2012,1341.47
11/07/2012,1341.45
12/07/2012,1334.76
13/07/2012,1356.78
16/07/2012,1353.64
17/07/2012,1363.67
18/07/2012,1372.78
19/07/2012,1376.51
20/07/2012,1362.66
23/07/2012,1350.52
24/07/2012,1338.31
25/07/2012,1337.89
26/07/2012,1360.02
27/07/2012,1385.97
30/07/2012,1385.3
31/07/2012,1379.32
1/08/2012,1375.14
2/08/2012,1365
3/08/2012,1390.99
6/08/2012,1394.23
7/08/2012,1401.35
8/08/2012,1402.22
9/08/2012,1402.8
10/08/2012,1405.87
13/08/2012,1404.11
14/08/2012,1403.93
15/08/2012,1405.53
16/08/2012,1415.51
17/08/2012,1418.16
20/08/2012,1418.13
21/08/2012,1413.17
22/08/2012,1413.49
23/08/2012,1402.08
24/08/2012,1411.13
27/08/2012,1410.44
28/08/2012,1409.3
29/08/2012,1410.49
30/08/2012,1399.48
31/08/2012,1406.58
3/09/2012,1406.58
4/09/2012,1404.94
5/09/2012,1403.44
6/09/2012,1432.12
7/09/2012,1437.92
10/09/2012,1429.08
11/09/2012,1433.56
12/09/2012,1436.56
13/09/2012,1459.99
14/09/2012,1465.77
17/09/2012,1461.19
18/09/2012,1459.32
19/09/2012,1461.05
20/09/2012,1460.26
21/09/2012,1460.15
24/09/2012,1456.89
25/09/2012,1441.59
26/09/2012,1433.32
27/09/2012,1447.15
28/09/2012,1440.67
1/10/2012,1444.49
2/10/2012,1445.75
3/10/2012,1450.99
4/10/2012,1461.4
5/10/2012,1460.93
8/10/2012,1455.88
9/10/2012,1441.48
10/10/2012,1432.56
11/10/2012,1432.84
12/10/2012,1428.59
15/10/2012,1440.13
16/10/2012,1454.92
17/10/2012,1460.91
18/10/2012,1457.34
19/10/2012,1433.19
22/10/2012,1433.82
23/10/2012,1413.11
24/10/2012,1408.75
25/10/2012,1412.97
26/10/2012,1411.94
29/10/2012,1411.94
30/10/2012,1411.94
31/10/2012,1412.16
1/11/2012,1427.59
2/11/2012,1414.2
5/11/2012,1417.26
6/11/2012,1428.39
7/11/2012,1394.53
8/11/2012,1377.51
9/11/2012,1379.85
12/11/2012,1380.03
13/11/2012,1374.53
14/11/2012,1355.49
15/11/2012,1353.33
16/11/2012,1359.88
19/11/2012,1386.89
20/11/2012,1387.81
21/11/2012,1391.03
22/11/2012,1391.03
23/11/2012,1409.15
26/11/2012,1406.29
27/11/2012,1398.94
28/11/2012,1409.93
29/11/2012,1415.95
30/11/2012,1416.18
3/12/2012,1409.46
4/12/2012,1407.05
5/12/2012,1409.28
6/12/2012,1413.94
7/12/2012,1418.07
10/12/2012,1418.55
11/12/2012,1427.84
12/12/2012,1428.48
13/12/2012,1419.45
14/12/2012,1413.58
17/12/2012,1430.36
18/12/2012,1446.79
19/12/2012,1435.81
20/12/2012,1443.69
21/12/2012,1430.15
24/12/2012,1426.66
25/12/2012,1426.66
26/12/2012,1419.83
27/12/2012,1418.1
28/12/2012,1402.43
31/12/2012,1426.19
1/01/2013,1426.19
2/01/2013,1462.42
3/01/2013,1459.37
4/01/2013,1466.47
7/01/2013,1461.89
8/01/2013,1457.15
9/01/2013,1461.02
10/01/2013,1472.12
11/01/2013,1472.05
14/01/2013,1470.68
15/01/2013,1472.34
16/01/2013,1472.63
17/01/2013,1480.94
18/01/2013,1485.98
21/01/2013,1485.98
22/01/2013,1492.56
23/01/2013,1494.81
24/01/2013,1494.82
25/01/2013,1502.96
28/01/2013,1500.18
29/01/2013,1507.84
30/01/2013,1501.96
31/01/2013,1498.11
1/02/2013,1513.17
4/02/2013,1495.71
5/02/2013,1511.29
6/02/2013,1512.12
7/02/2013,1509.39
8/02/2013,1517.93
11/02/2013,1517.01
12/02/2013,1519.43
13/02/2013,1520.33
14/02/2013,1521.38
15/02/2013,1519.79
18/02/2013,1519.79
19/02/2013,1530.94
20/02/2013,1511.95
21/02/2013,1502.42
22/02/2013,1515.6
25/02/2013,1487.85
26/02/2013,1496.94
27/02/2013,1515.99
28/02/2013,1514.68
1/03/2013,1518.2
4/03/2013,1525.2
5/03/2013,1539.79
6/03/2013,1541.46
7/03/2013,1544.26
8/03/2013,1551.18
11/03/2013,1556.22
12/03/2013,1552.48
13/03/2013,1554.52
14/03/2013,1563.23
15/03/2013,1560.7
18/03/2013,1552.1
19/03/2013,1548.34
20/03/2013,1558.71
21/03/2013,1545.8
22/03/2013,1556.89
25/03/2013,1551.69
26/03/2013,1563.77
27/03/2013,1562.85
28/03/2013,1569.19
29/03/2013,1569.19
1/04/2013,1562.17
2/04/2013,1570.25
3/04/2013,1553.69
4/04/2013,1559.98
5/04/2013,1553.28
8/04/2013,1563.07
9/04/2013,1568.61
10/04/2013,1587.73
11/04/2013,1593.37
12/04/2013,1588.85
15/04/2013,1552.36
16/04/2013,1574.57
17/04/2013,1552.01
18/04/2013,1541.61
19/04/2013,1555.25
22/04/2013,1562.5
23/04/2013,1578.78
24/04/2013,1578.79
25/04/2013,1585.16
26/04/2013,1582.24
29/04/2013,1593.61
30/04/2013,1597.57
1/05/2013,1582.7
2/05/2013,1597.59
3/05/2013,1614.42
6/05/2013,1617.5
7/05/2013,1625.96
8/05/2013,1632.69
9/05/2013,1626.67
10/05/2013,1633.7
13/05/2013,1633.77
14/05/2013,1650.34
15/05/2013,1658.78
16/05/2013,1650.47
17/05/2013,1667.47
20/05/2013,1666.29
21/05/2013,1669.16
22/05/2013,1655.35
23/05/2013,1650.51
24/05/2013,1649.6
27/05/2013,1649.6
28/05/2013,1660.06
29/05/2013,1648.36
30/05/2013,1654.41
31/05/2013,1630.74
3/06/2013,1640.42
4/06/2013,1631.38
5/06/2013,1608.9
6/06/2013,1622.56
7/06/2013,1643.38
10/06/2013,1642.81
11/06/2013,1626.13
12/06/2013,1612.52
13/06/2013,1636.36
14/06/2013,1626.73
17/06/2013,1639.04
18/06/2013,1651.81
19/06/2013,1628.93
20/06/2013,1588.19
21/06/2013,1592.43
24/06/2013,1573.09
25/06/2013,1588.03
26/06/2013,1603.26
27/06/2013,1613.2
28/06/2013,1606.28
1/07/2013,1614.96
2/07/2013,1614.08
3/07/2013,1615.41
4/07/2013,1615.41
5/07/2013,1631.89
8/07/2013,1640.46
9/07/2013,1652.32
10/07/2013,1652.62
11/07/2013,1675.02
12/07/2013,1680.19
15/07/2013,1682.5
16/07/2013,1676.26
17/07/2013,1680.91
18/07/2013,1689.37
19/07/2013,1692.09
22/07/2013,1695.53
23/07/2013,1692.39
24/07/2013,1685.94
25/07/2013,1690.25
26/07/2013,1691.65
29/07/2013,1685.33
30/07/2013,1685.96
31/07/2013,1685.73
1/08/2013,1706.87
2/08/2013,1709.67
